time,country,pm_total
2020,CHN,31.074052054243534
2020,IND,44.900042199599824
2020,USA,6.416376345551165
2020,IDN,31.21275
2020,PAK,47.22970107311989
2020,BRA,5.9510220551378445
2020,NGA,58.503837006848386
2020,BGD,53.590587259628286
2020,RUS,7.999179066466338
2020,JPN,7.2838250785122405
2020,MEX,18.445852840986507
2020,PHL,9.283
2020,ETH,20.737519767010447
2020,EGY,16.285261924788134
2020,VNM,20.052664750110573
2020,DEU,7.073378465394246
2020,IRN,24.552792319851
2020,TUR,17.073531272232234
2020,COD,10.509856945273885
2020,THA,10.646890760555236
2020,GBR,5.745990692985531
2020,FRA,6.8771269410464395
2020,ITA,10.113095941542342
2020,ZAF,14.311883241758242
2020,TZA,9.366800449134853
2020,MMR,8.0027881603352
2020,KOR,21.309645578720335
2020,COL,9.7599699949199
2020,KEN,11.52569562056949
2020,ESP,7.081620011391308
2020,UKR,7.528855478263125
2020,ARG,3.966038289689741
2020,DZA,9.433000000000002
2020,POL,14.082833309162353
2020,SDN,20.737519767010447
2020,IRQ,11.959083464976503
2020,UGA,20.737519767010447
2020,CAN,7.072000000000001
2020,MAR,9.433000000000002
2020,AFG,42.767884614822144
2020,SAU,18.087477307043475
2020,MYS,23.32133536585366
2020,UZB,10.704292233757869
2020,PER,6.079333743842364
2020,VEN,17.956942226461372
2020,GHA,11.442856945273885
2020,YEM,8.701083464976502
2020,AGO,23.66462188152164
2020,NPL,20.273523750597462
2020,MOZ,10.86862188152164
2020,PRK,10.671111111111108
2020,MDG,20.562519767010446
2020,AUS,12.764
2020,CIV,10.509856945273885
2020,TWN,8.469999999999999
2020,CMR,10.509856945273885
2020,LKA,9.620999999999999
2020,NER,11.442856945273885
2020,ROU,9.94946451345359
2020,SYR,11.026083464976502
2020,BFA,21.176856945273883
2020,MLI,6.267856945273884
2020,CHL,4.995580838323353
2020,KAZ,5.4829412335601715
2020,NLD,9.013603670744434
2020,MWI,9.936621881521642
2020,ZMB,7.734621881521642
2020,ECU,7.342958083832335
2020,GTM,5.868950824095819
2020,KHM,9.902342105263156
2020,SEN,10.684856945273884
2020,ZWE,10.86862188152164
2020,TCD,10.509856945273885
2020,SOM,22.639519767010448
2020,RWA,16.970519767010444
2020,GIN,6.9178569452738845
2020,TUN,2.33
2020,CUB,7.301235294117647
2020,BEL,12.067169876522534
2020,SSD,7.43
2020,BOL,3.798495560602932
2020,BEN,10.259856945273885
2020,GRC,5.441180787556895
2020,BDI,17.488519767010445
2020,HTI,3.578235294117647
2020,CZE,6.0061845234321956
2020,DOM,5.6912352941176465
2020,PRT,5.071005268703898
2020,AZE,9.664020251211927
2020,SWE,9.70721980899813
2020,HUN,11.60535539827842
2020,BLR,8.355772582866535
2020,JOR,7.9730834649765026
2020,HND,14.33195082409582
2020,ARE,16.760083464976503
2020,PNG,7.255
2020,AUT,10.252429440661944
2020,TJK,7.540246599723391
2020,CHE,4.826715806298598
2020,ISR,18.161608651593138
2020,SRB,9.449709544859363
2020,TGO,9.752856945273884
2020,HKG,9.332
2020,SLE,6.218856945273885
2020,BGR,3.7216982428405343
2020,LAO,5.907684873949581
2020,LBN,5.279083464976502
2020,NIC,4.238950824095818
2020,SLV,2.419950824095819
2020,LBY,7.356
2020,PRY,7.4910000000000005
2020,KGZ,8.08152276107832
2020,TKM,2.4144817810669394
2020,DNK,11.516500510548521
2020,SGP,8.744499999999995
2020,FIN,9.677868947070744
2020,SVK,10.948267501803796
2020,NOR,9.123243516163077
2020,COG,9.752856945273884
2020,CRI,8.193950824095818
2020,CAF,11.442856945273885
2020,IRL,5.935466736559983
2020,LBR,21.892856945273884
2020,NZL,3.663
2020,PSE,6.444083464976503
2020,HRV,10.329995892110489
2020,OMN,9.771083464976503
2020,PAN,9.253950824095819
2020,MRT,6.049856945273884
2020,KWT,13.068083464976503
2020,GEO,9.752600133065108
2020,BIH,5.748333950978418
2020,PRI,8.234235294117648
2020,URY,5.376999999999999
2020,ERI,18.237519767010447
2020,MDA,11.234053083608565
2020,MNG,5.203939320388349
2020,LTU,15.100361215865803
2020,ALB,7.433606716351342
2020,ARM,11.133318341131295
2020,JAM,4.995235294117647
2020,QAT,11.026083464976502
2020,BWA,28.413621881521642
2020,NAM,7.101621881521641
2020,GMB,11.442856945273885
2020,LSO,10.693621881521642
2020,MKD,3.787460744235686
2020,SVN,10.71443145615524
2020,GAB,4.0428569452738845
2020,LVA,9.422390628867486
2020,GNB,10.684856945273884
2020,XKX,5.509461302151724
2020,TTO,4.024235294117648
2020,BHR,11.201083464976502
2020,GNQ,15.634856945273885
2020,EST,8.209774867875847
2020,MUS,14.656519767010446
2020,TLS,7.255
2020,CYP,12.395115158360664
2020,SWZ,4.923621881521641
2020,DJI,16.020519767010445
2020,FJI,3.663
2020,GUY,6.544235294117647
2020,BTN,7.545584392014539
2020,COM,21.258519767010455
2020,MNE,9.03648348759971
2020,MAC,7.951000000000009
2020,SLB,7.951000000000009
2020,SUR,7.997235294117656
2020,LUX,13.185525228497026
2020,CPV,11.205856945273894
2020,ESH,8.05200000000001
2020,MLT,9.214921608681248
2020,MDV,7.951000000000009
2020,BRN,9.698000000000008
2020,BHS,7.997235294117656
2020,BLZ,8.889950824095829
2020,ISL,7.95700000000001
2020,SIS-Oceania,7.951000000000009
2020,SIS-NAmer,7.951000000000009
2020,SIS-Gondwana,7.951000000000009
2020,SIS-Europe,7.951000000000009
2020,EUR-Micro,7.951000000000009
2030,CHN,11.563117997513615
2030,IND,12.43356056715064
2030,USA,2.448886413749416
2030,IDN,10.083673120405752
2030,PAK,10.036974500490988
2030,BRA,1.853769321276326
2030,NGA,9.371744532473517
2030,BGD,14.256825638729062
2030,RUS,2.8028949409016284
2030,JPN,2.887356110688543
2030,MEX,5.109123821342111
2030,PHL,2.2439336971703088
2030,ETH,3.538622706744251
2030,EGY,5.014972780320873
2030,VNM,6.02916275219226
2030,DEU,2.484606779679346
2030,IRN,7.410393535578527
2030,TUR,4.017582734210296
2030,COD,2.069721846855871
2030,THA,2.63184989837579
2030,GBR,2.267435304311201
2030,FRA,2.91436846474853
2030,ITA,3.8609792489849366
2030,ZAF,2.920817668628368
2030,TZA,1.6427777652113442
2030,MMR,2.021179288401341
2030,KOR,8.68564843735399
2030,COL,2.9797682578507265
2030,KEN,2.5320808117042564
2030,ESP,2.3030542328710912
2030,UKR,1.8427317155165421
2030,ARG,1.2841215111197182
2030,DZA,2.518398501381596
2030,POL,3.667010538465873
2030,SDN,3.535075854929611
2030,IRQ,2.499648702880873
2030,UGA,3.5390230121412873
2030,CAN,2.4453062388722806
2030,MAR,2.5285833221938647
2030,AFG,7.966525832787809
2030,SAU,2.9693574314803484
2030,MYS,7.572666832821693
2030,UZB,3.2396897205984034
2030,PER,2.242752345283497
2030,VEN,4.766565226390155
2030,GHA,2.2727489511675043
2030,YEM,1.5043170657649239
2030,AGO,5.535783673734414
2030,NPL,4.7426721026708
2030,MOZ,1.579529558146576
2030,PRK,4.080392618831023
2030,MDG,4.106513407718666
2030,AUS,5.000038177482753
2030,CIV,2.0202129953325554
2030,TWN,1.8169771212109935
2030,CMR,2.0243783884558377
2030,LKA,4.8905953261450605
2030,NER,2.304638438995702
2030,ROU,2.075907856956372
2030,SYR,2.257393824467346
2030,BFA,7.747871978294679
2030,MLI,2.1076178643803303
2030,CHL,0.701023153817577
2030,KAZ,0.8217683155707622
2030,NLD,3.14778955744585
2030,MWI,2.225176485823936
2030,ZMB,1.6226004780687517
2030,ECU,1.4678534320838108
2030,GTM,0.9677604974101841
2030,KHM,2.2465025451630662
2030,SEN,1.4593670669455425
2030,ZWE,1.5890071878871093
2030,TCD,2.0225797465936415
2030,SOM,5.222275979382471
2030,RWA,3.577079979993507
2030,GIN,2.134380000788028
2030,TUN,0.8271938221323105
2030,CUB,1.4447452025532266
2030,BEL,4.226197666411991
2030,SSD,0.8775113737069933
2030,BOL,0.9633516901087172
2030,BEN,3.362530599643881
2030,GRC,1.3257327265249732
2030,BDI,4.658890866869781
2030,HTI,1.885513660498387
2030,CZE,2.014112850377839
2030,DOM,3.103148003371965
2030,PRT,1.4819208328165652
2030,AZE,2.1098527407689542
2030,SWE,2.2428056103196106
2030,HUN,2.630438453175734
2030,BLR,2.27609472933226
2030,JOR,2.9017972541944212
2030,HND,4.232455559999185
2030,ARE,3.945051518352513
2030,PNG,1.4444217276381977
2030,AUT,2.3030477669586507
2030,TJK,2.17215394295027
2030,CHE,1.590246310168298
2030,ISR,3.4641481486824532
2030,SRB,2.243420045198161
2030,TGO,2.0910537947002528
2030,HKG,2.516469651954944
2030,SLE,1.4401323515218731
2030,BGR,1.2633284940671183
2030,LAO,1.7349994321145852
2030,LBN,1.4531843602690335
2030,NIC,1.606298860134267
2030,SLV,0.8798635087007438
2030,LBY,1.4325313259775754
2030,PRY,1.8511101933463596
2030,KGZ,1.624641719944033
2030,TKM,0.7806257848326207
2030,DNK,2.61165569382469
2030,SGP,2.7348958252601636
2030,FIN,2.0375020539768354
2030,SVK,2.8453268046533857
2030,NOR,1.9326746811274507
2030,COG,2.0897793722732843
2030,CRI,1.7184647103358002
2030,CAF,2.299026925255034
2030,IRL,2.788383778550651
2030,LBR,4.136040907272363
2030,NZL,0.9064102545060962
2030,PSE,1.6761850579711481
2030,HRV,1.6623337074477111
2030,OMN,2.5667212768331082
2030,PAN,7.077121969404847
2030,MRT,1.5382065152780928
2030,KWT,3.6437187820928547
2030,GEO,4.071491027547401
2030,BIH,1.4569260993390478
2030,PRI,1.7284521153165855
2030,URY,0.8393756909854164
2030,ERI,3.3802417705548153
2030,MDA,2.3025614909185714
2030,MNG,0.7585339366870723
2030,LTU,4.281824605743564
2030,ALB,2.8925006893108662
2030,ARM,2.201237714966294
2030,JAM,1.556045117262048
2030,QAT,2.22572187754269
2030,BWA,6.59757292910271
2030,NAM,1.6124731832437884
2030,GMB,2.284580549981035
2030,LSO,2.1361733804223593
2030,MKD,1.0109852592198771
2030,SVN,1.9041682012627574
2030,GAB,0.8522598383156978
2030,LVA,1.7264147347798624
2030,GNB,1.4647767021038294
2030,XKX,1.4501209322449617
2030,TTO,1.4058213856985482
2030,BHR,1.683606384410992
2030,GNQ,3.47651754720471
2030,EST,1.9013857470075917
2030,MUS,3.365071446349601
2030,TLS,1.4541922474860636
2030,CYP,3.067912023241779
2030,SWZ,1.1379902391824666
2030,DJI,3.8476339677907685
2030,FJI,0.9133424620018313
2030,GUY,1.5160079347650937
2030,BTN,3.215224548052915
2030,COM,4.757293874235045
2030,MNE,2.4306597854517453
2030,MAC,2.0942107723422994
2030,SLB,2.0942107723422994
2030,SUR,2.1087801035341536
2030,LUX,4.04471513612707
2030,CPV,2.6814958087334695
2030,ESH,2.1079469280576
2030,MLT,2.5520766383202615
2030,MDV,2.0942107723422994
2030,BRN,2.6304415792243185
2030,BHS,2.1087801035341536
2030,BLZ,2.3839054108482096
2030,ISL,2.09637769602119
2030,SIS-Oceania,2.0942107723422994
2030,SIS-NAmer,2.0942107723422994
2030,SIS-Gondwana,2.0942107723422994
2030,SIS-Europe,2.0942107723422994
2030,EUR-Micro,2.0942107723422994
2040,CHN,7.894637178901246
2040,IND,8.314798028535469
2040,USA,1.7360648266634935
2040,IDN,6.610686234553787
2040,PAK,6.69142442898768
2040,BRA,1.4902314807009414
2040,NGA,6.570771455520514
2040,BGD,10.241651250755208
2040,RUS,1.8390230812464838
2040,JPN,2.1973261963319968
2040,MEX,3.458709254951397
2040,PHL,1.5785762191570898
2040,ETH,2.474542908424215
2040,EGY,3.213025236438347
2040,VNM,3.894837545760563
2040,DEU,1.8603335164951749
2040,IRN,4.588865968834659
2040,TUR,2.624339623013981
2040,COD,1.3992078911639572
2040,THA,1.9486744500869009
2040,GBR,1.735125298369978
2040,FRA,2.29898954792271
2040,ITA,2.5224104830573495
2040,ZAF,1.8410807817980137
2040,TZA,1.1962088205062074
2040,MMR,1.4527797514802687
2040,KOR,7.040974962792651
2040,COL,2.0939769749824584
2040,KEN,1.9758754892765267
2040,ESP,1.7542244284993498
2040,UKR,1.2708939492543987
2040,ARG,0.9960914602992677
2040,DZA,1.1724760129745848
2040,POL,1.680439517905511
2040,SDN,2.4666875171071294
2040,IRQ,2.007470131999326
2040,UGA,2.4731276614533915
2040,CAN,1.8412092379181366
2040,MAR,1.1807508436434444
2040,AFG,6.279881723384074
2040,SAU,1.9481593713613972
2040,MYS,4.912369385763975
2040,UZB,2.5632428245672285
2040,PER,1.3768860213742447
2040,VEN,3.280766574387944
2040,GHA,1.8125987155546923
2040,YEM,1.1430871870122794
2040,AGO,4.568559866399898
2040,NPL,3.4494603005187043
2040,MOZ,1.1085606373338712
2040,PRK,2.845493547906697
2040,MDG,2.834133220569891
2040,AUS,4.306024096818451
2040,CIV,1.3564664716686314
2040,TWN,1.3309208827017558
2040,CMR,1.3597663125543888
2040,LKA,1.8239649645180798
2040,NER,1.8561038899220583
2040,ROU,1.39234956015716
2040,SYR,1.5637416188521827
2040,BFA,4.887776079140395
2040,MLI,1.5709676747269834
2040,CHL,0.5432680407251194
2040,KAZ,0.6323011954982718
2040,NLD,2.233797384452957
2040,MWI,1.4876496427374732
2040,ZMB,1.161011118588101
2040,ECU,0.9742392503866822
2040,GTM,0.7330612346918746
2040,KHM,1.4726244268418267
2040,SEN,0.9978830251772521
2040,ZWE,1.1108673725476514
2040,TCD,1.3608077565476342
2040,SOM,3.0714453522853464
2040,RWA,2.460238322410249
2040,GIN,1.4745128738446291
2040,TUN,0.6955314956129913
2040,CUB,0.9593316726197599
2040,BEL,3.2029036630229784
2040,SSD,0.6094172315991162
2040,BOL,0.6251751088539234
2040,BEN,1.9281714844954072
2040,GRC,0.8826649931839179
2040,BDI,3.15341260112685
2040,HTI,1.3288706190822195
2040,CZE,1.4806601318124275
2040,DOM,1.6952981333889934
2040,PRT,1.0133442917938031
2040,AZE,1.7836261914493836
2040,SWE,1.4965358570654281
2040,HUN,1.9829054330227962
2040,BLR,1.538254514518953
2040,JOR,2.1239684469846734
2040,HND,2.9510651323118045
2040,ARE,1.7965689991297054
2040,PNG,0.962012451331159
2040,AUT,1.5625564855538414
2040,TJK,0.7888669453883034
2040,CHE,1.2071890531090534
2040,ISR,2.5475561831171154
2040,SRB,1.4619854557767142
2040,TGO,1.3716349286207021
2040,HKG,1.1604130079456532
2040,SLE,1.0439901066646027
2040,BGR,0.923368425117089
2040,LAO,1.2345601395745947
2040,LBN,1.0826017069304439
2040,NIC,1.0904774113115332
2040,SLV,0.5487342640338911
2040,LBY,0.9513561244716534
2040,PRY,1.210260683527697
2040,KGZ,1.0846645916627595
2040,TKM,0.5870722086039812
2040,DNK,1.8081646605534987
2040,SGP,1.7839980665651893
2040,FIN,1.6519170288074057
2040,SVK,1.3367542515607038
2040,NOR,1.5898183977141958
2040,COG,1.359297169841832
2040,CRI,1.1499660161697127
2040,CAF,1.8591575229634896
2040,IRL,2.21081155911136
2040,LBR,1.651651927828009
2040,NZL,0.5840576578657919
2040,PSE,1.1278311959167224
2040,HRV,1.1412984891926787
2040,OMN,1.1825132240822938
2040,PAN,1.4309592061855883
2040,MRT,0.8682837770121345
2040,KWT,1.9553863545761958
2040,GEO,3.5534959615315254
2040,BIH,0.9554135521157733
2040,PRI,1.4436386886726953
2040,URY,0.6410358387549617
2040,ERI,2.443997805230639
2040,MDA,1.5443846012753362
2040,MNG,0.5893480955358018
2040,LTU,2.026935188950962
2040,ALB,1.7366953694656806
2040,ARM,1.5748924620285196
2040,JAM,0.7433656502513319
2040,QAT,1.524734395664684
2040,BWA,2.0126019543239675
2040,NAM,1.081267254808457
2040,GMB,1.83456440587415
2040,LSO,1.4579361558665578
2040,MKD,0.7306294930320338
2040,SVN,1.3283828787664138
2040,GAB,0.5739238915543422
2040,LVA,1.2118323313692363
2040,GNB,1.0068259506984378
2040,XKX,0.9503579971963472
2040,TTO,1.0748562131154735
2040,BHR,1.1921460574063885
2040,GNQ,1.2885493543195345
2040,EST,1.3057866219127638
2040,MUS,2.290159422347073
2040,TLS,0.9687336850435855
2040,CYP,1.5756807031611801
2040,SWZ,0.9016052857817642
2040,DJI,2.3555603608679316
2040,FJI,0.5867767375794931
2040,GUY,0.9681925129133665
2040,BTN,2.8351710338511324
2040,COM,3.231967734090169
2040,MNE,1.5896447870079937
2040,MAC,1.3682004163404216
2040,SLB,1.3682004163404216
2040,SUR,1.3781676942477434
2040,LUX,2.866554237323074
2040,CPV,1.7636625538538309
2040,ESH,1.3790900202554883
2040,MLT,1.7058893074755939
2040,MDV,1.3682004163404216
2040,BRN,1.7473161426007748
2040,BHS,1.3781676942477434
2040,BLZ,1.5697494015122946
2040,ISL,1.3698867125272547
2040,SIS-Oceania,1.3682004163404216
2040,SIS-NAmer,1.3682004163404216
2040,SIS-Gondwana,1.3682004163404216
2040,SIS-Europe,1.3682004163404216
2040,EUR-Micro,1.3682004163404216
2050,CHN,7.31735380471067
2050,IND,7.5188940679123775
2050,USA,1.6159273897654043
2050,IDN,6.319137905150532
2050,PAK,6.296393793435794
2050,BRA,1.3934725607287026
2050,NGA,6.325767554633184
2050,BGD,10.097172435870968
2050,RUS,1.6659716320071047
2050,JPN,2.105043862371257
2050,MEX,3.207941351514516
2050,PHL,1.6413625655255177
2050,ETH,2.512519283971892
2050,EGY,2.960364596103151
2050,VNM,3.9645116988342473
2050,DEU,1.7316362563144563
2050,IRN,4.035175563137861
2050,TUR,2.549271221717215
2050,COD,1.6411181000049526
2050,THA,1.9928756455258843
2050,GBR,1.6466306793887637
2050,FRA,2.263521507926269
2050,ITA,2.2245644336916963
2050,ZAF,2.0098596743459956
2050,TZA,1.4865175926621266
2050,MMR,1.500180779414309
2050,KOR,6.712300051883778
2050,COL,1.9537580206682934
2050,KEN,2.4272167210613893
2050,ESP,1.5981622700462808
2050,UKR,1.1761702444172948
2050,ARG,0.9905980688305386
2050,DZA,1.0486370565034402
2050,POL,1.498703165826666
2050,SDN,2.497360262717226
2050,IRQ,1.9957682335615008
2050,UGA,2.509620965470381
2050,CAN,1.8167183316648972
2050,MAR,1.06139016221453
2050,AFG,7.076642385069961
2050,SAU,1.7914943139743529
2050,MYS,4.0723379814477125
2050,UZB,2.6975987449527317
2050,PER,1.0772238876890918
2050,VEN,3.1643771603595
2050,GHA,1.8574296745674999
2050,YEM,1.2859331959133964
2050,AGO,4.534564731592835
2050,NPL,3.4080827104348024
2050,MOZ,1.2472385935694097
2050,PRK,2.6709040550853276
2050,MDG,2.949799530752298
2050,AUS,4.667783227990504
2050,CIV,1.5872696681310166
2050,TWN,1.2998043020996646
2050,CMR,1.5929499388810222
2050,LKA,0.9586783492163551
2050,NER,1.9148885761121823
2050,ROU,1.5582572178259952
2050,SYR,1.7509253289394786
2050,BFA,5.015083854194471
2050,MLI,1.4802859829249
2050,CHL,0.7147464323286258
2050,KAZ,0.8045650788063406
2050,NLD,2.057134403044755
2050,MWI,1.3334671664835687
2050,ZMB,1.2288585466590858
2050,ECU,1.1767744782632645
2050,GTM,0.8844083239811115
2050,KHM,1.6657491771603792
2050,SEN,1.1595580820224987
2050,ZWE,1.2371895788050244
2050,TCD,1.6031444748367143
2050,SOM,2.8427660739539973
2050,RWA,2.290652477056604
2050,GIN,1.4447830967722455
2050,TUN,0.7104497275262094
2050,CUB,1.1667573993005558
2050,BEL,3.0710881427154346
2050,SSD,0.764825951585923
2050,BOL,0.55989431706577
2050,BEN,1.2222125989924548
2050,GRC,0.7929835941548158
2050,BDI,2.645711635554055
2050,HTI,1.1142153666696342
2050,CZE,1.4245974775270258
2050,DOM,1.0566335840167742
2050,PRT,0.8007793804942209
2050,AZE,1.8351263490172534
2050,SWE,1.3161963070482776
2050,HUN,1.9367329369174864
2050,BLR,1.3902550744693112
2050,JOR,2.003951287705906
2050,HND,3.122606467190036
2050,ARE,1.7292110122313515
2050,PNG,1.1770878555733602
2050,AUT,1.7171881214361755
2050,TJK,0.6640944967010876
2050,CHE,1.1594890707177443
2050,ISR,2.544667583034082
2050,SRB,1.2765202782993168
2050,TGO,1.2521463573389915
2050,HKG,1.0271864417344518
2050,SLE,0.9894286210671055
2050,BGR,0.833796147850919
2050,LAO,1.33468357609887
2050,LBN,0.9581112916289342
2050,NIC,0.7215688227164953
2050,SLV,0.4457799882109244
2050,LBY,1.1631832941543598
2050,PRY,1.0378178993404805
2050,KGZ,1.3137739538081707
2050,TKM,0.5636411248975656
2050,DNK,1.9477365646928373
2050,SGP,1.692990523349444
2050,FIN,1.6436214131227365
2050,SVK,1.0801068896511987
2050,NOR,1.5841355431578648
2050,COG,1.2304364576156712
2050,CRI,1.328697050968223
2050,CAF,1.9282606848948411
2050,IRL,2.5073526287778227
2050,LBR,1.5824675806136763
2050,NZL,0.5195552073248054
2050,PSE,0.9418369002902237
2050,HRV,1.2409628212653796
2050,OMN,0.9951285434805626
2050,PAN,1.5122894232322803
2050,MRT,0.7946056384948573
2050,KWT,1.766558107904869
2050,GEO,3.740727322735804
2050,BIH,0.8649637432364541
2050,PRI,1.4840036736818822
2050,URY,0.8030751854570295
2050,ERI,2.549473745969749
2050,MDA,1.709302470107006
2050,MNG,0.7613429602034321
2050,LTU,1.9507535411619297
2050,ALB,1.239587962791581
2050,ARM,1.7801707546914785
2050,JAM,0.6071617192923302
2050,QAT,1.6801870410192081
2050,BWA,1.86080658969073
2050,NAM,0.9985768426091362
2050,GMB,1.8862220272352792
2050,LSO,1.6669151684244097
2050,MKD,0.6322057183643648
2050,SVN,1.4129620930558855
2050,GAB,0.5937835307645047
2050,LVA,1.3147711571539915
2050,GNB,1.1744148569661454
2050,XKX,0.8419320271555935
2050,TTO,0.7605344918518104
2050,BHR,1.2915586990464707
2050,GNQ,1.1680079380133956
2050,EST,1.1968930880653348
2050,MUS,2.125670870993772
2050,TLS,1.183733097869075
2050,CYP,1.4232748314083403
2050,SWZ,0.9147490233264921
2050,DJI,2.0843998413811313
2050,FJI,0.5226446843765576
2050,GUY,0.8231763685717068
2050,BTN,2.849343657240232
2050,COM,3.1047364048425825
2050,MNE,1.545442118464945
2050,MAC,1.3572275122681694
2050,SLB,1.3572275122681694
2050,SUR,1.366749406130145
2050,LUX,2.7616422992895266
2050,CPV,1.7628198159371826
2050,ESH,1.369323093598086
2050,MLT,1.6727841668996308
2050,MDV,1.3572275122681694
2050,BRN,1.7139977336559
2050,BHS,1.366749406130145
2050,BLZ,1.5322552816440353
2050,ISL,1.3587537368033171
2050,SIS-Oceania,1.3572275122681694
2050,SIS-NAmer,1.3572275122681694
2050,SIS-Gondwana,1.3572275122681694
2050,SIS-Europe,1.3572275122681694
2050,EUR-Micro,1.3572275122681694
2075,CHN,8.387665355160957
2075,IND,7.936885130313817
2075,USA,1.8112302017675026
2075,IDN,6.6198381851693195
2075,PAK,6.978282703164848
2075,BRA,1.5317618822432408
2075,NGA,7.1991159633770625
2075,BGD,10.852325076683481
2075,RUS,1.9284696463627173
2075,JPN,2.484627135011511
2075,MEX,3.6465571543732125
2075,PHL,1.766476733096503
2075,ETH,2.7605184925977806
2075,EGY,3.3687433535130644
2075,VNM,4.185685168084811
2075,DEU,1.991470997852361
2075,IRN,4.576675344302264
2075,TUR,2.5663635658671886
2075,COD,1.6978506623882899
2075,THA,2.0758074389576975
2075,GBR,1.8434777515711638
2075,FRA,2.6632182740646924
2075,ITA,2.707773410904931
2075,ZAF,2.480944807701407
2075,TZA,1.5821297381924935
2075,MMR,1.6785623994588024
2075,KOR,7.255642647237513
2075,COL,2.2117302335411764
2075,KEN,2.4151912342691975
2075,ESP,1.800970200632763
2075,UKR,1.3416437228249718
2075,ARG,1.0992241050601652
2075,DZA,1.1953861338167522
2075,POL,1.6896095275307215
2075,SDN,2.7475696819703415
2075,IRQ,2.2508045746675345
2075,UGA,2.7586166385423647
2075,CAN,1.9310181920847276
2075,MAR,1.2619963481389669
2075,AFG,10.169575213691655
2075,SAU,2.0712452118915503
2075,MYS,4.484675983823221
2075,UZB,3.089735992406789
2075,PER,1.1972715871817312
2075,VEN,3.325321203991596
2075,GHA,2.1782349930327136
2075,YEM,1.3492699241780186
2075,AGO,5.3671510083778475
2075,NPL,3.4645796904719313
2075,MOZ,1.4108292660993347
2075,PRK,2.9877982113940185
2075,MDG,3.240292388380973
2075,AUS,4.922631442606952
2075,CIV,1.6617227414263085
2075,TWN,1.4281717472869229
2075,CMR,1.6721495598244953
2075,LKA,1.0234297838157946
2075,NER,2.1159931549239284
2075,ROU,1.5124653716740966
2075,SYR,1.9977170524652375
2075,BFA,6.0777070086252785
2075,MLI,1.7979972962175226
2075,CHL,0.736079683826414
2075,KAZ,0.8209740282930023
2075,NLD,2.2368431509992854
2075,MWI,1.5304659218383998
2075,ZMB,1.3768082360699547
2075,ECU,1.2285733887176626
2075,GTM,0.9419150461060262
2075,KHM,1.6501808991379792
2075,SEN,1.316131953456632
2075,ZWE,1.3193134807674194
2075,TCD,1.7213626672734361
2075,SOM,3.232086158197367
2075,RWA,2.5871516545017417
2075,GIN,1.6748433934285822
2075,TUN,0.8903696343786096
2075,CUB,1.2012411382145658
2075,BEL,3.390089382283228
2075,SSD,0.8553257266808533
2075,BOL,0.6271371031289397
2075,BEN,1.4916294485981831
2075,GRC,0.8464495686203051
2075,BDI,3.0661044682103267
2075,HTI,1.1394631759109644
2075,CZE,1.5349349311992841
2075,DOM,1.2188299569858243
2075,PRT,0.8968392720759601
2075,AZE,1.9933764414618569
2075,SWE,1.4114882987962618
2075,HUN,1.9912683035727703
2075,BLR,1.6028677073495086
2075,JOR,2.5649385903480173
2075,HND,4.260885178904486
2075,ARE,2.187022450160078
2075,PNG,1.2474010089417789
2075,AUT,1.7324903801282732
2075,TJK,0.7680914158394289
2075,CHE,1.2350089268460938
2075,ISR,2.926604723862493
2075,SRB,1.3943003865148027
2075,TGO,1.518583903087988
2075,HKG,1.102208771041039
2075,SLE,1.1396302581429132
2075,BGR,0.8582781292369062
2075,LAO,1.4206141200620195
2075,LBN,1.1174457975492267
2075,NIC,0.8426269061253773
2075,SLV,0.48643403436567445
2075,LBY,1.2647128215967696
2075,PRY,1.224520543488893
2075,KGZ,1.3865221858755037
2075,TKM,0.6491616236648723
2075,DNK,1.9881564859891943
2075,SGP,1.78475244057495
2075,FIN,1.6996873787224633
2075,SVK,1.1408879752863226
2075,NOR,1.5930400088181227
2075,COG,1.4124722857135066
2075,CRI,1.3898718154546574
2075,CAF,2.1918633681459343
2075,IRL,2.6504268980750667
2075,LBR,1.9433045624411696
2075,NZL,0.5812975388018722
2075,PSE,1.0502114308987505
2075,HRV,1.3235389475520027
2075,OMN,1.1531869285408338
2075,PAN,1.9187398657331587
2075,MRT,0.9140243299854351
2075,KWT,1.9779245342695977
2075,GEO,4.1050436452550665
2075,BIH,0.9433414068940063
2075,PRI,1.654591520516808
2075,URY,0.8261196210965103
2075,ERI,2.8759389012486936
2075,MDA,1.8007729839732465
2075,MNG,0.7857338529185421
2075,LTU,2.181691626452549
2075,ALB,1.4661181284128197
2075,ARM,1.8595472536649578
2075,JAM,0.6888320442559128
2075,QAT,1.792930497776964
2075,BWA,2.2726704844286116
2075,NAM,1.1055996322968191
2075,GMB,2.0859039199654115
2075,LSO,1.9242181954497055
2075,MKD,0.75029907943141
2075,SVN,1.4522015800409616
2075,GAB,0.6739122414657472
2075,LVA,1.330482245026556
2075,GNB,1.2682580952269809
2075,XKX,0.9273773409348123
2075,TTO,0.8457808011848651
2075,BHR,1.4235222150436564
2075,GNQ,1.4563578764000278
2075,EST,1.210010559717876
2075,MUS,2.4029232239170346
2075,TLS,1.2812722942697956
2075,CYP,1.4643218187945735
2075,SWZ,1.1298348758579304
2075,DJI,2.37239947103221
2075,FJI,0.5671585224280195
2075,GUY,0.9524148687850691
2075,BTN,2.9900348160820904
2075,COM,3.482296543931856
2075,MNE,1.7194316931892424
2075,MAC,1.5136619493468146
2075,SLB,1.5136619493468146
2075,SUR,1.523822492047153
2075,LUX,3.066002019353091
2075,CPV,1.9643386056527152
2075,ESH,1.5275505599564385
2075,MLT,1.868005704718299
2075,MDV,1.5136619493468146
2075,BRN,1.8896090706588817
2075,BHS,1.523822492047153
2075,BLZ,1.7006633501212993
2075,ISL,1.51531005873525
2075,SIS-Oceania,1.5136619493468146
2075,SIS-NAmer,1.5136619493468146
2075,SIS-Gondwana,1.5136619493468146
2075,SIS-Europe,1.5136619493468146
2075,EUR-Micro,1.5136619493468146
2100,CHN,9.024059528640027
2100,IND,7.410091967096949
2100,USA,1.8468657602787937
2100,IDN,6.080172294955888
2100,PAK,7.045539982195376
2100,BRA,1.4628945817784198
2100,NGA,7.7820780895314865
2100,BGD,10.192852092982783
2100,RUS,2.18379133763066
2100,JPN,2.685286722959268
2100,MEX,3.509363850640921
2100,PHL,1.6511997902195341
2100,ETH,2.778186178619152
2100,EGY,3.7131008887131842
2100,VNM,4.053157347500207
2100,DEU,2.066167538991863
2100,IRN,4.86395359456057
2100,TUR,2.273295273377432
2100,COD,1.5739905197787787
2100,THA,1.9642825389290737
2100,GBR,1.835165434846917
2100,FRA,2.8477150841493297
2100,ITA,2.953303461995442
2100,ZAF,2.941669775492567
2100,TZA,1.498891118268889
2100,MMR,1.7317778654249318
2100,KOR,7.086573090777323
2100,COL,2.128025457383249
2100,KEN,2.1667498198511894
2100,ESP,1.7951777018301605
2100,UKR,1.5064616817624112
2100,ARG,1.0479568560664954
2100,DZA,1.2915666508903134
2100,POL,1.7295648394373568
2100,SDN,2.7987553844926385
2100,IRQ,2.4046739310247895
2100,UGA,2.789012962119638
2100,CAN,1.8090107134617106
2100,MAR,1.4845559744654842
2100,AFG,12.666334385359177
2100,SAU,2.310824342023308
2100,MYS,4.530543424790779
2100,UZB,3.4194556397939895
2100,PER,1.1275771136665016
2100,VEN,2.983450540997397
2100,GHA,2.5307598155896738
2100,YEM,1.314872853653158
2100,AGO,6.211484522121196
2100,NPL,3.16822452383343
2100,MOZ,1.4932053731520294
2100,PRK,3.1493047253336552
2100,MDG,3.2678256124972855
2100,AUS,4.615687979603613
2100,CIV,1.5865239596207126
2100,TWN,1.5081583299900283
2100,CMR,1.595245122566733
2100,LKA,0.9595453303951599
2100,NER,2.1033165955724136
2100,ROU,1.3220333358267542
2100,SYR,2.250680272839011
2100,BFA,6.561036691327644
2100,MLI,1.9784781133947122
2100,CHL,0.6327571672755081
2100,KAZ,0.8256787049287849
2100,NLD,2.1964435722695104
2100,MWI,1.5873390120427682
2100,ZMB,1.4573817837369303
2100,ECU,1.0674639631404585
2100,GTM,0.8676130784988625
2100,KHM,1.4852284493066876
2100,SEN,1.4658601591248128
2100,ZWE,1.2953455171774773
2100,TCD,1.68303119941833
2100,SOM,3.413680950274185
2100,RWA,2.6917298347838585
2100,GIN,1.753322214054137
2100,TUN,1.0910110061826852
2100,CUB,1.018374338757846
2100,BEL,3.339099786504237
2100,SSD,0.9110373021982351
2100,BOL,0.5894124970428916
2100,BEN,1.6781290242232698
2100,GRC,0.8273787539899351
2100,BDI,3.2497877683111644
2100,HTI,0.9334810815434703
2100,CZE,1.4919855772096215
2100,DOM,1.116346342227211
2100,PRT,0.8906650088800602
2100,AZE,2.0842645023172235
2100,SWE,1.3482886596036894
2100,HUN,1.8157710140603327
2100,BLR,1.8036333973183059
2100,JOR,3.1719941384859176
2100,HND,5.019436579895582
2100,ARE,2.6837621421577897
2100,PNG,1.205145428493984
2100,AUT,1.5592143327200265
2100,TJK,0.8330687755790334
2100,CHE,1.1949217973576525
2100,ISR,3.2498411084732877
2100,SRB,1.4853105574729917
2100,TGO,1.7815126401296462
2100,HKG,1.0876610703550433
2100,SLE,1.2064355423733595
2100,BGR,0.8022810218958256
2100,LAO,1.3781830655672769
2100,LBN,1.258929458398804
2100,NIC,0.8793111300312465
2100,SLV,0.4446221455661853
2100,LBY,1.3077761696197012
2100,PRY,1.3526949929938157
2100,KGZ,1.3957709213506697
2100,TKM,0.7301195747791454
2100,DNK,1.823066810149517
2100,SGP,1.755526896589368
2100,FIN,1.5530030108333082
2100,SVK,1.0883385434421875
2100,NOR,1.3954981657232768
2100,COG,1.5205030461101545
2100,CRI,1.2432348049520523
2100,CAF,2.258507389426959
2100,IRL,2.4779901840642986
2100,LBR,2.1563525483432358
2100,NZL,0.6037480686526093
2100,PSE,1.1010282321779867
2100,HRV,1.3495705266000024
2100,OMN,1.2940596450474964
2100,PAN,2.010985726968231
2100,MRT,0.977073692216984
2100,KWT,2.133445864681179
2100,GEO,4.33523901145701
2100,BIH,0.9978481910936878
2100,PRI,1.672846314823094
2100,URY,0.7014253674183311
2100,ERI,3.0059903826128918
2100,MDA,1.844699265729001
2100,MNG,0.7857909023080173
2100,LTU,2.187007719630678
2100,ALB,1.6462559210253596
2100,ARM,1.8821933616362743
2100,JAM,0.6293484373025001
2100,QAT,1.8333841724999234
2100,BWA,2.597204156114001
2100,NAM,1.1558814100418786
2100,GMB,2.1010578585440243
2100,LSO,2.2075578842724854
2100,MKD,0.8802849931850891
2100,SVN,1.3487977210168398
2100,GAB,0.7218275064044404
2100,LVA,1.2208288071579634
2100,GNB,1.2540775215992488
2100,XKX,0.9408414250108521
2100,TTO,0.8175332146561778
2100,BHR,1.5196640916134885
2100,GNQ,1.7561073097527575
2100,EST,1.1118320912843398
2100,MUS,2.541987380653447
2100,TLS,1.3251494612738757
2100,CYP,1.351762524449832
2100,SWZ,1.3339695341771174
2100,DJI,2.5007044023614355
2100,FJI,0.5464709528627445
2100,GUY,0.9325681733210897
2100,BTN,2.852787192117663
2100,COM,3.597002850750666
2100,MNE,1.744262888014175
2100,MAC,1.5307947094732326
2100,SLB,1.5307947094732326
2100,SUR,1.5405971445042617
2100,LUX,3.1001223299589418
2100,CPV,2.009420633907743
2100,ESH,1.546924864706192
2100,MLT,1.893892067972001
2100,MDV,1.5307947094732326
2100,BRN,1.9033563497570527
2100,BHS,1.5405971445042617
2100,BLZ,1.7052544972497903
2100,ISL,1.5324056033478863
2100,SIS-Oceania,1.5307947094732326
2100,SIS-NAmer,1.5307947094732326
2100,SIS-Gondwana,1.5307947094732326
2100,SIS-Europe,1.5307947094732326
2100,EUR-Micro,1.5307947094732326
2150,CHN,9.622629138869497
2150,IND,5.5725266888192495
2150,USA,1.704737914508888
2150,IDN,4.227739404729721
2150,PAK,5.618421017690093
2150,BRA,1.1193584793007945
2150,NGA,8.05798360562233
2150,BGD,7.686699499828846
2150,RUS,2.3680224069992266
2150,JPN,3.027422475599368
2150,MEX,2.973142542130584
2150,PHL,1.1678314922577118
2150,ETH,2.373533239548556
2150,EGY,3.6955689273952235
2150,VNM,3.5324939836847595
2150,DEU,2.0693245194787844
2150,IRN,4.5927930607297185
2150,TUR,1.6484218471096308
2150,COD,1.1217091610465775
2150,THA,1.5675353104210097
2150,GBR,1.6114435531320201
2150,FRA,2.809525797523559
2150,ITA,3.0447541303731214
2150,ZAF,3.5140342107924374
2150,TZA,1.0746555006312841
2150,MMR,1.498013752454331
2150,KOR,6.31833305887335
2150,COL,1.6577327883733215
2150,KEN,1.4211331243250231
2150,ESP,1.583171269567737
2150,UKR,1.6082627095193616
2150,ARG,0.8698173073305207
2150,DZA,1.235584066256796
2150,POL,1.7144938038402384
2150,SDN,2.457969405575
2150,IRQ,2.2372573730092293
2150,UGA,2.4032844565536746
2150,CAN,1.4046645669410485
2150,MAR,1.76415141828407
2150,AFG,15.402915723539284
2150,SAU,2.5082262555985633
2150,MYS,4.127424471862406
2150,UZB,3.356587116350688
2150,PER,0.8240076607874135
2150,VEN,2.215300496067538
2150,GHA,3.051060776646718
2150,YEM,1.0813193801397503
2150,AGO,6.933582176284372
2150,NPL,2.3004563189959812
2150,MOZ,1.317868990092582
2150,PRK,3.1918069416063073
2150,MDG,2.760605665456479
2150,AUS,3.7069796197116074
2150,CIV,1.210048251207515
2150,TWN,1.5015988955049697
2150,CMR,1.2044728895874839
2150,LKA,0.7269249656750543
2150,NER,1.6652692046646334
2150,ROU,0.9547036934002603
2150,SYR,2.513856897951549
2150,BFA,5.906920645016238
2150,MLI,1.9120836679684767
2150,CHL,0.4420693011742916
2150,KAZ,0.7067027984863524
2150,NLD,1.9602935232698193
2150,MWI,1.370538943591969
2150,ZMB,1.3110996861620392
2150,ECU,0.6928514070787276
2150,GTM,0.6186266285337463
2150,KHM,1.1062364577431802
2150,SEN,1.6074355836684535
2150,ZWE,1.0616438013477523
2150,TCD,1.3122332581726355
2150,SOM,3.179609110212124
2150,RWA,2.4279875312664876
2150,GIN,1.5457068855813787
2150,TUN,1.356299719808271
2150,CUB,0.686218928080899
2150,BEL,2.9118028612987805
2150,SSD,0.8383668868399856
2150,BOL,0.4392923786106274
2150,BEN,1.6925813467950985
2150,GRC,0.7162823392374877
2150,BDI,2.9727869350097933
2150,HTI,0.5357716474464148
2150,CZE,1.3386594642966456
2150,DOM,0.8193169344736376
2150,PRT,0.7751555501087861
2150,AZE,1.8248537511306124
2150,SWE,1.060890978461493
2150,HUN,1.3907677719446645
2150,BLR,2.006625068312289
2150,JOR,3.964890705425244
2150,HND,5.688505720765139
2150,ARE,3.524020836836308
2150,PNG,0.8547841960927033
2150,AUT,1.181289961751943
2150,TJK,0.7668329776456715
2150,CHE,1.064651068895921
2150,ISR,3.4132192189208794
2150,SRB,1.495438117575615
2150,TGO,2.041405221061547
2150,HKG,0.9252428597370292
2150,SLE,1.106003909201606
2150,BGR,0.6477532370318779
2150,LAO,1.1671404593630683
2150,LBN,1.3454922555685764
2150,NIC,0.8776260889533393
2150,SLV,0.32401313201253445
2150,LBY,1.124558707363554
2150,PRY,1.7446149647058422
2150,KGZ,1.0661518361451718
2150,TKM,0.775996627225843
2150,DNK,1.413567413004965
2150,SGP,1.574361735888099
2150,FIN,1.1404252914392765
2150,SVK,0.9407037281647024
2150,NOR,0.9651770187995714
2150,COG,1.470263343199511
2150,CRI,0.8272000138101038
2150,CAF,1.8970697075013356
2150,IRL,1.9409898996442916
2150,LBR,2.1188935825191884
2150,NZL,0.5387663459176015
2150,PSE,1.0373824712074147
2150,HRV,1.2264423626161003
2150,OMN,1.4139638409069293
2150,PAN,1.7921255447440616
2150,MRT,0.9356913324112868
2150,KWT,2.1033012386640855
2150,GEO,3.960379833490761
2150,BIH,1.004123781092178
2150,PRI,1.433378362015786
2150,URY,0.4395511218859144
2150,ERI,2.713213387310999
2150,MDA,1.6227229470626563
2150,MNG,0.6587039676893751
2150,LTU,1.9896351009098456
2150,ALB,1.7283982811304903
2150,ARM,1.5885483240907654
2150,JAM,0.4917459067368171
2150,QAT,1.651716268465912
2150,BWA,2.8760412271581903
2150,NAM,1.0842266065892003
2150,GMB,1.7207464408945212
2150,LSO,2.72567691039145
2150,MKD,1.0988587265782257
2150,SVN,1.1055856632682266
2150,GAB,0.7156186192562048
2150,LVA,0.9695118450514328
2150,GNB,1.0190519232105935
2150,XKX,0.8376946149124904
2150,TTO,0.7777348062697912
2150,BHR,1.5007941727900338
2150,GNQ,2.2449978800654375
2150,EST,0.8839794219321333
2150,MUS,2.4334877398171506
2150,TLS,1.1923737861939123
2150,CYP,1.0509965775372478
2150,SWZ,1.543287636673361
2150,DJI,2.332858951695977
2150,FJI,0.4278904500474353
2150,GUY,0.755727211808176
2150,BTN,2.087718632085573
2150,COM,3.250096933538418
2150,MNE,1.5203564214813525
2150,MAC,1.31141555240328
2150,SLB,1.31141555240328
2150,SUR,1.3200819038589455
2150,LUX,2.817676493829087
2150,CPV,1.79110165175785
2150,ESH,1.3319888360760603
2150,MLT,1.663584287063534
2150,MDV,1.31141555240328
2150,BRN,1.6535844608973123
2150,BHS,1.3200819038589455
2150,BLZ,1.4531026159569194
2150,ISL,1.3128791469591552
2150,SIS-Oceania,1.31141555240328
2150,SIS-NAmer,1.31141555240328
2150,SIS-Gondwana,1.31141555240328
2150,SIS-Europe,1.31141555240328
2150,EUR-Micro,1.31141555240328
2200,CHN,7.135300117421967
2200,IND,2.9525063687956257
2200,USA,1.1915858516454974
2200,IDN,2.0313504124111947
2200,PAK,3.231468525547976
2200,BRA,0.6169015008242879
2200,NGA,7.527381794750749
2200,BGD,4.0818259776988235
2200,RUS,1.8022042832235174
2200,JPN,2.542742056325496
2200,MEX,1.8961770069600528
2200,PHL,0.563366981007298
2200,ETH,1.6535378022143705
2200,EGY,2.8227177736263855
2200,VNM,2.2839161947268196
2200,DEU,1.5058838430813684
2200,IRN,3.066715381716951
2200,TUR,0.8413902339813704
2200,COD,0.6736106079293346
2200,THA,0.8734267215337348
2200,GBR,1.0156506496713762
2200,FRA,2.029518765566359
2200,ITA,2.2429105285823674
2200,ZAF,3.1256345111653405
2200,TZA,0.5937910684664358
2200,MMR,0.9298896877049898
2200,KOR,3.999600878005337
2200,COL,0.9300678545886867
2200,KEN,0.6929337245768883
2200,ESP,0.9628307395163581
2200,UKR,1.1765728162664946
2200,ARG,0.5490377935247247
2200,DZA,0.8376349739734515
2200,POL,1.224497585563221
2200,SDN,1.7244447019881817
2200,IRQ,1.5219354597290042
2200,UGA,1.6751981030521597
2200,CAN,0.790634252216655
2200,MAR,1.6934299942421052
2200,AFG,12.832320434439998
2200,SAU,2.149338235174979
2200,MYS,2.542551828444765
2200,UZB,2.2935370021944896
2200,PER,0.42417279794514484
2200,VEN,1.2572203983483392
2200,GHA,3.2583242202956066
2200,YEM,0.700986784026949
2200,AGO,6.140976406978692
2200,NPL,1.2319760185583326
2200,MOZ,0.881353536803933
2200,PRK,2.383988162242799
2200,MDG,1.8532248532635864
2200,AUS,2.0955958414887794
2200,CIV,0.7457788598610811
2200,TWN,1.170300162754649
2200,CMR,0.7369018165165209
2200,LKA,0.37316294045572684
2200,NER,1.0052926460310685
2200,ROU,0.5216196773370029
2200,SYR,2.4131235078906124
2200,BFA,3.715913029451543
2200,MLI,1.3506170326110818
2200,CHL,0.221356512466692
2200,KAZ,0.4213349522046202
2200,NLD,1.3090291582304603
2200,MWI,0.879581372960806
2200,ZMB,0.9059072383587998
2200,ECU,0.3157589568853728
2200,GTM,0.3199138014666549
2200,KHM,0.5990897258501935
2200,SEN,1.5514607288089863
2200,ZWE,0.6795414554465022
2200,TCD,0.8052623630701379
2200,SOM,2.260163157663745
2200,RWA,1.7312387704880703
2200,GIN,1.0266029123796554
2200,TUN,1.3082899814303441
2200,CUB,0.3099318661616405
2200,BEL,1.871417900492333
2200,SSD,0.5499972498678637
2200,BOL,0.23387598322712116
2200,BEN,1.259604851800272
2200,GRC,0.4516621688348713
2200,BDI,2.0830906030367284
2200,HTI,0.21775097945569794
2200,CZE,0.8813673043277042
2200,DOM,0.4158439492859195
2200,PRT,0.47058894544337837
2200,AZE,1.13001799430987
2200,SWE,0.6127626532883267
2200,HUN,0.780127815768946
2200,BLR,1.5919909404125723
2200,JOR,3.684507280866972
2200,HND,4.544070254638798
2200,ARE,3.4753158950787566
2200,PNG,0.420514692154336
2200,AUT,0.6762535425037686
2200,TJK,0.48792583538600887
2200,CHE,0.7423153149622098
2200,ISR,2.762296194351711
2200,SRB,1.067455761421649
2200,TGO,1.8867785846592549
2200,HKG,0.5191789912802841
2200,SLE,0.7804484797099995
2200,BGR,0.3779984656897084
2200,LAO,0.7115315634692552
2200,LBN,1.097747646212483
2200,NIC,0.7063980321077791
2200,SLV,0.17346908409332593
2200,LBY,0.6997853946830023
2200,PRY,2.272146492460115
2200,KGZ,0.5778658167093286
2200,TKM,0.5737982044062006
2200,DNK,0.8306927200525146
2200,SGP,1.0262266963370807
2200,FIN,0.5992525311287974
2200,SVK,0.6068932413885041
2200,NOR,0.4711121587318484
2200,COG,1.0659881161971039
2200,CRI,0.39820928970505926
2200,CAF,1.1769348892548297
2200,IRL,1.051146358259289
2200,LBR,1.5133694267923454
2200,NZL,0.3607966527758473
2200,PSE,0.7457873487982115
2200,HRV,0.8032914422166408
2200,OMN,1.1447843988439834
2200,PAN,1.1203190623069972
2200,MRT,0.6995771044835627
2200,KWT,1.5349588243647299
2200,GEO,2.5218088218566472
2200,BIH,0.7332199279013021
2200,PRI,0.8657898249584649
2200,URY,0.20140372707590487
2200,ERI,1.8999709436108598
2200,MDA,1.0344145684158237
2200,MNG,0.38774973330711765
2200,LTU,1.3043270559084226
2200,ALB,1.293149683154057
2200,ARM,0.9702281061218161
2200,JAM,0.25555518250476916
2200,QAT,1.096836992543226
2200,BWA,2.2212187927623024
2200,NAM,0.7527456637784427
2200,GMB,1.0603194775857754
2200,LSO,3.277274323962966
2200,MKD,0.9987625528881583
2200,SVN,0.7000567801596971
2200,GAB,0.5702757902243066
2200,LVA,0.5937693031123465
2200,GNB,0.6695584175091573
2200,XKX,0.544460902932635
2200,TTO,0.5593066380686775
2200,BHR,1.1243592618134288
2200,GNQ,2.055712459606722
2200,EST,0.5244070959487747
2200,MUS,1.81647612221765
2200,TLS,0.8476912547526325
2200,CYP,0.5590391556542023
2200,SWZ,1.3678419357365956
2200,DJI,1.715547828679662
2200,FJI,0.22770485595051307
2200,GUY,0.43024792729088485
2200,BTN,1.0780110992807768
2200,COM,2.2617249991973702
2200,MNE,0.9467371714773439
2200,MAC,0.7912128064537902
2200,SLB,0.7912128064537902
2200,SUR,0.7974349785825222
2200,LUX,1.9068332778439994
2200,CPV,1.2047101210723208
2200,ESH,0.8167984166706929
2200,MLT,1.052965727295848
2200,MDV,0.7912128064537902
2200,BRN,1.0193777080100141
2200,BHS,0.7974349785825222
2200,BLZ,0.8792749642438014
2200,ISL,0.7922228158794605
2200,SIS-Oceania,0.7912128064537902
2200,SIS-NAmer,0.7912128064537902
2200,SIS-Gondwana,0.7912128064537902
2200,SIS-Europe,0.7912128064537902
2200,EUR-Micro,0.7912128064537902
2250,CHN,2.51270370542765
2250,IND,0.8479508732589183
2250,USA,0.47118917556921686
2250,IDN,0.4770542238986244
2250,PAK,1.1857766634758915
2250,BRA,0.22016544519827666
2250,NGA,6.708741040459518
2250,BGD,1.112405700628845
2250,RUS,0.6774698535765267
2250,JPN,1.0841658367742097
2250,MEX,0.7928904982972602
2250,PHL,0.13091669047207535
2250,ETH,0.862824374551122
2250,EGY,1.5259122428467222
2250,VNM,0.7745329589967194
2250,DEU,0.5639330449443642
2250,IRN,1.0994679937352492
2250,TUR,0.21788928668282664
2250,COD,0.3645013268426735
2250,THA,0.25106649604352693
2250,GBR,0.3386214247686936
2250,FRA,0.8165031554492398
2250,ITA,0.8483033110841733
2250,ZAF,1.6153810658852559
2250,TZA,0.22399608130544665
2250,MMR,0.36936928681842884
2250,KOR,1.3181208141630705
2250,COL,0.3021989455805555
2250,KEN,0.19774077932760875
2250,ESP,0.2927689885607295
2250,UKR,0.42324599151963127
2250,ARG,0.2008559767010763
2250,DZA,0.30823763242570656
2250,POL,0.44465423171070767
2250,SDN,0.8858747134990881
2250,IRQ,0.6102385151450682
2250,UGA,0.8691538394180441
2250,CAN,0.25306610710462474
2250,MAR,1.1842335548325682
2250,AFG,5.251436545133068
2250,SAU,1.1812116068965266
2250,MYS,0.7489874340849123
2250,UZB,0.7928062114260662
2250,PER,0.127678184907396
2250,VEN,0.4236567822888283
2250,GHA,3.0695646335734783
2250,YEM,0.3073929767368409
2250,AGO,4.115718219001331
2250,NPL,0.37838667954961375
2250,MOZ,0.4139508810824713
2250,PRK,0.9788605178690777
2250,MDG,0.9121579614998043
2250,AUS,0.5723713935383608
2250,CIV,0.3870288140108326
2250,TWN,0.616933203815881
2250,CMR,0.3835532706304198
2250,LKA,0.09147239009838887
2250,NER,0.45754538994287475
2250,ROU,0.16559305077480646
2250,SYR,1.9528361914819419
2250,BFA,1.298991735108412
2250,MLI,0.6136858431345074
2250,CHL,0.055291349082912125
2250,KAZ,0.1267140512706735
2250,NLD,0.501252995521917
2250,MWI,0.3571842723081541
2250,ZMB,0.4514763052273123
2250,ECU,0.07353074557246
2250,GTM,0.10886889321473409
2250,KHM,0.17688660994157632
2250,SEN,1.3252349131037153
2250,ZWE,0.29642661456090036
2250,TCD,0.4028522896326104
2250,SOM,1.071870972393883
2250,RWA,0.8929785628373172
2250,GIN,0.48610126591630826
2250,TUN,0.8971527827655941
2250,CUB,0.06579106081068778
2250,BEL,0.682715776280981
2250,SSD,0.19162832041290914
2250,BOL,0.06779289003287849
2250,BEN,0.6144744417619201
2250,GRC,0.15157863791310675
2250,BDI,1.0025744965829975
2250,HTI,0.044833236803329596
2250,CZE,0.32026032307642655
2250,DOM,0.10180080371451584
2250,PRT,0.1444797850676523
2250,AZE,0.3691760930822225
2250,SWE,0.1976034759600519
2250,HUN,0.2437387042940945
2250,BLR,0.6319389045187138
2250,JOR,2.149490650113472
2250,HND,2.397572859562715
2250,ARE,1.9014848464590273
2250,PNG,0.12337908260695758
2250,AUT,0.22678421902541446
2250,TJK,0.15665051496233878
2250,CHE,0.3138292874783339
2250,ISR,1.4194009973015818
2250,SRB,0.3803016645451448
2250,TGO,1.3743148966660255
2250,HKG,0.1336897304470536
2250,SLE,0.41788377062239246
2250,BGR,0.12248607711269223
2250,LAO,0.23511174035821847
2250,LBN,0.5784687590336699
2250,NIC,0.44408431318338737
2250,SLV,0.05248531772199211
2250,LBY,0.261140266547445
2250,PRY,3.0023757494585435
2250,KGZ,0.18124703228048883
2250,TKM,0.20797139427989478
2250,DNK,0.2806543508595826
2250,SGP,0.3556723038393467
2250,FIN,0.1661782119386271
2250,SVK,0.22080631423274277
2250,NOR,0.12069597522343506
2250,COG,0.5262276407518993
2250,CRI,0.1185178434089272
2250,CAF,0.513416167263827
2250,IRL,0.2885404828929149
2250,LBR,0.6757954728750223
2250,NZL,0.1737705321671419
2250,PSE,0.34173688357456655
2250,HRV,0.28007737201569055
2250,OMN,0.5192446723860735
2250,PAN,0.3750497978157339
2250,MRT,0.4006058685121832
2250,KWT,0.6467395989096281
2250,GEO,0.8033117684216543
2250,BIH,0.2738236357410566
2250,PRI,0.2756209455544047
2250,URY,0.053919009446865146
2250,ERI,0.940431842008703
2250,MDA,0.35753177975313677
2250,MNG,0.11524591738158663
2250,LTU,0.4485961702339988
2250,ALB,0.5004152733733689
2250,ARM,0.3221259220555034
2250,JAM,0.06224197456370705
2250,QAT,0.4313692786428471
2250,BWA,0.8835677464120714
2250,NAM,0.3268406504091946
2250,GMB,0.47747141534293513
2250,LSO,3.916607274659222
2250,MKD,0.449911304238507
2250,SVN,0.26623155556977657
2250,GAB,0.36298732123098887
2250,LVA,0.21092092470501672
2250,GNB,0.3721940225734931
2250,XKX,0.19684759828203127
2250,TTO,0.2039332650373824
2250,BHR,0.499812651980169
2250,GNQ,1.0199557146095042
2250,EST,0.17657342692888972
2250,MUS,0.9375984137976661
2250,TLS,0.4650949961922262
2250,CYP,0.14877788700990435
2250,SWZ,0.8317840503096822
2250,DJI,0.899634112503384
2250,FJI,0.05764216431752539
2250,GUY,0.12989425401312038
2250,BTN,0.33073042720264856
2250,COM,1.0759365208919394
2250,MNE,0.3178447453699724
2250,MAC,0.2510714805533665
2250,SLB,0.2510714805533665
2250,SUR,0.25393025457642926
2250,LUX,0.7438380457437801
2250,CPV,0.5636377184556985
2250,ESH,0.282072338245148
2250,MLT,0.3656922690939717
2250,MDV,0.2510714805533665
2250,BRN,0.33383097322108046
2250,BHS,0.25393025457642926
2250,BLZ,0.2834792041453783
2250,ISL,0.25146578397112324
2250,SIS-Oceania,0.2510714805533665
2250,SIS-NAmer,0.2510714805533665
2250,SIS-Gondwana,0.2510714805533665
2250,SIS-Europe,0.2510714805533665
2250,EUR-Micro,0.2510714805533665
2300,CHN,1.437956434330713
2300,IND,0.35651957000987966
2300,USA,0.2069517434911686
2300,IDN,0.15701054274038742
2300,PAK,0.4519898655643447
2300,BRA,0.06216446977472988
2300,NGA,7.095102915958551
2300,BGD,0.44261160053450366
2300,RUS,0.36066002257982827
2300,JPN,0.7158239282002478
2300,MEX,0.3895808162792264
2300,PHL,0.04333821152104027
2300,ETH,0.583636109930679
2300,EGY,0.7405052184873324
2300,VNM,0.40334165979908654
2300,DEU,0.30170262426083305
2300,IRN,0.5613899976481201
2300,TUR,0.09215137641868697
2300,COD,0.30122407769160253
2300,THA,0.11745877975428576
2300,GBR,0.1549831579007494
2300,FRA,0.35958731549750544
2300,ITA,0.4065304451093356
2300,ZAF,0.9691008184968007
2300,TZA,0.12426503293266611
2300,MMR,0.1265072450953369
2300,KOR,0.7144503710624293
2300,COL,0.1080469934388277
2300,KEN,0.08245171108333277
2300,ESP,0.13268110355543714
2300,UKR,0.23736829594034564
2300,ARG,0.08410857177870477
2300,DZA,0.15189397324187515
2300,POL,0.246987244604858
2300,SDN,0.5928929907849066
2300,IRQ,0.2824544427904472
2300,UGA,0.5859373518978653
2300,CAN,0.1122048712963771
2300,MAR,0.6877233143137329
2300,AFG,2.912273598171255
2300,SAU,0.7401049979103806
2300,MYS,0.3489739661208142
2300,UZB,0.35128594575306143
2300,PER,0.03798579626115341
2300,VEN,0.19360967039745156
2300,GHA,2.6323191713660177
2300,YEM,0.16767949467151813
2300,AGO,2.238069295846003
2300,NPL,0.16009481010558127
2300,MOZ,0.2127081950502845
2300,PRK,0.5814910481880681
2300,MDG,0.599931777709212
2300,AUS,0.2348589214283183
2300,CIV,0.3098210324833926
2300,TWN,0.29987530373034077
2300,CMR,0.30829903333478076
2300,LKA,0.03467441057445841
2300,NER,0.3354369085941983
2300,ROU,0.08621779495268357
2300,SYR,1.4680685316150761
2300,BFA,0.6875622258311078
2300,MLI,0.41869030315784656
2300,CHL,0.019985676271415377
2300,KAZ,0.059651840869794956
2300,NLD,0.26158276100653927
2300,MWI,0.2045431549102963
2300,ZMB,0.2321417505057576
2300,ECU,0.021689867533403538
2300,GTM,0.03382881461122182
2300,KHM,0.08413878627312568
2300,SEN,1.0823838387248754
2300,ZWE,0.18017850281771444
2300,TCD,0.31533969851475063
2300,SOM,0.6782057979436135
2300,RWA,0.5970690891563141
2300,GIN,0.35401460638850046
2300,TUN,0.4985806414938002
2300,CUB,0.022247744076409833
2300,BEL,0.3339884980849541
2300,SSD,0.07461287731809355
2300,BOL,0.02196778153382399
2300,BEN,0.41872756756228313
2300,GRC,0.07404195722582081
2300,BDI,0.6428974224377507
2300,HTI,0.012882177093516347
2300,CZE,0.17463155166698183
2300,DOM,0.03665727828984051
2300,PRT,0.06493786375794111
2300,AZE,0.15829170088663358
2300,SWE,0.087397802615602
2300,HUN,0.12068628610558543
2300,BLR,0.36788639723755306
2300,JOR,1.0946362372049956
2300,HND,0.9454351016719751
2300,ARE,1.1719097399650673
2300,PNG,0.03097312433689789
2300,AUT,0.1167658126775457
2300,TJK,0.06869263798108761
2300,CHE,0.16850341747086214
2300,ISR,0.8019417464610545
2300,SRB,0.20885163323100775
2300,TGO,0.8895287695602467
2300,HKG,0.05577411894983618
2300,SLE,0.3281351953608672
2300,BGR,0.06390754981276256
2300,LAO,0.1222767467695417
2300,LBN,0.29300777717683757
2300,NIC,0.23489406808934082
2300,SLV,0.021610637832381055
2300,LBY,0.11449822007923159
2300,PRY,4.008450505551627
2300,KGZ,0.06015412376883296
2300,TKM,0.1113607538180215
2300,DNK,0.1398144737764493
2300,SGP,0.18701865682032656
2300,FIN,0.07093308391309475
2300,SVK,0.12113818798852859
2300,NOR,0.049165234809453465
2300,COG,0.37888084103103353
2300,CRI,0.035968136892497345
2300,CAF,0.3587235135180874
2300,IRL,0.12124885881496561
2300,LBR,0.4504354529943556
2300,NZL,0.06317665017337169
2300,PSE,0.1848140140306423
2300,HRV,0.1391588714230665
2300,OMN,0.299658033760704
2300,PAN,0.14619207984799648
2300,MRT,0.32391845033087374
2300,KWT,0.3162528228702039
2300,GEO,0.3508753695901926
2300,BIH,0.15276232359451347
2300,PRI,0.11092087391242836
2300,URY,0.018141216818832052
2300,ERI,0.6150958285521447
2300,MDA,0.18010432130803722
2300,MNG,0.050822523856862874
2300,LTU,0.23259534530690595
2300,ALB,0.25037683003806904
2300,ARM,0.13191171165650106
2300,JAM,0.024212721662123196
2300,QAT,0.22153025039462937
2300,BWA,0.521842367903775
2300,NAM,0.20161162241656772
2300,GMB,0.3441478975514742
2300,LSO,4.844567594989735
2300,MKD,0.31637996352551906
2300,SVN,0.14127546782032527
2300,GAB,0.31002644464018164
2300,LVA,0.1142508507142605
2300,GNB,0.3059518620321007
2300,XKX,0.09546824165175388
2300,TTO,0.11514791109095687
2300,BHR,0.2607433157470165
2300,GNQ,0.7751296561347165
2300,EST,0.09071716811731206
2300,MUS,0.6331283896333668
2300,TLS,0.20097617009139015
2300,CYP,0.06382924375546906
2300,SWZ,0.4486392858851325
2300,DJI,0.603918593128115
2300,FJI,0.021613593658920856
2300,GUY,0.04449948903600388
2300,BTN,0.10551568098304469
2300,COM,0.6736399574608396
2300,MNE,0.13877941453076514
2300,MAC,0.10074586484783168
2300,SLB,0.10074586484783168
2300,SUR,0.10221718754826281
2300,LUX,0.36795858389285496
2300,CPV,0.38783459667736453
2300,ESH,0.1373269481232246
2300,MLT,0.16281550385601445
2300,MDV,0.10074586484783168
2300,BRN,0.14627304825049428
2300,BHS,0.10221718754826281
2300,BLZ,0.1162593621056812
2300,ISL,0.10096104004646918
2300,SIS-Oceania,0.10074586484783168
2300,SIS-NAmer,0.10074586484783168
2300,SIS-Gondwana,0.10074586484783168
2300,SIS-Europe,0.10074586484783168
2300,EUR-Micro,0.10074586484783168
