"IDSCENARIOS","IDYEARS","REGION_4LETTER","POP","GDP_PPP","EMIS_CO2_KT","EMIS_CH4_KT","PM25_SELF","PM25_EXPORT"
"Baseline",2020,"AFGH",38054941,22.4826248330845,23451.44,712.67,41.789,1.828
"Baseline",2020,"ALBA",2942034,24.9646052156912,4688.82,150.49,9.297,0.742
"Baseline",2020,"ARGE",45510399,510.029110166555,138696.29,5964.82,2.908,0.336
"Baseline",2020,"ARME",2938679,28.9877154877283,6692.76,86.93,6.083,0.505
"Baseline",2020,"AUST",8782210,317.539362700135,60160.62,222.75,4.296,3.244
"Baseline",2020,"AUTR",25398177,907.287939681533,371354.65,4983.79,2.358,0.076
"Baseline",2020,"AZER",10099743,88.5765243758955,22761.39,548.36,3.532,1.324
"Baseline",2020,"BANG",169775309,513.034093573621,74011.36,4955.43,32.511,1.595
"Baseline",2020,"BELA",9415431,101.438736881806,23676.77,689.02,4.265,1.539
"Baseline",2020,"BELG",11619972,363.194966595957,92151.05,292.4,3.663,2.847
"Baseline",2020,"BHUT",835245,3.94846835540093,6070.97,27.74,3.978,0.416
"Baseline",2020,"BOHE",3498210,28.881757875058,21590.12,192.7,18.638,12.109
"Baseline",2020,"BOLV",11543982,37.8196745134532,13746.41,1086.84,2.229,0.004
"Baseline",2020,"BRAZ",213863046,1905.43267827341,419363.2,20271.55,5.945,1.377
"Baseline",2020,"BRUN",444519,34.3919386689654,9253.17,102.19,2.713,0.085
"Baseline",2020,"BULG",6940527,108.556681856671,38853.1,281.26,7.188,2.25
"Baseline",2020,"CAMB",16715508,39.435123839471,8574.82,776.77,4.296,0.238
"Baseline",2020,"CANA",37603205,2085.52,535888.78,4032.44,5.469,0.218
"Baseline",2020,"CARB",45729903,219.897895875015,89954.44,2003.6,3.663,0.179
"Baseline",2020,"CEAM",50257227,208.002955875229,45674.49,2349.28,6.498,0.025
"Baseline",2020,"CHIL",18472639,232.78612227874,95036.07,1144.77,17.922,0.203
"Baseline",2020,"CHIN",1432747795,16596.9966700287,12790989.27,68136.69,29.829,20.872
"Baseline",2020,"COLO",50220412,397.251057325365,102855.33,3511.73,6.714,0.032
"Baseline",2020,"CROA",4115947,64.2140361318495,15122.71,123.82,6.439,2.505
"Baseline",2020,"CYPR",1207343,21.944177288835,5515.41,35.02,0.788,0.011
"Baseline",2020,"CZRE",10633424,244.066460401047,87720.31,372.9,7.005,5.294
"Baseline",2020,"DENM",5796800,205.126923739731,29949.84,313.36,1.873,0.706
"Baseline",2020,"EAFR",280886178,612.18765431678,81015.43,11772.79,7.43,0.67
"Baseline",2020,"ECUA",17335642,91.2085505283927,26221.7,697.87,3.135,0.007
"Baseline",2020,"EGYP",102941484,460.199635381442,187451,2345.88,10.859,1.382
"Baseline",2020,"ESTO",1300559,32.7068582372996,9791.7,60.03,2.357,0.135
"Baseline",2020,"FINL",5580127,178.960142242067,42939.99,185.11,1.508,0.332
"Baseline",2020,"FRAN",65721165,1893.1288917641,270882.1,2434.61,4.939,9.098
"Baseline",2020,"GEOR",3898529,37.2277989983878,10324.66,211.59,4.263,0.37
"Baseline",2020,"GERM",82540450,2869.53260461743,610411.43,1446.8,4.395,16.845
"Baseline",2020,"GREE",11102572,180.926930907729,53421.97,479.81,6.342,1.431
"Baseline",2020,"HUNG",9621254,202.66427973647,42184.4,335.28,5.645,3.737
"Baseline",2020,"ICEL",343228,12.0061953361199,2682.66,20.58,1.801,0.022
"Baseline",2020,"INDI",1383197751,6693.70750014922,2208859.72,36973.19,32.925,43.728
"Baseline",2020,"INDO",272222986,1374.13381574855,616140.98,13403.51,31.085,2.994
"Baseline",2020,"IRAN",83587129,851.838283088783,810924.62,10021.97,20.122,2.241
"Baseline",2020,"IREL",4887992,277.598569979516,32806.38,661.4,1.711,0.305
"Baseline",2020,"ISRA",8713559,344.988072907698,97098.45,259.84,13.393,1.466
"Baseline",2020,"ITAL",59132073,1506.17033214114,274769.37,1853.74,9.227,5.761
"Baseline",2020,"JAPA",126495648,3725.47067764332,1051955.65,1231.23,6.269,0.048
"Baseline",2020,"KENY",53491697,110.509976492702,23654.01,1841.51,8.013,0.361
"Baseline",2020,"KORS",51506975,1947.66433402817,590408.89,1483.65,14.214,1.098
"Baseline",2020,"KOSO",1660349,15.2854975891981,8804.01,55.05,24.975,4.151
"Baseline",2020,"LAOS",7164822,20.1159657178959,13397.73,377.96,1.837,0.342
"Baseline",2020,"LATV",1892993,39.569948173827,6971.53,68,4.949,0.336
"Baseline",2020,"LITH",2852478,66.2223017883555,12358.9,145.42,2.795,0.67
"Baseline",2020,"LUXE",603944,45.4006900782915,7790.06,18.52,1.349,0.116
"Baseline",2020,"MACE",2088035,17.0193476834749,7101.39,66.57,10.397,1.92
"Baseline",2020,"MALA",32869323,501.98348446787,308225.54,2051.81,20.457,6.967
"Baseline",2020,"MALT",434363,15.5761654440219,1119.06,15.04,1.485,0
"Baseline",2020,"MEXI",133870027,1497.36721239085,444449.59,8772.58,10.542,0.056
"Baseline",2020,"MIDE",135979035,537.252174345645,831980.79,14330.7,8.188,5.311
"Baseline",2020,"MOLD",4017687,19.964041908603,8736,99.45,6,0.394
"Baseline",2020,"MONG",3209404,15.9592659963443,23369.09,784.53,8.315,0.117
"Baseline",2020,"MONT",629397,9.40004489488011,2492.17,27.66,12.38,0.86
"Baseline",2020,"MYAN",54808276,93.175587010134,22699.1,2717.85,5.328,0.285
"Baseline",2020,"NAFR",99566621,2291.62349763924,393550.38,8507.26,9.332,0.432
"Baseline",2020,"NEPA",30260244,57.7546706893305,10744.58,1111.9,20.226,1.653
"Baseline",2020,"NETH",17181248,626.876690373342,140768.58,605.43,3.013,2.475
"Baseline",2020,"NIGE",206152701,1420.5230341819,110666.66,7604.17,21.942,1.3
"Baseline",2020,"NORW",5449693,175.090789290984,40281.09,209.4,1.481,0.297
"Baseline",2020,"NZEL",4834420,127.226392972661,38847.22,1395.17,1.465,0
"Baseline",2020,"PAKI",208362333,838.701377775907,203492.84,10199.76,40.051,6.07
"Baseline",2020,"PARA",7066330,26.1471516779743,5717.51,1015.31,2.964,0.021
"Baseline",2020,"PERU",33312178,217.827840062331,46398.96,1434.55,8.477,0.167
"Baseline",2020,"PHIL",109703397,429.776468036935,161713.55,2851.3,9.28,0.508
"Baseline",2020,"POLA",37942231,807.4592933265,277741.42,1984.78,11.307,16.578
"Baseline",2020,"PORT",10218413,220.732101673968,38841.91,484.8,4.181,0.137
"Baseline",2020,"ROMA",19388362,365.604721006518,69208.21,1008.2,9.09,5.478
"Baseline",2020,"RSAF",130653840,600.421274005227,84867.9,4496.08,4.93,0.728
"Baseline",2020,"RUSS",143786842,2051.00312388553,1531096.75,25569.5,6.224,7.411
"Baseline",2020,"SAAR",34709640,970.537663947804,531457.1,6086.13,4.8,1.726
"Baseline",2020,"SAFR",58721229,467.345449226108,436347.82,2366.19,8.907,0.645
"Baseline",2020,"SERB",7043593,81.5623667396972,46817.96,330.76,12.989,19.743
"Baseline",2020,"SING",5935053,361.891607155451,86665.88,66.18,2.469,0.423
"Baseline",2020,"SKRE",5451400,123.779628312151,27618.71,124.16,3.3,1.607
"Baseline",2020,"SLOV",2082055,49.1048248767487,11256.08,93.6,5.715,0.911
"Baseline",2020,"SPAI",46459219,1135.9352996926,194782.68,2173.46,5.333,1.41
"Baseline",2020,"SRIL",21084042,171.902889899849,19823.1,507.15,7.16,0.006
"Baseline",2020,"SWED",10121686,371.017853853056,35550.96,191.31,1.513,0.575
"Baseline",2020,"SWIT",8670535,337.060022385956,33235.99,196.01,4.202,0.684
"Baseline",2020,"TAIW",23817905,850.947280987586,309508.24,611.98,12.764,0.057
"Baseline",2020,"TANZ",62774619,141.08811068721,19975.61,2278.49,5.963,0.488
"Baseline",2020,"THAI",69410868,714.139441704907,363266.13,3913.51,8.726,2.721
"Baseline",2020,"TURK",83835750,871.678161823902,340202.75,2565.8,15.824,7.237
"Baseline",2020,"UKRA",43579234,213.70164352095,171195.44,2456.98,5.015,8.937
"Baseline",2020,"UNKI",67334208,2284.5871221,316335.89,2427.08,3.927,5.061
"Baseline",2020,"URUG",3494387,37.1576769692955,5509.24,866.53,2.673,0.19
"Baseline",2020,"USAM",331431534,23673.6,4757796.04,37395.26,5.468,1.844
"Baseline",2020,"VENE",33172392,277.055604469392,150346.15,3465.25,5.128,0.153
"Baseline",2020,"VIET",98360145,391.611933312648,252550.22,3834.47,16.756,3.321
"Baseline",2020,"WAFR",342335918,837.301716815451,118424.93,11420.74,7.255,0.363
"Baseline",2025,"AFGH",42388400,44.93,25609.31,730.72,46.152,1.993
"Baseline",2025,"ALBA",2946992,54.787,5612.64,132.38,8.596,0.823
"Baseline",2025,"ARGE",47479800,1276.14,199903.76,6026.9,3.033,0.386
"Baseline",2025,"ARME",2934370,380.239,11722.13,137.33,5.795,0.445
"Baseline",2025,"AUST",8878617,647.672,60170.64,189.47,3.228,2.449
"Baseline",2025,"AUTR",26857068,1814.805,340509.43,4468.93,2.277,0.068
"Baseline",2025,"AZER",10442074,1161.881,76436.65,718.21,3.69,1.266
"Baseline",2025,"BANG",178262909,1306.523,85921.17,5055.76,33.047,1.692
"Baseline",2025,"BELA",9311380,170.179,30722.72,745.5,3.731,1.486
"Baseline",2025,"BELG",11819487,771.978,114690.64,272.21,3.206,2.561
"Baseline",2025,"BHUT",877866,7.891,5818.84,26.48,4.866,0.453
"Baseline",2025,"BOHE",3456355,63.284,18181.66,178.76,14.01,6.704
"Baseline",2025,"BOLV",12359800,89.238,16335.23,1212.47,2.367,0.004
"Baseline",2025,"BRAZ",220370552,4261.6,476793.3,20323,5.729,1.322
"Baseline",2025,"BRUN",468771,102.701,9939.75,113.55,2.91,0.097
"Baseline",2025,"BULG",6694229,243.155,50304.73,260.78,6.448,2.455
"Baseline",2025,"CAMB",17808685,117.761,8829.07,754.97,4.618,0.249
"Baseline",2025,"CANA",39172922,2469.71,616453.26,4065.25,4.981,0.209
"Baseline",2025,"CARB",46984908,518.861,106250.81,1878.76,3.705,0.188
"Baseline",2025,"CEAM",53680426,490.794,52219.04,2297.63,6.739,0.025
"Baseline",2025,"CHIL",19099237,836.569,82729.04,1098.18,16.308,0.176
"Baseline",2025,"CHIN",1447305585,36439.9,13097585.8,72772.36,26.07,18.233
"Baseline",2025,"COLO",51854482,983.011,97685.47,3461.86,6.4,0.028
"Baseline",2025,"CROA",4002885,154.165,16110.05,125.74,5.921,2.405
"Baseline",2025,"CYPR",1247140,52.956,4622.22,33.12,0.667,0.003
"Baseline",2025,"CZRE",10612937,509.916,81298.69,332.94,5.893,4.239
"Baseline",2025,"DENM",5913085,435.704,28846.25,294.79,1.684,0.602
"Baseline",2025,"EAFR",318099503,851.392,93849.06,12374.04,6.142,0.533
"Baseline",2025,"ECUA",18478364,215.212,29062.21,763.12,3.16,0.008
"Baseline",2025,"EGYP",111470930,550.064,225941.14,2881.49,12.995,1.657
"Baseline",2025,"ESTO",1280134,72.482,4819.34,51.85,1.711,0.087
"Baseline",2025,"FINL",5669119,371.865,40261.36,140.67,1.301,0.251
"Baseline",2025,"FRAN",66841951,3969.125,268618.89,2182.62,4.736,8.277
"Baseline",2025,"GEOR",3829218,188.129,17347.13,244.67,3.877,0.385
"Baseline",2025,"GERM",82455044,5745.958,515107.78,1318.95,3.668,13.48
"Baseline",2025,"GREE",10944624,397.403,72906.7,473.25,4.339,1.007
"Baseline",2025,"HUNG",9439465,460.364,41264.58,303.09,5.444,3.67
"Baseline",2025,"ICEL",355184,28.905,4089.04,20.83,2.022,0.025
"Baseline",2025,"INDI",1451829003,15170.999,3120280.92,38440.46,34.318,46.575
"Baseline",2025,"INDO",284751045,4842.379,842799.19,16465.34,36.878,4.388
"Baseline",2025,"IRAN",86729781,2456.541,892410.02,10829.8,23.077,2.346
"Baseline",2025,"IREL",5063876,783.599,34218.32,654.03,1.336,0.277
"Baseline",2025,"ISRA",9348954,1189.607,109381,274.43,13.284,1.395
"Baseline",2025,"ITAL",58623032,3155.917,296549.43,1522.94,8.345,5.234
"Baseline",2025,"JAPA",124309807,6628.79,951262.89,1249.49,5.608,0.041
"Baseline",2025,"KENY",60063158,153.69,28805.21,1927.31,6.524,0.295
"Baseline",2025,"KORS",52219340,3055.771,602524.79,1371.7,13.99,1.02
"Baseline",2025,"KOSO",1615784,37.358,7666.61,51.46,22.173,3.302
"Baseline",2025,"LAOS",7629773,60.07,15067.73,374.83,2.134,0.385
"Baseline",2025,"LATV",1812682,85.12,5878.98,65.29,3.783,0.272
"Baseline",2025,"LITH",2788010,152.551,11818.13,106.01,2.449,0.585
"Baseline",2025,"LUXE",641757,100.612,7904.27,18.25,1.087,0.087
"Baseline",2025,"MACE",2088336,39.598,7509.07,64.21,8.996,1.121
"Baseline",2025,"MALA",34949758,1392.798,359495.62,2079.73,23.113,7.456
"Baseline",2025,"MALT",439036,38.567,8096.38,18.94,1.274,0
"Baseline",2025,"MEXI",141131503,3401.57,460291.64,8827.06,9.608,0.056
"Baseline",2025,"MIDE",151911027,1837.953,953361.06,15390.27,9.098,5.315
"Baseline",2025,"MOLD",3943322,55.232,7376.55,105.49,5.23,0.357
"Baseline",2025,"MONG",3402258,43.356,35808.75,809.76,19.834,0.143
"Baseline",2025,"MONT",628109,21.724,1829.52,26.73,10.821,0.486
"Baseline",2025,"MYAN",57001494,278.241,23111.96,2821.64,5.414,0.293
"Baseline",2025,"NAFR",105539708,2930.756,450220.04,10800.03,10.762,0.482
"Baseline",2025,"NEPA",31813598,149.403,12876.78,1175.35,21.377,1.743
"Baseline",2025,"NETH",17414354,1346.118,113274.18,592.75,2.729,2.149
"Baseline",2025,"NIGE",233691888,1975.575,110469.54,7756.66,16.648,1.02
"Baseline",2025,"NORW",5707475,417.037,39675.5,208.5,1.157,0.244
"Baseline",2025,"NZEL",5032308,254.485,37334.48,1413.15,1.357,0
"Baseline",2025,"PAKI",226767952,2041.984,244820.05,11324.97,42.202,6.571
"Baseline",2025,"PARA",7473078,61.696,6314.17,1040.12,3.164,0.022
"Baseline",2025,"PERU",35130736,513.977,47200.63,1418.17,9.123,0.167
"Baseline",2025,"PHIL",117664681,1230.439,182271.24,2901.46,9.331,0.528
"Baseline",2025,"POLA",37373183,1808.709,254459.34,1459.29,8.454,12.31
"Baseline",2025,"PORT",10047807,472.127,35762.81,425.87,4.152,0.114
"Baseline",2025,"ROMA",18926996,836.517,64404.65,948.81,8.708,5.198
"Baseline",2025,"RSAF",149595801,835.029,105333.49,4894.77,4.49,0.683
"Baseline",2025,"RUSS",142606884,5375.47,1977409.04,29270.83,6.365,7.624
"Baseline",2025,"SAAR",37290305,2859.045,566933.28,6460.27,4.847,1.634
"Baseline",2025,"SAFR",61790036,1013.92,403220.89,2369.53,7.208,0.414
"Baseline",2025,"SERB",6925509,234.286,41797.15,304.22,10.943,11.79
"Baseline",2025,"SING",6157267,1080.681,95657.37,72.03,2.379,0.41
"Baseline",2025,"SKRE",5437850,258.326,28940.3,111.11,2.675,1.573
"Baseline",2025,"SLOV",2076082,113.075,10489.12,92.86,6.827,0.979
"Baseline",2025,"SPAI",46306820,2373.863,178098.25,1942.87,4.263,1.155
"Baseline",2025,"SRIL",21349942,438.298,20901.33,533.77,6.877,0.006
"Baseline",2025,"SWED",10435342,785.315,32567.03,142.3,1.105,0.467
"Baseline",2025,"SWIT",8954578,811.354,43259.47,196.84,4.061,0.65
"Baseline",2025,"TAIW",24045238,1903.384,360722.12,567.13,12.93,0.063
"Baseline",2025,"TANZ",72681070,196.217,23808.11,2442.15,5.225,0.424
"Baseline",2025,"THAI",69685486,1974.741,403142.38,3930.1,8.993,2.877
"Baseline",2025,"TURK",86124851,3278.237,391929.56,2764.93,12.887,6.625
"Baseline",2025,"UKRA",42452647,551.913,140170.46,1998.1,4.171,6.796
"Baseline",2025,"UNKI",69074025,3995.13,300285.07,1908.74,3.401,4.085
"Baseline",2025,"URUG",3548938,87.676,6475.21,933.38,2.869,0.195
"Baseline",2025,"USAM",343255846,28765.5,4917877.8,37054.59,5.151,1.767
"Baseline",2025,"VENE",35040206,653.728,195275.08,4305.06,5.838,0.176
"Baseline",2025,"VIET",102763511,1147.577,282617.33,4046.31,17.308,3.438
"Baseline",2025,"WAFR",392342638,1164.467,143318.23,11011.26,6.266,0.309
"Baseline",2030,"AFGH",46699545,47.883,28776.66,808.25,53.35,2.246
"Baseline",2030,"ALBA",2933419,63.926,6095.95,154.97,8.29,0.841
"Baseline",2030,"ARGE",49323306,1493.73,210435.68,6245.42,2.753,0.37
"Baseline",2030,"ARME",2907463,444.579,11466.38,138.06,6.023,0.469
"Baseline",2030,"AUST",8945882,701.061,51666.08,176.69,2.39,1.821
"Baseline",2030,"AUTR",28234742,2028.096,263695.52,3937.34,2.168,0.052
"Baseline",2030,"AZER",10680202,1358.48,73498.96,712.43,3.93,1.313
"Baseline",2030,"BANG",185584811,1753.967,86237.54,5290.43,33.5,1.7
"Baseline",2030,"BELA",9163118,201.997,25826.64,728.81,3.944,1.508
"Baseline",2030,"BELG",12001594,821.503,110370.32,260.92,2.785,2.262
"Baseline",2030,"BHUT",913697,8.409,6851.64,28.07,6.062,0.554
"Baseline",2030,"BOHE",3404781,72.788,18216.99,192.09,11.68,4.782
"Baseline",2030,"BOLV",13158072,105.028,17139.6,1339.78,2.704,0.004
"Baseline",2030,"BRAZ",225472214,4711.78,509250.5,21278.78,5.693,1.299
"Baseline",2030,"BRUN",489666,134.137,11534.24,127.4,3.174,0.11
"Baseline",2030,"BULG",6430847,270.686,26651.67,218.41,4.485,1.382
"Baseline",2030,"CAMB",18797878,153.806,10045.33,760.4,5.126,0.263
"Baseline",2030,"CANA",40617535,2687.68,572285.07,3939.64,4.831,0.204
"Baseline",2030,"CARB",48040088,610.674,104972.27,2021.73,3.852,0.192
"Baseline",2030,"CEAM",56956345,577.641,59879.38,2515.43,7.001,0.024
"Baseline",2030,"CHIL",19637321,936.98,78732.45,1174.24,15.962,0.17
"Baseline",2030,"CHIN",1449914970,43164.7,11792959.87,72211.48,23.47,16.361
"Baseline",2030,"COLO",53134127,1147.73,101338.33,3711.34,6.143,0.029
"Baseline",2030,"CROA",3895784,166.293,15301,120.89,3.446,1.611
"Baseline",2030,"CYPR",1282204,60.146,6365.14,32.48,0.651,0.003
"Baseline",2030,"CZRE",10528196,572.803,59248.38,305.18,4.951,3.459
"Baseline",2030,"DENM",6024516,481.364,28000.77,283.64,1.604,0.567
"Baseline",2030,"EAFR",357454185,1077.165,104849.99,13570.01,6.581,0.54
"Baseline",2030,"ECUA",19554856,253.293,30837.31,835.87,3.182,0.008
"Baseline",2030,"EGYP",119745677,624.02,241858.33,3022.13,14.029,1.75
"Baseline",2030,"ESTO",1253590,83.845,3774.7,41.88,1.291,0.067
"Baseline",2030,"FINL",5739095,402.855,38028.09,129.09,1.224,0.214
"Baseline",2030,"FRAN",67894271,4234.052,230278.48,2090.7,3.845,6.873
"Baseline",2030,"GEOR",3748350,262.961,17189.25,230.53,3.695,0.356
"Baseline",2030,"GERM",82186736,6037.239,418567.55,1280.05,3.041,10.767
"Baseline",2030,"GREE",10783625,418.917,45801.96,425.32,3.575,0.81
"Baseline",2030,"HUNG",9235459,532.123,34300.35,260.27,5.241,3.344
"Baseline",2030,"ICEL",365646,33.357,3763.74,20.37,2.055,0.026
"Baseline",2030,"INDI",1512985204,20723,3361867.09,39745.17,29.627,39.301
"Baseline",2030,"INDO",295595235,6174.7,974132.27,18563.96,40.922,4.85
"Baseline",2030,"IRAN",88863308,2907.34,972070.6,11412.57,24.5,2.351
"Baseline",2030,"IREL",5219951,872.794,27022.93,632.15,1.058,0.23
"Baseline",2030,"ISRA",9983645,1329.378,94040.99,339.59,12.579,1.22
"Baseline",2030,"ITAL",58109918,3257.508,245644.7,1342.12,6.003,4.12
"Baseline",2030,"JAPA",121580506,6831.051,758810.98,1294.66,5.295,0.037
"Baseline",2030,"KENY",66959993,194.446,32915.04,2153.62,7.116,0.309
"Baseline",2030,"KORS",52701817,3392.74,547440.87,1366.23,13.433,0.97
"Baseline",2030,"KOSO",1562606,44.654,9581.07,54.18,19.222,2.063
"Baseline",2030,"LAOS",8048698,78.457,18869.29,388.8,2.641,0.521
"Baseline",2030,"LATV",1747192,95.576,6129.43,65.06,2.927,0.241
"Baseline",2030,"LITH",2717731,167.507,11287.67,87.78,1.989,0.494
"Baseline",2030,"LUXE",674864,113.058,6786.98,18.1,0.983,0.072
"Baseline",2030,"MACE",2076350,46.14,6637.37,75.34,8.617,1.017
"Baseline",2030,"MALA",36814968,1685.811,387948.38,2318.96,25.493,7.832
"Baseline",2030,"MALT",439963,49.051,1081.56,17.83,1.195,0
"Baseline",2030,"MEXI",147540127,3771.83,442828.38,9219.95,9.174,0.049
"Baseline",2030,"MIDE",167021947,2227.41,1001852.49,16090.92,9.008,4.537
"Baseline",2030,"MOLD",3843941,67.656,7400.81,117.22,4.747,0.328
"Baseline",2030,"MONG",3560959,57.985,33276.59,829.41,14.528,0.14
"Baseline",2030,"MONT",624702,24.915,1079.71,24.29,9.177,0.164
"Baseline",2030,"MYAN",58915869,363.407,25710.08,3003,5.852,0.309
"Baseline",2030,"NAFR",110616199,3565.65,483634.33,11742.62,12.164,0.508
"Baseline",2030,"NEPA",33167612,199.696,15462.74,1263.27,24.048,1.906
"Baseline",2030,"NETH",17594086,1425.028,95737.07,555.49,2.523,1.9
"Baseline",2030,"NIGE",264067527,2499.458,123026.26,8557.36,17.227,1.037
"Baseline",2030,"NORW",5959215,465.159,35706.5,204.27,1.007,0.215
"Baseline",2030,"NZEL",5213103,284.394,34468.25,1394.97,1.277,0
"Baseline",2030,"PAKI",244248371,2562.907,253170.95,12517.15,43.668,6.697
"Baseline",2030,"PARA",7844904,72.613,7732.88,1080.06,3.505,0.023
"Baseline",2030,"PERU",36806784,604.925,50206.21,1477.09,10.244,0.181
"Baseline",2030,"PHIL",125372282,1544.304,190592.45,3109.54,9.831,0.549
"Baseline",2030,"POLA",36615500,2078.036,208352.37,1238.23,6.312,9.498
"Baseline",2030,"PORT",9877056,501.118,32111.3,340.3,3.329,0.095
"Baseline",2030,"ROMA",18464237,1009.944,70372.57,871.92,7.999,4.909
"Baseline",2030,"RSAF",170435953,1056.461,120930.79,5499.29,4.974,0.725
"Baseline",2030,"RUSS",140543418,5538.55,1901595.94,29551.51,5.979,7.103
"Baseline",2030,"SAAR",39480349,3258.87,567871.6,6824.92,4.332,1.351
"Baseline",2030,"SAFR",64465553,1086.58,368964.79,2477.54,6.571,0.287
"Baseline",2030,"SERB",6792839,277.216,42882.66,479.36,9.141,6.21
"Baseline",2030,"SING",6342470,1411.463,98943.08,87.44,2.031,0.356
"Baseline",2030,"SKRE",5387458,287.405,22182.49,124.05,2.087,1.203
"Baseline",2030,"SLOV",2059211,129.201,9930.61,82.14,6.838,0.936
"Baseline",2030,"SPAI",46115125,2627.138,156167.44,1794.47,3.285,0.98
"Baseline",2030,"SRIL",21474701,570.661,21218.58,562.15,6.958,0.006
"Baseline",2030,"SWED",10712041,887.268,28296.62,137.77,0.948,0.435
"Baseline",2030,"SWIT",9203908,911.492,40014.73,196.77,3.503,0.552
"Baseline",2030,"TAIW",24150708,2217.819,371883.08,563.6,13.153,0.065
"Baseline",2030,"TANZ",83702053,248.249,27237.92,2770.36,5.891,0.447
"Baseline",2030,"THAI",69626212,2387.866,446472.71,4174.52,9.258,2.927
"Baseline",2030,"TURK",88416609,3895.344,384407.43,2908.92,10.825,5.938
"Baseline",2030,"UKRA",41200374,650.638,160792.41,2073.78,4.213,6.634
"Baseline",2030,"UNKI",70578614,4322.22,243798.64,1603.3,2.783,3.279
"Baseline",2030,"URUG",3594299,103.19,7216.95,1006.07,3.159,0.199
"Baseline",2030,"USAM",354711670,31897.5,4291831.1,34352,4.727,1.623
"Baseline",2030,"VENE",36749904,769.406,194781,4548.19,6.364,0.187
"Baseline",2030,"VIET",106283637,1472.548,306188.03,4354.17,18.352,3.566
"Baseline",2030,"WAFR",447164434,1473.261,163619.42,11618.25,6.844,0.323
"Decarb",2030,"AFGH",46699545,47.883,21472.23,437.39,8.151,0.393
"Decarb",2030,"ALBA",2933419,71.813,5428.31,112.86,2.847,0.221
"Decarb",2030,"ARGE",49323306,1493.73,161844.56,4463.41,1.065,0.135
"Decarb",2030,"ARME",2907463,444.579,9624.82,81.22,3.115,0.235
"Decarb",2030,"AUST",8945882,701.061,37205.01,244.65,1.362,0.998
"Decarb",2030,"AUTR",28234742,2028.096,179381.04,2566.86,0.92,0.018
"Decarb",2030,"AZER",10680202,1358.48,61831.95,408.33,1.642,0.548
"Decarb",2030,"BANG",185584811,1753.967,75370.8,3404.85,9.022,0.554
"Decarb",2030,"BELA",9163118,226.919,20908.97,627.34,1.227,0.482
"Decarb",2030,"BELG",12001594,821.503,71408.82,251.58,1.541,1.204
"Decarb",2030,"BHUT",913697,8.409,6107.43,27.67,1.427,0.092
"Decarb",2030,"BOHE",3404781,81.769,9973.54,93.35,3.743,0.842
"Decarb",2030,"BOLV",13158072,105.028,13722.27,1118.45,0.852,0.001
"Decarb",2030,"BRAZ",225472214,4711.78,409843.37,16487,1.886,0.484
"Decarb",2030,"BRUN",489666,134.137,6904.74,18.49,1.134,0.044
"Decarb",2030,"BULG",6430847,270.686,18669.48,159.4,2.171,0.48
"Decarb",2030,"CAMB",18797878,153.806,8568.61,500.66,0.975,0.074
"Decarb",2030,"CANA",40617535,2687.68,426121.19,2613.71,1.915,0.097
"Decarb",2030,"CARB",48040088,610.674,78072.56,1032.19,0.951,0.048
"Decarb",2030,"CEAM",56956345,577.641,46651.41,1535.3,1.55,0.005
"Decarb",2030,"CHIL",19637321,936.98,56835.38,604.16,7.4,0.11
"Decarb",2030,"CHIN",1449914970,43164.7,8417969.22,29201.71,11.636,8.038
"Decarb",2030,"COLO",53134127,1147.73,76061.35,2712.3,2.169,0.007
"Decarb",2030,"CROA",3895784,166.293,12383.3,123.78,1.753,0.768
"Decarb",2030,"CYPR",1282204,60.146,5491.38,30.31,0.266,0.001
"Decarb",2030,"CZRE",10528196,572.803,35878.19,433.65,2.944,1.776
"Decarb",2030,"DENM",6024516,481.364,21690.28,317.5,0.851,0.292
"Decarb",2030,"EAFR",357454185,1077.165,84103.09,934.96,0.887,0.06
"Decarb",2030,"ECUA",19554856,253.293,25380.34,463.48,1.195,0.003
"Decarb",2030,"EGYP",119745677,624.02,190173.71,909.76,3.998,0.54
"Decarb",2030,"ESTO",1253590,83.845,2942.44,36.56,0.666,0.03
"Decarb",2030,"FINL",5739095,402.855,26154.63,307.71,0.652,0.106
"Decarb",2030,"FRAN",67894271,4234.052,165112.22,1956.2,2.38,4.09
"Decarb",2030,"GEOR",3748350,262.961,13491.26,181.32,2.187,0.201
"Decarb",2030,"GERM",82186736,6037.239,279183.19,1643.83,1.737,5.917
"Decarb",2030,"GREE",10783625,418.917,34470.62,311.32,2.271,0.38
"Decarb",2030,"HUNG",9235459,532.123,25385.31,296.38,3.178,1.862
"Decarb",2030,"ICEL",365646,33.357,3107.41,19.54,1.627,0.022
"Decarb",2030,"INDI",1512985204,20723,2474278.69,26950.63,8.592,11.773
"Decarb",2030,"INDO",295595235,6174.7,808958.78,7140.55,10.093,0.924
"Decarb",2030,"IRAN",88863308,2907.34,765155.88,2688.72,6.845,0.733
"Decarb",2030,"IREL",5219951,872.794,19997.02,552.83,0.62,0.119
"Decarb",2030,"ISRA",9983645,1329.378,44440.81,198.56,4.009,0.275
"Decarb",2030,"ITAL",58109918,3257.508,158190.36,1697.78,3.769,2.182
"Decarb",2030,"JAPA",121580506,6831.051,562548.79,1190.62,2.616,0.018
"Decarb",2030,"KENY",66959993,194.446,30870.16,1455.9,1.827,0.072
"Decarb",2030,"KORS",52701817,3392.74,454165.81,942.31,6.114,0.46
"Decarb",2030,"KOSO",1562606,50.164,2965.63,28.4,6.505,0.392
"Decarb",2030,"LAOS",8048698,78.457,12699.76,285.85,0.484,0.075
"Decarb",2030,"LATV",1747192,95.576,4577.75,58.45,1.577,0.129
"Decarb",2030,"LITH",2717731,167.507,8450.91,78.86,0.966,0.191
"Decarb",2030,"LUXE",674864,113.058,5315.94,21.9,0.697,0.041
"Decarb",2030,"MACE",2076350,51.833,6164.19,67.53,3.185,0.374
"Decarb",2030,"MALA",36814968,1685.811,291943.62,651.16,6.809,2.127
"Decarb",2030,"MALT",439963,49.051,789.79,14.47,0.439,0
"Decarb",2030,"MEXI",147540127,3771.83,332216.35,4210.57,3.055,0.016
"Decarb",2030,"MIDE",167021947,2227.41,816022.73,2307.53,1.752,1.057
"Decarb",2030,"MOLD",3843941,76.004,7934.9,136.27,1.829,0.128
"Decarb",2030,"MONG",3560959,57.985,21306.64,621.4,7.071,0.049
"Decarb",2030,"MONT",624702,27.989,919.4,19.26,3.131,0.063
"Decarb",2030,"MYAN",58915869,363.407,19578.74,2006.24,1.381,0.097
"Decarb",2030,"NAFR",110616199,3565.65,360533.36,1775.68,2.547,0.138
"Decarb",2030,"NEPA",33167612,199.696,13046.55,843.4,5.09,0.464
"Decarb",2030,"NETH",17594086,1425.028,67951.18,735.71,1.562,1.066
"Decarb",2030,"NIGE",264067527,2499.458,99063.09,3915.19,1.848,0.178
"Decarb",2030,"NORW",5959215,465.159,31490.69,161.71,0.59,0.088
"Decarb",2030,"NZEL",5213103,284.394,28477.93,1253.14,0.512,0
"Decarb",2030,"PAKI",244248371,2562.907,232640.43,7416.2,8.578,1.44
"Decarb",2030,"PARA",7844904,72.613,6796.75,1004.43,0.868,0.006
"Decarb",2030,"PERU",36806784,604.925,39113.04,1017.17,2.865,0.079
"Decarb",2030,"PHIL",125372282,1544.304,157011.06,1546.74,2.318,0.154
"Decarb",2030,"POLA",36615500,2078.036,116729.59,837.75,3.035,4.003
"Decarb",2030,"PORT",9877056,501.118,23940.93,272.25,2.035,0.046
"Decarb",2030,"ROMA",18464237,1009.944,54887.44,546.38,4.778,2.412
"Decarb",2030,"RSAF",170435953,1056.461,87133.48,596.01,0.686,0.124
"Decarb",2030,"RUSS",140543418,5538.55,1588868.58,10061.54,2.39,2.163
"Decarb",2030,"SAAR",39480349,3258.87,465200.9,1445.44,0.816,0.311
"Decarb",2030,"SAFR",64465553,1086.58,203246.39,1424.59,2.332,0.125
"Decarb",2030,"SERB",6792839,311.418,24243.46,168.87,3.337,2.182
"Decarb",2030,"SING",6342470,1411.463,77775.61,32.76,0.715,0.162
"Decarb",2030,"SKRE",5387458,287.405,16964.78,100.47,1.35,0.593
"Decarb",2030,"SLOV",2059211,129.201,6285.94,66.2,2.51,0.365
"Decarb",2030,"SPAI",46115125,2627.138,115730.63,1632.91,1.799,0.505
"Decarb",2030,"SRIL",21474701,570.661,15983.82,262.81,1.37,0.001
"Decarb",2030,"SWED",10712041,887.268,20993.39,343.04,0.752,0.275
"Decarb",2030,"SWIT",9203908,911.492,31971.14,176,2.047,0.346
"Decarb",2030,"TAIW",24150708,2217.819,305244.33,367.36,4.929,0.029
"Decarb",2030,"TANZ",83702053,248.249,24109.36,1636.95,1.002,0.092
"Decarb",2030,"THAI",69626212,2387.866,347681.93,1918.32,2.011,0.586
"Decarb",2030,"TURK",88416609,3895.344,255693.88,2207.24,3.786,1.253
"Decarb",2030,"UKRA",41200374,552.021,115714.59,1173.16,1.254,1.653
"Decarb",2030,"UNKI",70578614,4322.22,167723.92,1330.01,1.732,1.874
"Decarb",2030,"URUG",3594299,103.19,6058.04,876.23,0.871,0.064
"Decarb",2030,"USAM",354711670,31897.5,3279579.39,17628.71,2.199,0.674
"Decarb",2030,"VENE",36749904,769.406,142852.61,1381.43,2.102,0.07
"Decarb",2030,"VIET",106283637,1472.548,252160.53,2004.08,5.006,1.034
"Decarb",2030,"WAFR",447164434,1473.261,138742.83,7339.25,1.447,0.076
"Baseline",2035,"AFGH",50907550,51.664,33639.77,846.59,59.573,2.468
"Baseline",2035,"ALBA",2895451,68.894,5423.52,145.38,6.707,0.767
"Baseline",2035,"ARGE",51027807,1646.47,222568.11,6344.25,2.831,0.38
"Baseline",2035,"ARME",2866150,513.976,11791.86,144.26,6.366,0.477
"Baseline",2035,"AUST",8970477,747.497,41777.51,172.54,1.969,1.512
"Baseline",2035,"AUTR",29526448,2278.108,240528.79,3705.17,1.876,0.047
"Baseline",2035,"AZER",10860905,1570.534,75224.81,721.93,4.247,1.366
"Baseline",2035,"BANG",191600525,2294.911,88631.93,5426.29,34.051,1.708
"Baseline",2035,"BELA",8995426,210.755,27465.75,736.81,3.736,1.492
"Baseline",2035,"BELG",12159663,862.706,77978.95,253,2.379,1.913
"Baseline",2035,"BHUT",942541,9.073,8059.13,29.33,7.448,0.666
"Baseline",2035,"BOHE",3336402,78.533,12467.14,185.97,8.498,1.994
"Baseline",2035,"BOLV",13925118,123.949,17886.9,1438.2,3.039,0.004
"Baseline",2035,"BRAZ",229202582,5257.88,531245.08,21968.34,5.806,1.323
"Baseline",2035,"BRUN",506838,161.425,12365.57,136.1,3.273,0.116
"Baseline",2035,"BULG",6157135,287.823,21306.95,206.61,3.404,1.122
"Baseline",2035,"CAMB",19723795,185.096,10645.07,760.29,5.598,0.27
"Baseline",2035,"CANA",41888356,2920.24,527666.2,3805.36,4.838,0.202
"Baseline",2035,"CARB",48827363,720.688,105105.1,1994.03,3.914,0.191
"Baseline",2035,"CEAM",59967944,681.704,66156.83,2566.96,7.059,0.023
"Baseline",2035,"CHIL",20058957,1032.395,78082.01,1193.31,15.801,0.169
"Baseline",2035,"CHIN",1442419510,50462.399,9725116.85,68361.49,22.085,15.101
"Baseline",2035,"COLO",54054587,1292.825,104002.23,3866.86,6.27,0.029
"Baseline",2035,"CROA",3790127,174.852,12587.96,116.41,2.608,1.307
"Baseline",2035,"CYPR",1313542,66.004,3972.27,29.04,0.553,0.003
"Baseline",2035,"CZRE",10396773,626.134,44393.39,260.46,3.836,2.609
"Baseline",2035,"DENM",6117850,517.155,21712.84,267.91,1.427,0.497
"Baseline",2035,"EAFR",398576154,1386.695,119298.54,15088.24,6.973,0.537
"Baseline",2035,"ECUA",20554156,298.925,32657.12,864.19,3.459,0.008
"Baseline",2035,"EGYP",128264287,711.273,259275.21,3085.4,15.393,1.878
"Baseline",2035,"ESTO",1225001,94.144,2854.9,34.4,1.105,0.059
"Baseline",2035,"FINL",5785214,431.592,31913.27,117.51,1.119,0.192
"Baseline",2035,"FRAN",68860560,4480.558,183177.01,1894.13,3.375,5.897
"Baseline",2035,"GEOR",3662822,360.38,17020.29,229.91,3.865,0.371
"Baseline",2035,"GERM",81730117,6313.63,330814.9,1270.22,2.737,9.524
"Baseline",2035,"GREE",10624074,444.145,40188.45,380.12,3.039,0.652
"Baseline",2035,"HUNG",9004466,589.639,27203.11,241.63,3.871,2.705
"Baseline",2035,"ICEL",374297,38.765,3682.45,20.55,2.159,0.026
"Baseline",2035,"INDI",1564570222,27038.8,3443134.04,40245.97,29.631,38.648
"Baseline",2035,"INDO",304758627,7630.001,1106187.87,19811.22,45.621,5.188
"Baseline",2035,"IRAN",90478779,3525.795,1044127.24,12136.38,26.208,2.43
"Baseline",2035,"IREL",5374338,954.647,22984.48,638.84,0.815,0.198
"Baseline",2035,"ISRA",10628000,1493.218,89360.25,314.53,12.334,1.157
"Baseline",2035,"ITAL",57534360,3360.612,178851.02,1087.25,4.979,3.515
"Baseline",2035,"JAPA",118499791,7048.981,644863.1,1288.07,5.139,0.034
"Baseline",2035,"KENY",74086106,250.321,38665.36,2347.46,7.78,0.321
"Baseline",2035,"KORS",52805846,3652.65,473459.95,1329.75,13.172,0.941
"Baseline",2035,"KOSO",1501161,49.299,8730.83,52.21,15.459,1.521
"Baseline",2035,"LAOS",8416467,94.418,16937.06,395.43,2.575,0.391
"Baseline",2035,"LATV",1681894,103.325,5677.7,59.08,2.218,0.207
"Baseline",2035,"LITH",2638998,178.848,9839.15,81.73,1.341,0.384
"Baseline",2035,"LUXE",707373,125.106,4766.12,17.73,0.813,0.057
"Baseline",2035,"MACE",2051170,49.689,6160.26,66.73,7.344,0.885
"Baseline",2035,"MALA",38380670,2028.768,397811.35,2355.63,27.178,8.156
"Baseline",2035,"MALT",436695,57.471,1224.12,15.33,1.16,0
"Baseline",2035,"MEXI",153060606,4298.81,440814.29,9435.43,9.454,0.048
"Baseline",2035,"MIDE",181719013,2638.34,1048256.88,17025.09,9.749,4.456
"Baseline",2035,"MOLD",3721155,75.816,5449.74,102.25,4.02,0.287
"Baseline",2035,"MONG",3698058,75.988,31489.57,856.12,10.111,0.142
"Baseline",2035,"MONT",618895,26.617,1067.04,23.68,7.386,0.14
"Baseline",2035,"MYAN",60430924,437.337,27398.26,3076.23,6.27,0.32
"Baseline",2035,"NAFR",115044785,4064.217,516637.31,12596.38,13.568,0.54
"Baseline",2035,"NEPA",34246881,261.35,18078.17,1287.84,26.806,2.034
"Baseline",2035,"NETH",17694135,1489.24,82058.27,567.41,2.412,1.758
"Baseline",2035,"NIGE",297323173,3217.694,143404.43,9390.06,17.509,1.064
"Baseline",2035,"NORW",6193139,543.519,33293.14,199.87,0.955,0.206
"Baseline",2035,"NZEL",5369785,319.452,31290.14,1387.34,1.127,0
"Baseline",2035,"PAKI",261093438,3206.391,267529.94,12305.54,44.646,6.773
"Baseline",2035,"PARA",8175687,85.694,9025.86,1092.16,3.848,0.023
"Baseline",2035,"PERU",38298817,713.904,54359.64,1525.59,11.284,0.186
"Baseline",2035,"PHIL",132667616,1858.473,195051.92,3210.74,10.477,0.568
"Baseline",2035,"POLA",35691755,2309.72,164089.12,1094.66,4.138,7.002
"Baseline",2035,"PORT",9696318,523.378,26666.91,309.23,2.807,0.08
"Baseline",2035,"ROMA",17973608,1124.1,59078.66,794.4,6.292,4.092
"Baseline",2035,"RSAF",193036529,1360.043,138717.12,6094.42,5.426,0.758
"Baseline",2035,"RUSS",138076421,5765.74,1838712.22,29032.58,5.743,6.854
"Baseline",2035,"SAAR",41317419,3718.145,587362.14,7113.43,4.421,1.301
"Baseline",2035,"SAFR",66880284,1202.13,327051.42,2549.15,6.51,0.247
"Baseline",2035,"SERB",6642811,299.571,26446.47,423.83,7.123,4.366
"Baseline",2035,"SING",6479855,1698.607,99762.2,95.32,3.219,0.499
"Baseline",2035,"SKRE",5300586,312.098,19887.19,105.84,1.847,1.066
"Baseline",2035,"SLOV",2035168,142.385,6011.53,68.51,6.064,0.79
"Baseline",2035,"SPAI",45860815,2845.006,125306.97,1718.13,2.851,0.872
"Baseline",2035,"SRIL",21491895,727.566,22355.99,582.68,7.172,0.006
"Baseline",2035,"SWED",10942470,978.637,21038.98,134.98,0.884,0.385
"Baseline",2035,"SWIT",9412115,1009.954,35924.97,196.69,3.054,0.465
"Baseline",2035,"TAIW",24100534,2569.762,407071.41,582.32,14.097,0.075
"Baseline",2035,"TANZ",95861531,319.585,30858.68,3064.75,6.526,0.463
"Baseline",2035,"THAI",69199656,2873.647,471658.37,4223.56,9.5,2.966
"Baseline",2035,"TURK",90915264,4549.074,371768.54,2988.77,9.537,5.624
"Baseline",2035,"UKRA",39896340,718.877,182808.97,1973.87,4.27,7.148
"Baseline",2035,"UNKI",71897215,4648.05,186537.25,1517.46,2.59,2.942
"Baseline",2035,"URUG",3628564,121.78,7162.97,1047.53,3.463,0.204
"Baseline",2035,"USAM",365033872,35184.9,3668026.84,31237.88,4.34,1.497
"Baseline",2035,"VENE",38265561,908.016,204359.94,4686.25,7.049,0.2
"Baseline",2035,"VIET",108988478,1815.227,312238.55,4440.86,18.936,3.546
"Baseline",2035,"WAFR",506686856,1896.612,187067.93,12186.69,7.386,0.33
"Decarb",2035,"AFGH",50907550,51.664,15047.36,431.75,7.166,0.323
"Decarb",2035,"ALBA",2895451,79.829,4440.61,126.33,1.663,0.177
"Decarb",2035,"ARGE",51027807,1646.47,112450.75,4435.15,0.929,0.103
"Decarb",2035,"ARME",2866150,513.976,7658.31,80.82,2.859,0.252
"Decarb",2035,"AUST",8970477,747.497,21313.28,241.45,1.107,0.764
"Decarb",2035,"AUTR",29526448,2278.108,123604.36,2457.88,0.762,0.016
"Decarb",2035,"AZER",10860905,1570.534,51425.94,378.42,1.352,0.469
"Decarb",2035,"BANG",191600525,2294.911,50641.46,3435.69,7.64,0.469
"Decarb",2035,"BELA",8995426,244.206,16176.75,643.65,0.976,0.406
"Decarb",2035,"BELG",12159663,862.706,35360.34,293.44,1.227,0.913
"Decarb",2035,"BHUT",942541,9.073,5530.4,27.96,1.399,0.085
"Decarb",2035,"BOHE",3336402,90.998,6036.92,90.99,1.838,0.507
"Decarb",2035,"BOLV",13925118,123.949,8875.92,1189.81,0.818,0.001
"Decarb",2035,"BRAZ",229202582,5257.88,345573.3,16993.57,1.689,0.414
"Decarb",2035,"BRUN",506838,161.425,5014.16,21.14,0.801,0.032
"Decarb",2035,"BULG",6157135,287.823,12567.19,158.13,1.166,0.317
"Decarb",2035,"CAMB",19723795,185.096,7707,506.76,0.774,0.059
"Decarb",2035,"CANA",41888356,2920.24,248744.54,2306.4,1.645,0.086
"Decarb",2035,"CARB",48827363,720.688,53790.33,1039.03,0.821,0.036
"Decarb",2035,"CEAM",59967944,681.704,34211.41,1589.18,1.373,0.004
"Decarb",2035,"CHIL",20058957,1032.395,39460.71,629.1,5.805,0.097
"Decarb",2035,"CHIN",1442419510,50462.399,5138902.56,26746.38,9.649,6.474
"Decarb",2035,"COLO",54054587,1292.825,52650.11,2866.69,1.815,0.006
"Decarb",2035,"CROA",3790127,174.852,7547.54,120.41,1.056,0.494
"Decarb",2035,"CYPR",1313542,66.004,2087.2,29.16,0.221,0.001
"Decarb",2035,"CZRE",10396773,626.134,22637.95,393.16,2.131,1.296
"Decarb",2035,"DENM",6117850,517.155,14138.85,310.48,0.719,0.234
"Decarb",2035,"EAFR",398576154,1386.695,71832.62,1007.65,0.807,0.049
"Decarb",2035,"ECUA",20554156,298.925,18377.87,461.87,0.963,0.002
"Decarb",2035,"EGYP",128264287,711.273,151315.52,869.55,2.881,0.42
"Decarb",2035,"ESTO",1225001,94.144,1713.94,30.52,0.568,0.027
"Decarb",2035,"FINL",5785214,431.592,15596.04,300.84,0.569,0.088
"Decarb",2035,"FRAN",68860560,4480.558,95692.4,1920.8,2.104,3.45
"Decarb",2035,"GEOR",3662822,360.38,9295.16,174.16,1.898,0.177
"Decarb",2035,"GERM",81730117,6313.63,172751.46,1626.18,1.534,5.199
"Decarb",2035,"GREE",10624074,444.145,22535.44,472.33,1.941,0.276
"Decarb",2035,"HUNG",9004466,589.639,15475.29,302.33,2.43,1.461
"Decarb",2035,"ICEL",374297,38.765,2543.58,19.87,1.679,0.022
"Decarb",2035,"INDI",1564570222,27038.8,1396276.17,26574.06,7.306,9.847
"Decarb",2035,"INDO",304758627,7630.001,491050.62,5798.68,8.284,0.717
"Decarb",2035,"IRAN",90478779,3525.795,591061.01,2554.93,5.382,0.581
"Decarb",2035,"IREL",5374338,954.647,11428.38,575.01,0.503,0.097
"Decarb",2035,"ISRA",10628000,1493.218,16410.25,199.2,3.212,0.181
"Decarb",2035,"ITAL",57534360,3360.612,79989.55,1500.87,2.929,1.753
"Decarb",2035,"JAPA",118499791,7048.981,279617.61,1169.53,2.276,0.014
"Decarb",2035,"KENY",74086106,250.321,28316.7,1491.31,1.698,0.06
"Decarb",2035,"KORS",52805846,3652.65,222062.07,895.58,5.462,0.396
"Decarb",2035,"KOSO",1501161,57.123,2240.76,26.08,2.586,0.227
"Decarb",2035,"LAOS",8416467,94.418,10769.7,290.53,0.389,0.059
"Decarb",2035,"LATV",1681894,103.325,3319.93,54.48,1.005,0.107
"Decarb",2035,"LITH",2638998,178.848,5801.52,73.82,0.564,0.132
"Decarb",2035,"LUXE",707373,125.106,3059.71,21.72,0.56,0.029
"Decarb",2035,"MACE",2051170,57.576,3328.97,55.65,1.74,0.249
"Decarb",2035,"MALA",38380670,2028.768,175910.11,649.53,5.492,1.733
"Decarb",2035,"MALT",436695,57.471,1136.65,12.98,0.425,0
"Decarb",2035,"MEXI",153060606,4298.81,202785.34,4198.25,2.483,0.012
"Decarb",2035,"MIDE",181719013,2638.34,657077,2309.04,1.617,0.915
"Decarb",2035,"MOLD",3721155,87.849,4214.96,114.95,0.973,0.072
"Decarb",2035,"MONG",3698058,75.988,13197.69,627.32,2.213,0.04
"Decarb",2035,"MONT",618895,30.842,757.87,19.14,1.369,0.039
"Decarb",2035,"MYAN",60430924,437.337,15113.04,1993.58,1.126,0.08
"Decarb",2035,"NAFR",115044785,4064.217,275383.23,1747.33,1.602,0.1
"Decarb",2035,"NEPA",34246881,261.35,11183.11,872.24,4.668,0.409
"Decarb",2035,"NETH",17694135,1489.24,42235.45,751.05,1.388,0.89
"Decarb",2035,"NIGE",297323173,3217.694,72243.25,4409.93,1.653,0.163
"Decarb",2035,"NORW",6193139,543.519,22269.56,142.85,0.439,0.065
"Decarb",2035,"NZEL",5369785,319.452,17633.62,1240.88,0.395,0
"Decarb",2035,"PAKI",261093438,3206.391,166465.97,7387.88,6.905,1.161
"Decarb",2035,"PARA",8175687,85.694,5377.3,1014.02,0.843,0.005
"Decarb",2035,"PERU",38298817,713.904,28475.4,1046.34,2.751,0.08
"Decarb",2035,"PHIL",132667616,1858.473,101992.18,1591.62,1.973,0.128
"Decarb",2035,"POLA",35691755,2309.72,72657.16,754.86,1.595,2.446
"Decarb",2035,"PORT",9696318,523.378,15464.86,429.6,1.642,0.033
"Decarb",2035,"ROMA",17973608,1124.1,34528.03,527.37,2.879,1.601
"Decarb",2035,"RSAF",193036529,1360.043,72354.73,632.52,0.618,0.115
"Decarb",2035,"RUSS",138076421,5765.74,1035744.49,8084.87,1.822,1.743
"Decarb",2035,"SAAR",41317419,3718.145,373589,1467.7,0.68,0.263
"Decarb",2035,"SAFR",66880284,1202.13,105630.86,1469.6,1.77,0.102
"Decarb",2035,"SERB",6642811,347.119,10764.11,143.77,1.685,1.205
"Decarb",2035,"SING",6479855,1698.607,59606.7,35.81,0.638,0.136
"Decarb",2035,"SKRE",5300586,312.098,11838.55,103.29,1.124,0.487
"Decarb",2035,"SLOV",2035168,142.385,3550.86,63.9,1.907,0.277
"Decarb",2035,"SPAI",45860815,2845.006,72787.73,1696.9,1.551,0.438
"Decarb",2035,"SRIL",21491895,727.566,14523.2,264.92,1.137,0.001
"Decarb",2035,"SWED",10942470,978.637,12208.73,346.2,0.703,0.229
"Decarb",2035,"SWIT",9412115,1009.954,16630.11,225,1.744,0.296
"Decarb",2035,"TAIW",24100534,2569.762,251775.35,378.63,4.707,0.028
"Decarb",2035,"TANZ",95861531,319.585,17943.3,1681.77,0.893,0.075
"Decarb",2035,"THAI",69199656,2873.647,263103.61,1905.06,1.726,0.498
"Decarb",2035,"TURK",90915264,4549.074,183151.78,2210.58,2.815,1.021
"Decarb",2035,"UKRA",39896340,582.508,63798.17,1056.85,1.037,1.347
"Decarb",2035,"UNKI",71897215,4648.05,101499.52,1176.37,1.491,1.599
"Decarb",2035,"URUG",3628564,121.78,4237.05,899.34,0.713,0.051
"Decarb",2035,"USAM",365033872,35184.9,1709223.8,15580,1.813,0.537
"Decarb",2035,"VENE",38265561,908.016,104416.56,1304.72,1.676,0.057
"Decarb",2035,"VIET",108988478,1815.227,176161.73,1977.69,3.862,0.779
"Decarb",2035,"WAFR",506686856,1896.612,111348.29,7421.4,1.192,0.059
"Baseline",2040,"AFGH",54914122,55.56,35925.39,877.94,61.176,2.484
"Baseline",2040,"ALBA",2833058,74.439,4782,138.25,5.745,0.716
"Baseline",2040,"ARGE",52585643,1776.8,224514.25,6616.91,3.048,0.39
"Baseline",2040,"ARME",2818399,589.732,12615.38,152.8,6.357,0.441
"Baseline",2040,"AUST",8962110,789.628,30901.17,167.25,1.831,1.372
"Baseline",2040,"AUTR",30764641,2634.771,217551.54,3616.16,1.845,0.044
"Baseline",2040,"AZER",10988920,1802.019,80011.98,753.45,4.711,1.446
"Baseline",2040,"BANG",196294312,2906.259,91786.71,5595.05,34.727,1.722
"Baseline",2040,"BELA",8837337,221.12,26379.51,740.32,3.626,1.475
"Baseline",2040,"BELG",12293880,902.74,53698.26,245.31,2.329,1.926
"Baseline",2040,"BHUT",965239,9.758,8747.58,31.26,8.734,0.772
"Baseline",2040,"BOHE",3251170,85.268,9840.1,183.91,7.266,1.633
"Baseline",2040,"BOLV",14643343,143.725,19363.08,1575.48,3.374,0.005
"Baseline",2040,"BRAZ",231601656,5924.58,552866.47,22912.27,5.979,1.343
"Baseline",2040,"BRUN",520202,161.039,12721.69,144.03,3.308,0.12
"Baseline",2040,"BULG",5894132,306.671,15795.09,187.11,2.427,0.881
"Baseline",2040,"CAMB",20592416,184.653,11378.24,772.07,6.038,0.275
"Baseline",2040,"CANA",43004685,3181.76,491162.11,3878.89,5.048,0.202
"Baseline",2040,"CARB",49343846,835.674,102982.9,2125.34,4.004,0.188
"Baseline",2040,"CEAM",62709573,790.47,71182.27,2771.85,7.262,0.022
"Baseline",2040,"CHIL",20378604,1125.622,79320.69,1264.96,15.646,0.171
"Baseline",2040,"CHIN",1426488552,57111.402,8316661.26,66995.82,20.947,14.123
"Baseline",2040,"COLO",54615100,1442.358,106803.41,4048.26,6.491,0.028
"Baseline",2040,"CROA",3681556,188.591,9227.67,122.38,1.825,1.018
"Baseline",2040,"CYPR",1341465,74.264,2272.67,30.88,0.484,0.002
"Baseline",2040,"CZRE",10264847,658.849,34293.87,257.13,3.212,2.249
"Baseline",2040,"DENM",6192283,548.312,17825.76,258.91,1.38,0.496
"Baseline",2040,"EAFR",440978639,1783.421,137484.51,16660.09,7.474,0.535
"Baseline",2040,"ECUA",21461740,346.618,34208.63,911.57,3.796,0.008
"Baseline",2040,"EGYP",137065513,939.489,288214.19,3223.06,17.525,2.042
"Baseline",2040,"ESTO",1197944,100.803,2644.46,32.29,1,0.053
"Baseline",2040,"FINL",5813529,454.365,25051.09,116.43,1.064,0.181
"Baseline",2040,"FRAN",69648311,4735.315,143279.43,1794.07,3.126,5.507
"Baseline",2040,"GEOR",3576930,484.809,17473.43,237.15,3.932,0.372
"Baseline",2040,"GERM",81099557,6600.104,276744.31,1233.69,2.473,8.529
"Baseline",2040,"GREE",10451869,474.247,28448.63,373.21,2.717,0.608
"Baseline",2040,"HUNG",8757846,627.608,24011.45,237.05,3.206,2.435
"Baseline",2040,"ICEL",381151,45.195,3711.1,21.04,2.219,0.027
"Baseline",2040,"INDI",1605355576,33534.8,3387883.93,40943.82,29.333,37.582
"Baseline",2040,"INDO",312134187,9223.17,1193501.51,20957.67,49.936,5.495
"Baseline",2040,"IRAN",91899463,4253.679,1113670.32,13056.18,27.838,2.5
"Baseline",2040,"IREL",5530561,1025.448,15040.65,642.98,0.788,0.187
"Baseline",2040,"ISRA",11281554,1419.453,89011.3,332.62,11.536,1.025
"Baseline",2040,"ITAL",56872174,3479.181,136126.1,1056.02,4.509,3.239
"Baseline",2040,"JAPA",115212068,7264.16,542249.13,1281.51,4.996,0.033
"Baseline",2040,"KENY",81286865,321.937,46009.61,2558.93,8.664,0.338
"Baseline",2040,"KORS",52409409,3841.669,399509.89,1297.18,13.162,0.93
"Baseline",2040,"KOSO",1433610,54.452,4746.58,54.91,12.894,0.814
"Baseline",2040,"LAOS",8727905,94.192,17721.91,407.52,2.803,0.395
"Baseline",2040,"LATV",1622754,106.87,5622.83,56.91,1.919,0.191
"Baseline",2040,"LITH",2557900,184.773,7275.67,68.4,1.217,0.349
"Baseline",2040,"LUXE",738428,136.535,3098.5,17.46,0.66,0.047
"Baseline",2040,"MACE",2015548,53.74,5032.58,65.48,5.884,0.653
"Baseline",2040,"MALA",39668262,2567.434,415358.2,2464.81,28.767,8.601
"Baseline",2040,"MALT",431149,64.705,3391.13,17.36,1.224,0
"Baseline",2040,"MEXI",157689665,4868.98,440345.68,9803.75,9.75,0.046
"Baseline",2040,"MIDE",196434088,3176.348,1102763.49,18559.79,10.618,4.435
"Baseline",2040,"MOLD",3583993,84.484,5607.9,103.94,3.631,0.267
"Baseline",2040,"MONG",3827004,97.214,30196.03,875.85,9.451,0.145
"Baseline",2040,"MONT",610465,28.54,962.72,25.21,6.199,0.108
"Baseline",2040,"MYAN",61489087,436.291,28962.71,3183.21,6.711,0.33
"Baseline",2040,"NAFR",119087570,4423.441,523048.67,13323.37,15.017,0.557
"Baseline",2040,"NEPA",35068441,332.055,20705.13,1308.11,31.099,2.206
"Baseline",2040,"NETH",17700286,1559.665,70977.68,570.78,2.271,1.667
"Baseline",2040,"NIGE",333172092,4138.259,169631.86,10524,18.093,1.115
"Baseline",2040,"NORW",6406959,631.936,34807.51,201.16,1,0.288
"Baseline",2040,"NZEL",5502172,299.689,30394.96,1440.61,1.12,0
"Baseline",2040,"PAKI",277494590,3949.5,294509.48,12618.88,47.365,7.153
"Baseline",2040,"PARA",8460299,99.367,10048.39,1107.7,4.132,0.023
"Baseline",2040,"PERU",39606088,827.807,57421.81,1597.83,12.193,0.192
"Baseline",2040,"PHIL",139447689,2211.106,191827.51,3404.03,11.038,0.572
"Baseline",2040,"POLA",34654579,2445.126,119368.14,1058.28,3.07,5.349
"Baseline",2040,"PORT",9495169,542.943,22333.44,311.61,2.573,0.072
"Baseline",2040,"ROMA",17463110,1198.878,48067.18,798.64,4.775,3.164
"Baseline",2040,"RSAF",217198906,1749.144,160870.42,6837.58,5.977,0.794
"Baseline",2040,"RUSS",135836501,5979.52,1760067.79,29052.97,5.687,6.634
"Baseline",2040,"SAAR",42777611,4196.573,617366.67,7626.66,4.572,1.277
"Baseline",2040,"SAFR",69076390,1383.12,294260.03,2662.45,6.601,0.241
"Baseline",2040,"SERB",6479214,323.859,15609.86,407.41,6.258,3.456
"Baseline",2040,"SING",6563055,1694.544,91002.58,102.11,2.946,0.462
"Baseline",2040,"SKRE",5192521,326.78,17431.19,94.58,1.78,1.029
"Baseline",2040,"SLOV",2007340,149.222,4690.82,65.41,5.095,0.699
"Baseline",2040,"SPAI",45538502,3012.123,99576.13,1688.65,2.647,0.887
"Baseline",2040,"SRIL",21397716,900.699,22789.17,601.79,7.387,0.006
"Baseline",2040,"SWED",11157892,1056.164,19917.63,135.57,0.895,0.399
"Baseline",2040,"SWIT",9586938,1164.591,33692.54,197.41,2.898,0.435
"Baseline",2040,"TAIW",23830334,2915.662,444703.78,654.48,14.817,0.082
"Baseline",2040,"TANZ",109059518,411.017,35215.57,3354.36,7.269,0.481
"Baseline",2040,"THAI",68338474,3659.365,494119.66,4347.69,9.765,3.024
"Baseline",2040,"TURK",92980818,5426.773,367819.29,3079.66,9.118,5.456
"Baseline",2040,"UKRA",38658013,783.336,199192.17,1924.15,4.259,6.745
"Baseline",2040,"UNKI",73125233,5012.25,149405.52,1454.48,2.46,2.817
"Baseline",2040,"URUG",3650962,141.21,7517.23,1090.2,3.699,0.206
"Baseline",2040,"USAM",374068752,38621.9,3176711.91,29733.93,4.195,1.445
"Baseline",2040,"VENE",39578762,1052.889,211268.16,4891.29,7.724,0.211
"Baseline",2040,"VIET",111229112,2142.075,327971.89,4606.27,19.526,3.577
"Baseline",2040,"WAFR",570341719,2439.222,215458.05,13154.79,8.04,0.338
"Decarb",2040,"AFGH",54914122,55.56,7590.95,489.44,6.662,0.285
"Decarb",2040,"ALBA",2833058,88.408,3475.52,100.52,1.397,0.172
"Decarb",2040,"ARGE",52585643,1776.8,73794.97,4737.33,0.857,0.083
"Decarb",2040,"ARME",2818399,589.732,5078.77,70.27,2.843,0.268
"Decarb",2040,"AUST",8962110,789.628,14160.3,239.47,0.981,0.63
"Decarb",2040,"AUTR",30764641,2634.771,90609.33,2676.85,0.643,0.014
"Decarb",2040,"AZER",10988920,1802.019,34791.19,339.83,1.197,0.421
"Decarb",2040,"BANG",196294312,2906.259,26919.94,3920.96,6.761,0.41
"Decarb",2040,"BELA",8837337,262.614,10801.8,587.32,0.82,0.362
"Decarb",2040,"BELG",12293880,902.74,23968.02,291.6,1.095,0.783
"Decarb",2040,"BHUT",965239,9.758,3743.39,31.06,1.123,0.063
"Decarb",2040,"BOHE",3251170,101.269,3850.59,75.93,1.313,0.392
"Decarb",2040,"BOLV",14643343,143.725,5526.85,1274.92,0.75,0.001
"Decarb",2040,"BRAZ",231601656,5924.58,285724.37,19009.67,1.542,0.357
"Decarb",2040,"BRUN",520202,161.039,2559.23,44.58,0.479,0.018
"Decarb",2040,"BULG",5894132,306.671,8565.06,118.04,0.734,0.24
"Decarb",2040,"CAMB",20592416,184.653,6951.15,577.48,0.705,0.052
"Decarb",2040,"CANA",43004685,3181.76,181232.77,2403.98,1.51,0.08
"Decarb",2040,"CARB",49343846,835.674,37055.39,1146.94,0.631,0.026
"Decarb",2040,"CEAM",62709573,790.47,23028.17,1759.68,1.026,0.003
"Decarb",2040,"CHIL",20378604,1125.622,27992.25,976.21,4.622,0.085
"Decarb",2040,"CHIN",1426488552,57111.402,2768307.15,31293.79,8.169,5.28
"Decarb",2040,"COLO",54615100,1442.358,37524.39,3067.91,1.566,0.005
"Decarb",2040,"CROA",3681556,188.591,4607.52,120.45,0.631,0.355
"Decarb",2040,"CYPR",1341465,74.264,1211.92,27.33,0.19,0.001
"Decarb",2040,"CZRE",10264847,658.849,14941.95,390.73,1.61,1.044
"Decarb",2040,"DENM",6192283,548.312,9878.27,310.6,0.648,0.218
"Decarb",2040,"EAFR",440978639,1783.421,58444.7,1784.84,0.629,0.035
"Decarb",2040,"ECUA",21461740,346.618,12023.26,518.87,0.786,0.001
"Decarb",2040,"EGYP",137065513,939.489,119601.23,1026.9,2.581,0.369
"Decarb",2040,"ESTO",1197944,100.803,1102.08,36.34,0.502,0.023
"Decarb",2040,"FINL",5813529,454.365,10987.24,299.98,0.503,0.071
"Decarb",2040,"FRAN",69648311,4735.315,56665.9,1881.3,1.961,3.198
"Decarb",2040,"GEOR",3576930,484.809,6414.41,141.13,1.771,0.17
"Decarb",2040,"GERM",81099557,6600.104,100324.38,1604.57,1.346,4.425
"Decarb",2040,"GREE",10451869,474.247,14628.25,412,1.735,0.231
"Decarb",2040,"HUNG",8757846,627.608,9949.22,269.43,1.762,1.145
"Decarb",2040,"ICEL",381151,45.195,1946.94,19.58,1.693,0.022
"Decarb",2040,"INDI",1605355576,33534.8,998774.54,28393.59,6.441,8.434
"Decarb",2040,"INDO",312134187,9223.17,313119.44,6178.33,6.925,0.536
"Decarb",2040,"IRAN",91899463,4253.679,415444.16,4075.46,4.288,0.468
"Decarb",2040,"IREL",5530561,1025.448,7128.41,580.09,0.482,0.093
"Decarb",2040,"ISRA",11281554,1419.453,9423.86,202.97,2.905,0.15
"Decarb",2040,"ITAL",56872174,3479.181,44057.5,1660.08,2.529,1.541
"Decarb",2040,"JAPA",115212068,7264.16,164232.55,1199.94,2.063,0.012
"Decarb",2040,"KENY",81286865,321.937,25292.37,1612.65,1.549,0.05
"Decarb",2040,"KORS",52409409,3841.669,161357.32,1103.7,5.463,0.387
"Decarb",2040,"KOSO",1433610,64.671,1431.81,23.7,1.657,0.184
"Decarb",2040,"LAOS",8727905,94.192,9688.56,326.65,0.362,0.052
"Decarb",2040,"LATV",1622754,106.87,2162.17,48.57,0.758,0.09
"Decarb",2040,"LITH",2557900,184.773,3762.09,70.88,0.484,0.11
"Decarb",2040,"LUXE",738428,136.535,1712.4,21.49,0.439,0.018
"Decarb",2040,"MACE",2015548,63.825,2057.26,49.03,1.347,0.207
"Decarb",2040,"MALA",39668262,2567.434,82368.18,849.23,4.597,1.473
"Decarb",2040,"MALT",431149,64.705,410.08,10.72,0.407,0
"Decarb",2040,"MEXI",157689665,4868.98,136141.48,4683.04,2.105,0.01
"Decarb",2040,"MIDE",196434088,3176.348,499447.29,2276.46,1.5,0.816
"Decarb",2040,"MOLD",3583993,100.338,3027.2,104.16,0.628,0.053
"Decarb",2040,"MONG",3827004,97.214,2873.87,630.16,1.394,0.036
"Decarb",2040,"MONT",610465,33.896,567.41,16.1,0.951,0.03
"Decarb",2040,"MYAN",61489087,436.291,10656.25,2183.93,1.014,0.071
"Decarb",2040,"NAFR",119087570,4423.441,188099.78,2792.08,1.213,0.079
"Decarb",2040,"NEPA",35068441,332.055,8545.82,977.38,4.445,0.377
"Decarb",2040,"NETH",17700286,1559.665,23552.99,753.01,1.212,0.767
"Decarb",2040,"NIGE",333172092,4138.259,60262.28,5758.15,1.288,0.139
"Decarb",2040,"NORW",6406959,631.936,17226.72,145.24,0.349,0.057
"Decarb",2040,"NZEL",5502172,299.689,13511.15,1225.49,0.313,0
"Decarb",2040,"PAKI",277494590,3949.5,97057.4,8450.45,5.894,0.976
"Decarb",2040,"PARA",8460299,99.367,3694.62,1039.16,0.675,0.004
"Decarb",2040,"PERU",39606088,827.807,19374.46,1101.42,2.418,0.081
"Decarb",2040,"PHIL",139447689,2211.106,59595.35,1910.16,1.697,0.107
"Decarb",2040,"POLA",34654579,2445.126,46737.2,891.34,1.161,1.795
"Decarb",2040,"PORT",9495169,542.943,10404.68,451.97,1.318,0.028
"Decarb",2040,"ROMA",17463110,1198.878,24151.86,485.63,1.761,1.107
"Decarb",2040,"RSAF",217198906,1749.144,60801.74,1119.68,0.551,0.105
"Decarb",2040,"RUSS",135836501,5979.52,631191.23,7566.71,1.605,1.499
"Decarb",2040,"SAAR",42777611,4196.573,300154.98,2909.68,0.563,0.222
"Decarb",2040,"SAFR",69076390,1383.12,72329.52,1933.65,1.483,0.088
"Decarb",2040,"SERB",6479214,384.632,6239.98,130.76,1.323,1.046
"Decarb",2040,"SING",6563055,1694.544,33881.47,59.75,0.561,0.114
"Decarb",2040,"SKRE",5192521,326.78,9039.08,92,0.913,0.408
"Decarb",2040,"SLOV",2007340,149.222,2249.95,63.17,1.484,0.22
"Decarb",2040,"SPAI",45538502,3012.123,45326.52,1632.78,1.396,0.406
"Decarb",2040,"SRIL",21397716,900.699,11212.55,380.27,1.041,0.001
"Decarb",2040,"SWED",11157892,1056.164,8510.54,349.89,0.668,0.208
"Decarb",2040,"SWIT",9586938,1164.591,8886.88,226.27,1.564,0.261
"Decarb",2040,"TAIW",23830334,2915.662,141548.79,610.87,4.32,0.025
"Decarb",2040,"TANZ",109059518,411.017,13364.08,1869.94,0.792,0.064
"Decarb",2040,"THAI",68338474,3659.365,183230.8,2138.45,1.556,0.397
"Decarb",2040,"TURK",92980818,5426.773,143050.37,2081.77,2.477,0.903
"Decarb",2040,"UKRA",38658013,609.588,33982.47,845.86,0.936,1.216
"Decarb",2040,"UNKI",73125233,5012.25,64930.54,1151.76,1.349,1.427
"Decarb",2040,"URUG",3650962,141.21,2723.21,960.05,0.546,0.044
"Decarb",2040,"USAM",374068752,38621.9,1229492.7,15327.9,1.586,0.459
"Decarb",2040,"VENE",39578762,1052.889,73518.66,1328.95,1.301,0.046
"Decarb",2040,"VIET",111229112,2142.075,122788.31,2261.35,3.301,0.634
"Decarb",2040,"WAFR",570341719,2439.222,93406.32,8243.67,0.995,0.048
"Baseline",2045,"AFGH",58614315,66.045,38717.1,900.3,63.703,2.48
"Baseline",2045,"ALBA",2753275,84.701,3521.83,133.54,4.945,0.666
"Baseline",2045,"ARGE",53988553,1882.07,225347.87,6715.74,3.129,0.398
"Baseline",2045,"ARME",2764618,672.193,13542,160.6,6.573,0.429
"Baseline",2045,"AUST",8931070,829.413,26600,164.08,1.613,1.212
"Baseline",2045,"AUTR",31982056,2981.834,196850.8,3513.33,1.841,0.041
"Baseline",2045,"AZER",11049380,2053.992,85507.92,782.91,5.223,1.53
"Baseline",2045,"BANG",199743520,3454.717,95572.03,5749.8,35.879,1.756
"Baseline",2045,"BELA",8699407,232,31754.4,757.18,3.64,1.512
"Baseline",2045,"BELG",12403243,943.503,47910.32,239.72,2.21,1.866
"Baseline",2045,"BHUT",982468,11.599,9679.71,32.58,10.264,0.895
"Baseline",2045,"BOHE",3155712,97.497,7421.73,170.13,6.457,1.408
"Baseline",2045,"BOLV",15304402,164.877,20047.98,1677.42,3.667,0.005
"Baseline",2045,"BRAZ",232724279,6656.4,572988.29,23004.45,6.252,1.397
"Baseline",2045,"BRUN",530096,186.553,13135.1,151.21,3.329,0.123
"Baseline",2045,"BULG",5651925,324.926,15348,177.25,1.937,0.831
"Baseline",2045,"CAMB",21369568,213.909,11566.49,778.3,6.599,0.281
"Baseline",2045,"CANA",44011310,3460.19,468277.63,3793.29,5.175,0.204
"Baseline",2045,"CARB",49587370,958.658,102328.57,2085.65,4.062,0.187
"Baseline",2045,"CEAM",65153466,906.801,75525.04,2832.14,7.307,0.021
"Baseline",2045,"CHIL",20598059,1214.394,77984.43,1291.07,15.915,0.181
"Baseline",2045,"CHIN",1403441531,63903.601,7208901.74,65591.8,20.18,13.495
"Baseline",2045,"COLO",54833764,1585.776,110521.79,4141.72,6.809,0.029
"Baseline",2045,"CROA",3571860,202.533,9109.48,110.55,1.456,0.979
"Baseline",2045,"CYPR",1364924,83.586,1982.28,28.64,0.446,0.002
"Baseline",2045,"CZRE",10155117,690.195,26283.27,212.92,2.576,1.941
"Baseline",2045,"DENM",6254378,583.32,15020.99,251.48,1.285,0.475
"Baseline",2045,"EAFR",484244345,2277.723,159858.65,17896.25,8.067,0.534
"Baseline",2045,"ECUA",22268680,397.629,35954.29,944.28,4.165,0.008
"Baseline",2045,"EGYP",145575547,1044.078,298170.04,3309.89,19.319,2.16
"Baseline",2045,"ESTO",1171949,106.127,2320.83,30.14,0.891,0.051
"Baseline",2045,"FINL",5837028,473.987,23536.7,118.12,0.989,0.2
"Baseline",2045,"FRAN",70211636,5009.592,139335.95,1685.84,2.978,5.25
"Baseline",2045,"GEOR",3488799,600.195,18653.53,248.2,4.148,0.385
"Baseline",2045,"GERM",80269191,6926.81,211662.63,1214.55,2.343,8.075
"Baseline",2045,"GREE",10243564,504.577,24439.91,335.6,2.601,0.554
"Baseline",2045,"HUNG",8512785,659.105,20311.99,202.85,2.657,2.154
"Baseline",2045,"ICEL",386349,52.455,3733.74,19.76,2.299,0.028
"Baseline",2045,"INDI",1636496306,40493.401,3291982.01,41498.85,29.734,37.671
"Baseline",2045,"INDO",317731986,10888.7,1233035.27,21273.7,54.27,5.745
"Baseline",2045,"IRAN",93045086,5284.601,1184480.68,13957.53,31.303,2.635
"Baseline",2045,"IREL",5677669,1090.526,12989.9,643.49,0.733,0.176
"Baseline",2045,"ISRA",11937013,1588.655,95816.12,296.37,11.751,1.055
"Baseline",2045,"ITAL",56071394,3611.598,107241.41,1027.03,4.179,3.019
"Baseline",2045,"JAPA",111923238,7498.12,481309.63,1278.14,4.923,0.032
"Baseline",2045,"KENY",88434154,411.167,57432.46,2703.31,9.845,0.359
"Baseline",2045,"KORS",51586183,4024.371,343761.39,1269.11,13.047,0.912
"Baseline",2045,"KOSO",1364690,63.123,3118,49.27,11.449,0.746
"Baseline",2045,"LAOS",8978146,109.115,17869.95,410.67,3.007,0.402
"Baseline",2045,"LATV",1569178,109.207,4335.19,51.14,1.741,0.181
"Baseline",2045,"LITH",2480144,190.141,5626.98,68.6,1.075,0.312
"Baseline",2045,"LUXE",767807,147.196,2379.8,17.21,0.581,0.041
"Baseline",2045,"MACE",1974422,61.245,2751.95,57.09,5.037,0.559
"Baseline",2045,"MALA",40760928,2974.199,425191.4,2486.72,29.828,8.995
"Baseline",2045,"MALT",424966,71.072,918.23,11.82,1.229,0
"Baseline",2045,"MEXI",161436237,5463.3,455919.41,9994.34,10.237,0.047
"Baseline",2045,"MIDE",210872158,3373.445,1165639.46,19832.56,11.987,4.503
"Baseline",2045,"MOLD",3440601,86.014,5736.57,98.99,3.424,0.255
"Baseline",2045,"MONG",3953993,115.559,29745.77,894.44,9.16,0.148
"Baseline",2045,"MONT",599832,32.266,847.73,17.6,5.396,0.089
"Baseline",2045,"MYAN",62104926,505.414,30357.78,3282.01,7.167,0.339
"Baseline",2045,"NAFR",122819832,4915.882,550866.23,13978.21,16.545,0.591
"Baseline",2045,"NEPA",35685878,394.72,23386.4,1334.97,36.445,2.391
"Baseline",2045,"NETH",17629558,1650.987,55866.2,574.87,2.138,1.569
"Baseline",2045,"NIGE",371119359,5285.239,206742.72,11560.5,18.69,1.175
"Baseline",2045,"NORW",6607166,737.946,32363.33,202.63,0.979,0.277
"Baseline",2045,"NZEL",5614865,339.166,29303.36,1399.23,1.122,0
"Baseline",2045,"PAKI",293003264,4748.568,335591.38,12570.96,50.898,7.657
"Baseline",2045,"PARA",8700127,113.99,10899.24,1119.71,4.401,0.023
"Baseline",2045,"PERU",40719548,949.633,60298.87,1656.44,13.197,0.212
"Baseline",2045,"PHIL",145664722,2561.418,202777.36,3491.23,11.758,0.641
"Baseline",2045,"POLA",33544891,2537.736,87212.77,947.3,2.728,4.86
"Baseline",2045,"PORT",9262006,564.197,17434.38,282.69,2.419,0.067
"Baseline",2045,"ROMA",16935314,1265.833,41846.62,725.34,3.847,2.842
"Baseline",2045,"RSAF",242685992,2233.945,186957.36,7635.7,6.635,0.841
"Baseline",2045,"RUSS",134127418,6147.99,1713434.26,28677.97,5.646,6.43
"Baseline",2045,"SAAR",44026516,4899.954,658120.36,8041.19,5.076,1.29
"Baseline",2045,"SAFR",71045890,1605.25,280876.07,2788.88,6.789,0.244
"Baseline",2045,"SERB",6311832,368.673,11749.76,322.86,5.69,3.229
"Baseline",2045,"SING",6592118,1963.015,91621.57,109.4,3.029,0.477
"Baseline",2045,"SKRE",5078835,338.802,14690.52,82.51,1.461,0.877
"Baseline",2045,"SLOV",1976540,154.128,4005.53,63.93,3.752,0.555
"Baseline",2045,"SPAI",45079683,3150.561,83158.72,1586.66,2.452,0.861
"Baseline",2045,"SRIL",21165080,1070.675,22506.66,622.49,7.399,0.006
"Baseline",2045,"SWED",11384781,1136.092,21784.69,139.13,0.896,0.404
"Baseline",2045,"SWIT",9741501,1318.741,32642.76,198.13,2.915,0.438
"Baseline",2045,"TAIW",23359293,3465.895,469257.45,628.05,15.31,0.087
"Baseline",2045,"TANZ",123173856,524.937,40864.39,3547.04,8.129,0.499
"Baseline",2045,"THAI",67045545,4239.127,514602.16,4415.51,10.185,3.128
"Baseline",2045,"TURK",94561424,6073.653,361813.68,3060.49,9.006,5.264
"Baseline",2045,"UKRA",37512851,801.401,199955.81,1861.09,4.428,6.967
"Baseline",2045,"UNKI",74301029,5402.77,128622.56,1391.94,2.361,2.698
"Baseline",2045,"URUG",3662036,161.991,7997.39,1124.85,3.91,0.211
"Baseline",2045,"USAM",382058853,42286.1,2873332.78,28170.73,4.143,1.424
"Baseline",2045,"VENE",40685814,1207.84,224280.57,5159.67,8.391,0.226
"Baseline",2045,"VIET",113144909,2481.448,322808.17,4703,20.505,3.596
"Baseline",2045,"WAFR",637283505,3115.289,247834.16,13922.62,8.793,0.349
"Decarb",2045,"AFGH",58614315,66.045,2672.62,507.63,7.21,0.29
"Decarb",2045,"ALBA",2753275,98.938,2477.69,101.42,1.229,0.149
"Decarb",2045,"ARGE",53988553,1882.07,55442.74,4725.6,0.822,0.075
"Decarb",2045,"ARME",2764618,672.193,2596.47,64.43,2.963,0.289
"Decarb",2045,"AUST",8931070,829.413,9616.91,243.63,0.887,0.528
"Decarb",2045,"AUTR",31982056,2981.834,66130.77,2731.54,0.609,0.015
"Decarb",2045,"AZER",11049380,2053.992,17827.83,311.16,1.078,0.379
"Decarb",2045,"BANG",199743520,3454.717,17295.88,4025.9,6.587,0.383
"Decarb",2045,"BELA",8699407,270.993,6126.63,576.32,0.695,0.317
"Decarb",2045,"BELG",12403243,943.503,16219.3,288.83,1.03,0.725
"Decarb",2045,"BHUT",982468,11.599,2391.38,30.04,0.818,0.043
"Decarb",2045,"BOHE",3155712,113.884,2211.09,76.96,1.224,0.386
"Decarb",2045,"BOLV",15304402,164.877,3328.52,1328.19,0.728,0.001
"Decarb",2045,"BRAZ",232724279,6656.4,228004.89,19546.25,1.469,0.324
"Decarb",2045,"BRUN",530096,186.553,1404.76,49.93,0.333,0.012
"Decarb",2045,"BULG",5651925,324.926,6507.53,123.87,0.592,0.217
"Decarb",2045,"CAMB",21369568,213.909,5748.04,584.76,0.729,0.049
"Decarb",2045,"CANA",44011310,3460.19,154439.2,2190.63,1.462,0.078
"Decarb",2045,"CARB",49587370,958.658,29456.61,1201.58,0.581,0.023
"Decarb",2045,"CEAM",65153466,906.801,14848.83,1938.08,0.931,0.002
"Decarb",2045,"CHIL",20598059,1214.394,17741.78,1021.19,4.354,0.09
"Decarb",2045,"CHIN",1403441531,63903.601,2075015.43,30694.03,7.449,4.716
"Decarb",2045,"COLO",54833764,1585.776,26101.35,3120.35,1.464,0.004
"Decarb",2045,"CROA",3571860,202.533,3729.59,120.82,0.442,0.294
"Decarb",2045,"CYPR",1364924,83.586,899.5,27.55,0.189,0.001
"Decarb",2045,"CZRE",10155117,690.195,9384.93,420.3,1.164,0.816
"Decarb",2045,"DENM",6254378,583.32,7411.7,310.42,0.593,0.2
"Decarb",2045,"EAFR",484244345,2277.723,49764.97,1927.98,0.684,0.035
"Decarb",2045,"ECUA",22268680,397.629,7849.77,509.58,0.709,0.001
"Decarb",2045,"EGYP",145575547,1044.078,90882.09,1043.85,2.35,0.339
"Decarb",2045,"ESTO",1171949,106.127,750.98,34.68,0.447,0.021
"Decarb",2045,"FINL",5837028,473.987,8630.34,301.66,0.442,0.063
"Decarb",2045,"FRAN",70211636,5009.592,36305.79,1841.2,1.891,3.012
"Decarb",2045,"GEOR",3488799,600.195,4176.14,126.94,1.914,0.18
"Decarb",2045,"GERM",80269191,6926.81,63217.44,1606.66,1.256,4.114
"Decarb",2045,"GREE",10243564,504.577,11190.49,404.91,1.656,0.205
"Decarb",2045,"HUNG",8512785,659.105,6748.13,258.58,1.288,0.916
"Decarb",2045,"ICEL",386349,52.455,1354.99,18.81,1.712,0.022
"Decarb",2045,"INDI",1636496306,40493.401,743615.24,28626.15,6.036,7.774
"Decarb",2045,"INDO",317731986,10888.7,239466.43,6524.28,6.551,0.518
"Decarb",2045,"IRAN",93045086,5284.601,266763.43,4027.26,3.84,0.436
"Decarb",2045,"IREL",5677669,1090.526,5148.73,623.46,0.444,0.087
"Decarb",2045,"ISRA",11937013,1588.655,5603.14,207.8,2.851,0.135
"Decarb",2045,"ITAL",56071394,3611.598,26279.94,1655.54,2.27,1.406
"Decarb",2045,"JAPA",111923238,7498.12,105869.21,1178.99,1.933,0.01
"Decarb",2045,"KENY",88434154,411.167,23307.32,1699.22,1.84,0.051
"Decarb",2045,"KORS",51586183,4024.371,121315.45,1167.51,5.186,0.37
"Decarb",2045,"KOSO",1364690,73.732,802.4,21.42,1.497,0.17
"Decarb",2045,"LAOS",8978146,109.115,8667.35,325.81,0.361,0.05
"Decarb",2045,"LATV",1569178,109.207,1336.24,56.23,0.67,0.085
"Decarb",2045,"LITH",2480144,190.141,2297.13,71.89,0.421,0.095
"Decarb",2045,"LUXE",767807,147.196,1119.48,21.23,0.379,0.015
"Decarb",2045,"MACE",1974422,71.539,1131.15,35.26,1.255,0.177
"Decarb",2045,"MALA",40760928,2974.199,57109.58,877.54,3.943,1.349
"Decarb",2045,"MALT",424966,71.072,150.34,8.33,0.424,0
"Decarb",2045,"MEXI",161436237,5463.3,91088.11,4280.43,1.937,0.009
"Decarb",2045,"MIDE",210872158,3373.445,359568.01,3082.16,1.477,0.787
"Decarb",2045,"MOLD",3440601,100.47,2067.03,83.28,0.504,0.045
"Decarb",2045,"MONG",3953993,115.559,1758.51,631.51,1.297,0.036
"Decarb",2045,"MONT",599832,37.689,330.26,13.89,0.858,0.027
"Decarb",2045,"MYAN",62104926,505.414,7263,2089.14,1.029,0.067
"Decarb",2045,"NAFR",122819832,4915.882,140537.98,2901.36,1.053,0.075
"Decarb",2045,"NEPA",35685878,394.72,5633.9,1102.97,4.428,0.372
"Decarb",2045,"NETH",17629558,1650.987,14454.73,759.67,1.096,0.691
"Decarb",2045,"NIGE",371119359,5285.239,54064.78,6300.05,1.322,0.142
"Decarb",2045,"NORW",6607166,737.946,13710.44,148.63,0.295,0.054
"Decarb",2045,"NZEL",5614865,339.166,10114.4,1257.95,0.28,0
"Decarb",2045,"PAKI",293003264,4748.568,76372.22,8315.09,5.465,0.898
"Decarb",2045,"PARA",8700127,113.99,2082.68,1031.1,0.624,0.004
"Decarb",2045,"PERU",40719548,949.633,13095.2,1117.41,2.385,0.093
"Decarb",2045,"PHIL",145664722,2561.418,46698.07,2056.48,1.67,0.111
"Decarb",2045,"POLA",33544891,2537.736,31112.39,852.5,1.04,1.605
"Decarb",2045,"PORT",9262006,564.197,7393.94,449.97,1.088,0.024
"Decarb",2045,"ROMA",16935314,1265.833,17652.83,483.81,1.221,0.878
"Decarb",2045,"RSAF",242685992,2233.945,55136.19,1197.61,0.623,0.116
"Decarb",2045,"RUSS",134127418,6147.99,373717.24,6887.94,1.475,1.378
"Decarb",2045,"SAAR",44026516,4899.954,235007.3,1676.35,0.476,0.197
"Decarb",2045,"SAFR",71045890,1605.25,53525.66,2114.82,1.468,0.088
"Decarb",2045,"SERB",6311832,430.638,3682.4,129.57,1.246,1.008
"Decarb",2045,"SING",6592118,1963.015,24999.43,67.41,0.601,0.116
"Decarb",2045,"SKRE",5078835,338.802,6787.08,84.57,0.7,0.347
"Decarb",2045,"SLOV",1976540,154.128,1476.99,63.92,1.106,0.17
"Decarb",2045,"SPAI",45079683,3150.561,32760.62,1618.21,1.314,0.391
"Decarb",2045,"SRIL",21165080,1070.675,9793.52,389.29,0.991,0.001
"Decarb",2045,"SWED",11384781,1136.092,7049.13,356.91,0.661,0.198
"Decarb",2045,"SWIT",9741501,1318.741,4708.59,227.89,1.439,0.212
"Decarb",2045,"TAIW",23359293,3465.895,98539.05,683.78,4.295,0.025
"Decarb",2045,"TANZ",123173856,524.937,10306.29,1901.52,0.918,0.066
"Decarb",2045,"THAI",67045545,4239.127,148213.14,2176.7,1.532,0.366
"Decarb",2045,"TURK",94561424,6073.653,112425.3,1920.39,2.343,0.848
"Decarb",2045,"UKRA",37512851,629.037,22828.97,811.26,0.861,1.116
"Decarb",2045,"UNKI",74301029,5402.77,45950.03,1529.43,1.246,1.272
"Decarb",2045,"URUG",3662036,161.991,1656.87,981.62,0.439,0.041
"Decarb",2045,"USAM",382058853,42286.1,991346.35,17081.58,1.463,0.415
"Decarb",2045,"VENE",40685814,1207.84,55080.53,1400.57,1.055,0.039
"Decarb",2045,"VIET",113144909,2481.448,101982.74,2351.48,3.277,0.602
"Decarb",2045,"WAFR",637283505,3115.289,82492.62,8519.31,1.081,0.051
"Baseline",2050,"AFGH",61928118,76.858,40464.76,922.18,64.098,2.402
"Baseline",2050,"ALBA",2663591,95.303,2769.87,133.44,4.497,0.64
"Baseline",2050,"ARGE",55228902,1974.34,226811.44,6968.97,3.192,0.403
"Baseline",2050,"ARME",2700184,754.378,14163.35,168.26,7.27,0.461
"Baseline",2050,"AUST",8877857,868.062,21802.86,164.55,1.45,1.047
"Baseline",2050,"AUTR",33186818,3360.18,188252.17,3526.43,1.872,0.042
"Baseline",2050,"AZER",11039198,2305.12,89264.01,809.69,5.76,1.616
"Baseline",2050,"BANG",201926816,4020.294,95604.85,5915.67,36.102,1.747
"Baseline",2050,"BELA",8570898,241.264,31635.66,783.8,3.637,1.541
"Baseline",2050,"BELG",12488233,986.029,43295.16,237.4,2.137,1.759
"Baseline",2050,"BHUT",994203,13.498,10296.83,34.47,11.416,0.983
"Baseline",2050,"BOHE",3058143,110.236,5890.09,168.06,5.754,1.248
"Baseline",2050,"BOLV",15903460,188.275,20238.37,1770.71,3.944,0.005
"Baseline",2050,"BRAZ",232688044,7405.93,587716.02,23666.32,6.499,1.443
"Baseline",2050,"BRUN",536723,211.732,13486.64,159.25,3.335,0.126
"Baseline",2050,"BULG",5423867,342.438,12417.61,156.56,1.782,0.777
"Baseline",2050,"CAMB",22019028,242.78,11636.32,789.78,7.154,0.285
"Baseline",2050,"CANA",44948602,3754.87,452816.66,3799.07,5.309,0.206
"Baseline",2050,"CARB",49553998,1094.704,105444.37,2157.12,4.131,0.193
"Baseline",2050,"CEAM",67283690,1035.488,80215.51,2990.34,7.274,0.02
"Baseline",2050,"CHIL",20718131,1295.675,75840.52,1357.41,16.316,0.189
"Baseline",2050,"CHIN",1373585405,69317.403,6321346.37,65212.24,19.541,12.949
"Baseline",2050,"COLO",54732755,1716.625,114513.56,4248.6,7.211,0.03
"Baseline",2050,"CROA",3460901,216.656,7661.12,103.24,1.364,0.914
"Baseline",2050,"CYPR",1382839,93.534,1470.64,26.24,0.419,0.002
"Baseline",2050,"CZRE",10054302,722.802,22482.4,194.29,2.136,1.712
"Baseline",2050,"DENM",6314402,622.797,13702.41,244.63,1.247,0.464
"Baseline",2050,"EAFR",527853971,2872.603,186950.19,19279.84,8.795,0.535
"Baseline",2050,"ECUA",22968451,454.058,38188.01,986.11,4.55,0.008
"Baseline",2050,"EGYP",153433492,1152.978,310113.12,3435.25,21.173,2.27
"Baseline",2050,"ESTO",1144747,110.911,2156.68,29.15,0.806,0.048
"Baseline",2050,"FINL",5866350,492.673,21197.51,119.28,0.877,0.173
"Baseline",2050,"FRAN",70608998,5290.46,116607.94,1641.79,2.856,4.913
"Baseline",2050,"GEOR",3393665,732.602,19994.01,265.24,4.508,0.414
"Baseline",2050,"GERM",79238486,7271.473,192109.51,1207.82,2.247,7.809
"Baseline",2050,"GREE",9981568,535.529,19927.98,305.03,2.499,0.519
"Baseline",2050,"HUNG",8278700,698.566,15951.54,172.24,2.308,1.954
"Baseline",2050,"ICEL",390071,59.576,3795.49,19.98,2.394,0.029
"Baseline",2050,"INDI",1658978161,47815,3234803.67,42428.4,30.218,37.907
"Baseline",2050,"INDO",321550686,12570.1,1249484.83,21502.54,57.864,5.98
"Baseline",2050,"IRAN",93553454,6240.193,1241627.74,14861.73,33.918,2.733
"Baseline",2050,"IREL",5801399,1156.225,15125.9,642.65,0.74,0.171
"Baseline",2050,"ISRA",12577297,1759.274,97538.41,298.78,11.804,1.052
"Baseline",2050,"ITAL",55093194,3806.467,83949.67,1005.49,3.876,2.856
"Baseline",2050,"JAPA",108794446,7794.119,438859.58,1277,4.874,0.031
"Baseline",2050,"KENY",95467137,518.552,69661.52,2871.21,11.297,0.382
"Baseline",2050,"KORS",50456832,4190.751,311314.15,1269.83,12.974,0.902
"Baseline",2050,"KOSO",1299342,72.11,1821.05,49.5,10.129,0.698
"Baseline",2050,"LAOS",9162892,123.843,18029.85,419.93,3.195,0.407
"Baseline",2050,"LATV",1517200,110.437,3939.89,49.53,1.576,0.171
"Baseline",2050,"LITH",2406723,194.123,4932.97,68.48,1.015,0.297
"Baseline",2050,"LUXE",795916,157.202,2235.41,16.97,0.58,0.038
"Baseline",2050,"MACE",1931001,69.061,1873.31,54.8,4.715,0.512
"Baseline",2050,"MALA",41729217,3375.635,428660,2576.18,30.528,9.298
"Baseline",2050,"MALT",419247,76.689,735.18,9.66,1.215,0
"Baseline",2050,"MEXI",164279302,6069.01,457237.79,10338.61,10.627,0.046
"Baseline",2050,"MIDE",224783262,3833.169,1206634.52,21277.73,13.289,4.616
"Baseline",2050,"MOLD",3293157,87.378,6042.77,100.05,3.233,0.246
"Baseline",2050,"MONG",4075382,134.478,32663.86,922.68,9.045,0.153
"Baseline",2050,"MONT",587899,36.114,560.85,16.89,4.542,0.075
"Baseline",2050,"MYAN",62358925,573.631,31287.59,3384.67,7.6,0.344
"Baseline",2050,"NAFR",126085783,5428.622,580863.66,14630.6,18.156,0.632
"Baseline",2050,"NEPA",36106578,459.34,25464.68,1372.31,42.983,2.573
"Baseline",2050,"NETH",17517575,1752.857,48989.2,577.3,2.066,1.514
"Baseline",2050,"NIGE",410637868,6665.601,252081.63,12896.95,19.458,1.255
"Baseline",2050,"NORW",6801515,847.74,27595.5,203.41,1.006,0.267
"Baseline",2050,"NZEL",5711484,382.2,28800.36,1409.16,1.142,0
"Baseline",2050,"PAKI",306940442,5637.695,372419.47,12666.05,54.452,8.126
"Baseline",2050,"PARA",8897182,130.167,11746.22,1137.9,4.662,0.022
"Baseline",2050,"PERU",41620307,1084.399,63320.68,1729.72,14.212,0.231
"Baseline",2050,"PHIL",151293436,2907.139,210235.35,3649.98,12.405,0.713
"Baseline",2050,"POLA",32390037,2602.589,69480.55,883.96,2.588,4.549
"Baseline",2050,"PORT",8994594,589.23,13560.59,264.06,2.158,0.061
"Baseline",2050,"ROMA",16397352,1339.382,35296.75,657.75,2.894,2.418
"Baseline",2050,"RSAF",269230978,2817.391,217196.08,8578.67,7.415,0.896
"Baseline",2050,"RUSS",132730511,6251.39,1660848.64,28412.99,5.577,6.185
"Baseline",2050,"SAAR",45056349,5531.538,683427.19,8466.77,5.432,1.29
"Baseline",2050,"SAFR",72754583,1848.4,281478.57,2971.87,7.082,0.247
"Baseline",2050,"SERB",6147681,414.973,7829.04,321.99,4.933,2.905
"Baseline",2050,"SING",6574759,2227.968,91496.58,114.7,3.183,0.493
"Baseline",2050,"SKRE",4964542,349.091,13167.49,79.11,1.263,0.807
"Baseline",2050,"SLOV",1941851,159.12,3406.58,62.89,2.985,0.458
"Baseline",2050,"SPAI",44394558,3309.98,67131.2,1545.7,2.298,0.824
"Baseline",2050,"SRIL",20792352,1245.957,22222.29,645.36,7.556,0.005
"Baseline",2050,"SWED",11626301,1215.978,20478.97,142.18,0.888,0.387
"Baseline",2050,"SWIT",9879901,1464.555,32774.12,199,3.055,0.468
"Baseline",2050,"TAIW",22770537,4033.303,490009.2,652.07,15.787,0.092
"Baseline",2050,"TANZ",138081621,662.036,48249.94,3769.95,9.147,0.52
"Baseline",2050,"THAI",65372344,4811.294,527428.35,4531.44,10.519,3.194
"Baseline",2050,"TURK",95626879,6725.955,362549.44,3101.06,9.253,5.438
"Baseline",2050,"UKRA",36415702,818.081,210381.23,1851.86,4.604,7.324
"Baseline",2050,"UNKI",75381137,5812.91,116102.83,1353.32,2.297,2.605
"Baseline",2050,"URUG",3662437,184.98,8529.07,1161.99,4.144,0.216
"Baseline",2050,"USAM",389591663,46140.1,2679568.09,27742.36,4.121,1.415
"Baseline",2050,"VENE",41584988,1379.249,234949.49,5402.5,9.038,0.243
"Baseline",2050,"VIET",114629852,2816.376,315040.64,4819.68,21.423,3.605
"Baseline",2050,"WAFR",706655475,3928.918,294545.47,15016.44,9.691,0.365
"Decarb",2050,"AFGH",61928118,76.858,261.28,539.25,7.428,0.291
"Decarb",2050,"ALBA",2663591,109.886,1932.43,76.89,1.214,0.139
"Decarb",2050,"ARGE",55228902,1974.34,38717.86,4806.55,0.804,0.071
"Decarb",2050,"ARME",2700184,754.378,1845.86,50.13,2.933,0.294
"Decarb",2050,"AUST",8877857,868.062,7265.21,247.44,0.818,0.456
"Decarb",2050,"AUTR",33186818,3360.18,52482.14,3016.66,0.621,0.016
"Decarb",2050,"AZER",11039198,2305.12,12477.73,279.45,0.996,0.354
"Decarb",2050,"BANG",201926816,4020.294,10313.01,4216.47,6.676,0.376
"Decarb",2050,"BELA",8570898,278.181,3130.37,485.44,0.587,0.284
"Decarb",2050,"BELG",12488233,986.029,12723.63,287.86,0.984,0.675
"Decarb",2050,"BHUT",994203,13.498,2115.98,33.55,0.779,0.037
"Decarb",2050,"BOHE",3058143,127.104,1393.46,52.16,1.13,0.329
"Decarb",2050,"BOLV",15903460,188.275,2155.89,1391.78,0.738,0.001
"Decarb",2050,"BRAZ",232688044,7405.93,177260.69,20708.35,1.414,0.306
"Decarb",2050,"BRUN",536723,211.732,1204.47,62.25,0.303,0.011
"Decarb",2050,"BULG",5423867,342.438,4638.95,88.49,0.551,0.205
"Decarb",2050,"CAMB",22019028,242.78,4844.11,580.72,0.781,0.049
"Decarb",2050,"CANA",44948602,3754.87,139534.69,2085.64,1.46,0.076
"Decarb",2050,"CARB",49553998,1094.704,24629.71,1231.88,0.543,0.021
"Decarb",2050,"CEAM",67283690,1035.488,9688.72,1898.93,0.85,0.002
"Decarb",2050,"CHIL",20718131,1295.675,12343.73,1180.78,4.422,0.094
"Decarb",2050,"CHIN",1373585405,69317.403,1597568.01,33445.01,7.101,4.413
"Decarb",2050,"COLO",54732755,1716.625,19012.51,3169.64,1.428,0.004
"Decarb",2050,"CROA",3460901,216.656,2704.05,99.69,0.399,0.265
"Decarb",2050,"CYPR",1382839,93.534,683.41,21.53,0.187,0
"Decarb",2050,"CZRE",10054302,722.802,7086.35,392.58,0.789,0.655
"Decarb",2050,"DENM",6314402,622.797,5725.06,308.09,0.554,0.182
"Decarb",2050,"EAFR",527853971,2872.603,46896.11,2300.68,0.771,0.036
"Decarb",2050,"ECUA",22968451,454.058,5529.86,529.55,0.691,0.001
"Decarb",2050,"EGYP",153433492,1152.978,77985.77,1242.58,2.275,0.315
"Decarb",2050,"ESTO",1144747,110.911,552.23,33.71,0.396,0.019
"Decarb",2050,"FINL",5866350,492.673,6713.76,303.1,0.388,0.057
"Decarb",2050,"FRAN",70608998,5290.46,27220.2,1704.85,1.852,2.842
"Decarb",2050,"GEOR",3393665,732.602,2724.96,71.39,2.01,0.187
"Decarb",2050,"GERM",79238486,7271.473,46346.62,1611.3,1.173,3.817
"Decarb",2050,"GREE",9981568,535.529,8354.91,376.57,1.617,0.19
"Decarb",2050,"HUNG",8278700,698.566,4761.83,207.62,1.032,0.767
"Decarb",2050,"ICEL",390071,59.576,1153.58,17.21,1.733,0.022
"Decarb",2050,"INDI",1658978161,47815,525843.42,30349.61,5.824,7.399
"Decarb",2050,"INDO",321550686,12570.1,191154.5,6680.96,6.437,0.524
"Decarb",2050,"IRAN",93553454,6240.193,202601.56,4724.38,3.573,0.403
"Decarb",2050,"IREL",5801399,1156.225,4140.31,623.61,0.428,0.082
"Decarb",2050,"ISRA",12577297,1759.274,3380.03,207.54,2.833,0.126
"Decarb",2050,"ITAL",55093194,3806.467,18052.32,1610.46,2.078,1.311
"Decarb",2050,"JAPA",108794446,7794.119,84479.37,1221.4,1.857,0.01
"Decarb",2050,"KENY",95467137,518.552,23030.21,1802.31,2.003,0.052
"Decarb",2050,"KORS",50456832,4190.751,97959.48,1269.3,5.049,0.359
"Decarb",2050,"KOSO",1299342,83.144,548.67,19.12,1.401,0.159
"Decarb",2050,"LAOS",9162892,123.843,7999.87,352.23,0.365,0.049
"Decarb",2050,"LATV",1517200,110.437,1034.06,51.87,0.589,0.078
"Decarb",2050,"LITH",2406723,194.123,1667.32,71.74,0.375,0.084
"Decarb",2050,"LUXE",795916,157.202,902.18,21.05,0.367,0.013
"Decarb",2050,"MACE",1931001,79.629,632.06,26.76,1.281,0.164
"Decarb",2050,"MALA",41729217,3375.635,45478.71,1066.64,3.552,1.282
"Decarb",2050,"MALT",419247,76.689,71.73,3.62,0.419,0
"Decarb",2050,"MEXI",164279302,6069.01,62480.05,5215.45,1.888,0.009
"Decarb",2050,"MIDE",224783262,3833.169,293228.59,4821.48,1.488,0.753
"Decarb",2050,"MOLD",3293157,100.748,1363.61,48.28,0.445,0.039
"Decarb",2050,"MONG",4075382,134.478,1023.2,650.89,1.406,0.036
"Decarb",2050,"MONT",587899,41.639,110.96,8.46,0.764,0.021
"Decarb",2050,"MYAN",62358925,573.631,4979.17,2221.68,1.074,0.067
"Decarb",2050,"NAFR",126085783,5428.622,117012.39,1957.37,1.043,0.077
"Decarb",2050,"NEPA",36106578,459.34,3482.71,1204.87,4.366,0.37
"Decarb",2050,"NETH",17517575,1752.857,9931.79,764.67,1.018,0.65
"Decarb",2050,"NIGE",410637868,6665.601,52985.83,6990.92,1.378,0.148
"Decarb",2050,"NORW",6801515,847.74,11249.93,151.53,0.259,0.046
"Decarb",2050,"NZEL",5711484,382.2,8483.3,1214.97,0.272,0
"Decarb",2050,"PAKI",306940442,5637.695,67278.74,10401.15,5.309,0.873
"Decarb",2050,"PARA",8897182,130.167,1107.68,1018.75,0.588,0.003
"Decarb",2050,"PERU",41620307,1084.399,9619.23,1224.36,2.459,0.106
"Decarb",2050,"PHIL",151293436,2907.139,38100.4,2317.18,1.698,0.118
"Decarb",2050,"POLA",32390037,2602.589,22301.34,732.21,0.956,1.497
"Decarb",2050,"PORT",8994594,589.23,5717.75,409.48,0.849,0.022
"Decarb",2050,"ROMA",16397352,1339.382,12844.05,379.75,0.845,0.713
"Decarb",2050,"RSAF",269230978,2817.391,49235.91,1402.57,0.725,0.132
"Decarb",2050,"RUSS",132730511,6251.39,226089.35,6493.78,1.391,1.268
"Decarb",2050,"SAAR",45056349,5531.538,208784.96,1738.5,0.404,0.171
"Decarb",2050,"SAFR",72754583,1848.4,42282.7,2324.73,1.544,0.09
"Decarb",2050,"SERB",6147681,478.469,2165.21,96.85,1.194,0.984
"Decarb",2050,"SING",6574759,2227.968,21260.66,74.62,0.659,0.125
"Decarb",2050,"SKRE",4964542,349.091,5596.69,75.95,0.532,0.3
"Decarb",2050,"SLOV",1941851,159.12,1059.78,64.14,0.924,0.141
"Decarb",2050,"SPAI",44394558,3309.98,23396.18,1497.24,1.225,0.375
"Decarb",2050,"SRIL",20792352,1245.957,9101.07,438.73,1.006,0.001
"Decarb",2050,"SWED",11626301,1215.978,5143.85,363.48,0.645,0.177
"Decarb",2050,"SWIT",9879901,1464.555,2063.8,230.66,1.391,0.205
"Decarb",2050,"TAIW",22770537,4033.303,86076.76,794.06,4.463,0.027
"Decarb",2050,"TANZ",138081621,662.036,8714.93,1949.53,1.071,0.069
"Decarb",2050,"THAI",65372344,4811.294,127263.12,2306.08,1.557,0.352
"Decarb",2050,"TURK",95626879,6725.955,96708.49,1672.2,2.328,0.826
"Decarb",2050,"UKRA",36415702,645.721,15497.97,671.91,0.823,1.063
"Decarb",2050,"UNKI",75381137,5812.91,39437.1,1548.7,1.195,1.201
"Decarb",2050,"URUG",3662437,184.98,1018.34,987.61,0.378,0.04
"Decarb",2050,"USAM",389591663,46140.1,907451.11,19250.85,1.403,0.39
"Decarb",2050,"VENE",41584988,1379.249,42894.34,1386.63,0.927,0.035
"Decarb",2050,"VIET",114629852,2816.376,89465.69,2613.89,3.339,0.592
"Decarb",2050,"WAFR",706655475,3928.918,72527.48,9048.78,1.206,0.057
