"REGION_4LETTER","Source","PM25_Contribution"
"AFGH","IRAN",0.107095046854083
"AFGH","KAZA",0.0309466019417476
"AFGH","MIDE",0.00924005280030171
"AFGH","PAKI",0.0608853052493007
"AFGH","RUSS",0.00391310214545945
"AFGH","SAAR",0.0261324041811847
"AFGH","OTHER",0.0254482500208166
"ALBA","AUST",0.00524205982115326
"ALBA","BELA",0.00259909031838856
"ALBA","BOHE",0.0755636303575853
"ALBA","BULG",0.0311111111111111
"ALBA","CROA",0.0195530726256983
"ALBA","CZRE",0.00830032069420864
"ALBA","FRAN",0.00383729854182655
"ALBA","GERM",0.00409617097061442
"ALBA","GREE",0.121593291404612
"ALBA","HUNG",0.0114850427350427
"ALBA","ITAL",0.0477264838597709
"ALBA","KOSO",0.253432907733076
"ALBA","MACE",0.2875
"ALBA","MOLD",0.00253807106598985
"ALBA","MONT",0.347674418604651
"ALBA","POLA",0.00766121734933945
"ALBA","ROMA",0.0120481927710843
"ALBA","RUSS",0.00458777492915936
"ALBA","SERB",0.0729878944436003
"ALBA","SKRE",0.0074673304293715
"ALBA","SLOV",0.00329308452250274
"ALBA","SPAI",0.0134275618374558
"ALBA","SWIT",0.00146198830409357
"ALBA","TURK",0.00759983418543596
"ALBA","UKRA",0.0106287760125308
"ALBA","UNKI",0.000986777185711467
"ALBA","OTHER",0.00555455327652724
"ARGE","BOLV",0.25
"ARGE","BRAZ",0.137981118373275
"ARGE","CHIL",0.103448275862069
"ARGE","PARA",0.952380952380952
"ARGE","URUG",0.994736842105263
"ARGE","OTHER",0.00392218768214494
"ARME","AZER",0.446037735849057
"ARME","GEOR",0.314363143631436
"ARME","KAZA",0.0112257281553398
"ARME","ROMA",0.00018254837531946
"ARME","RUSS",0.00904061530157873
"ARME","TKME",0.049306625577812
"ARME","TURK",0.171894431394224
"ARME","UKRA",0.00212575520250615
"ARME","UZBE",0.000195274360476469
"ARME","OTHER",0.00950623109162064
"AUST","BELA",0.00714749837556855
"AUST","BELG",0.00911321416053277
"AUST","BOHE",0.0222148814931043
"AUST","BULG",0.00622222222222222
"AUST","CROA",0.0634477254588987
"AUST","CZRE",0.0973401245048104
"AUST","DENM",0.0056657223796034
"AUST","FRAN",0.0184190330007675
"AUST","GERM",0.0563371920451172
"AUST","GREE",0.000698812019566737
"AUST","HUNG",0.0710470085470086
"AUST","ITAL",0.0494619923637626
"AUST","KOSO",0.0012045290291496
"AUST","LITH",0.00149253731343284
"AUST","LUXE",0.00862068965517242
"AUST","MACE",0.000520833333333333
"AUST","MOLD",0.0050761421319797
"AUST","NETH",0.0116982654296087
"AUST","POLA",0.0297400012064909
"AUST","ROMA",0.0122307411464038
"AUST","RUSS",0.0043179058156794
"AUST","SERB",0.0156004659879451
"AUST","SKRE",0.0665836963285625
"AUST","SLOV",0.222832052689352
"AUST","SPAI",0.00706713780918728
"AUST","SWED",0.00174520069808028
"AUST","SWIT",0.192982456140351
"AUST","TURK",0.00096725162360094
"AUST","UKRA",0.00816737525173417
"AUST","UNKI",0.00967041641997237
"AUST","OTHER",0.00213716728191179
"AUTR","OTHER",0.00278248077937217
"AZER","ARME",0.607920792079208
"AZER","BELA",0.000649772579597141
"AZER","GEOR",0.609756097560976
"AZER","GERM",5.93647966755714e-05
"AZER","KAZA",0.0388349514563107
"AZER","RUSS",0.0615301578734314
"AZER","TKME",0.212634822804314
"AZER","TURK",0.0378609921238082
"AZER","UKRA",0.0134258223316178
"AZER","UZBE",0.00390548720952939
"AZER","OTHER",0.0210386077881706
"BANG","BHUT",0.463636363636364
"BANG","INDI",0.452820891845282
"BANG","IRAN",0.126729138777332
"BANG","MIDE",0.00792004525740147
"BANG","MYAN",0.031578947368421
"BANG","NEPA",0.236102809324567
"BANG","PAKI",0.163238440019747
"BANG","SAAR",0.0278745644599303
"BANG","OTHER",0.0030444225485026
"BELA","AUST",0.00462534690101758
"BELA","BELG",0.00175254118471784
"BELA","BOHE",0.00545049137005533
"BELA","BULG",0.00488888888888889
"BELA","CROA",0.00239425379090184
"BELA","CZRE",0.0169779286926995
"BELA","DENM",0.0339943342776204
"BELA","ESTO",0.0592592592592593
"BELA","FINL",0.072289156626506
"BELA","FRAN",0.00317947593465629
"BELA","GERM",0.0147818343722173
"BELA","GREE",0.000698812019566737
"BELA","HUNG",0.0104166666666667
"BELA","ITAL",0.00312391530718501
"BELA","KAZA",0.00242718446601942
"BELA","KOSO",0.000240905805829921
"BELA","LATV",0.0982142857142857
"BELA","LITH",0.158208955223881
"BELA","MACE",0.000520833333333333
"BELA","MOLD",0.065989847715736
"BELA","NETH",0.00685760387252925
"BELA","NORW",0.0269360269360269
"BELA","POLA",0.0842130662966761
"BELA","ROMA",0.0171595472800292
"BELA","RUSS",0.0758332208878694
"BELA","SERB",0.00440662513295852
"BELA","SKRE",0.0180460485376478
"BELA","SLOV",0.0021953896816685
"BELA","SWED",0.0453752181500873
"BELA","SWIT",0.00292397660818713
"BELA","TURK",0.0059416885449772
"BELA","UKRA",0.0751846050570597
"BELA","UNKI",0.00177619893428064
"BELA","OTHER",0.00273911293680091
"BELG","AUST",0.00863398088189948
"BELG","CROA",0.000399042298483639
"BELG","CZRE",0.0164119977362762
"BELG","DENM",0.0325779036827195
"BELG","FRAN",0.190878193180572
"BELG","GERM",0.0906500445235975
"BELG","HUNG",0.000534188034188034
"BELG","ICEL",0.0454545454545454
"BELG","IREL",0.150819672131148
"BELG","ITAL",0.00416522040958001
"BELG","LUXE",0.396551724137931
"BELG","NETH",0.312626058894716
"BELG","NORW",0.0404040404040404
"BELG","POLA",0.0107980937443446
"BELG","PORT",0.0072992700729927
"BELG","ROMA",0.00018254837531946
"BELG","RUSS",0.00269869113479962
"BELG","SERB",5.06508635972243e-05
"BELG","SKRE",0.000622277535780959
"BELG","SLOV",0.00109769484083425
"BELG","SPAI",0.0332155477031802
"BELG","SWED",0.00698080279232112
"BELG","SWIT",0.033625730994152
"BELG","UKRA",0.00134258223316178
"BELG","UNKI",0.178211959739491
"BELG","OTHER",0.00208512587082628
"BHUT","BANG",0.132915360501567
"BHUT","CHIN",0.00146070698217937
"BHUT","INDI",0.11839010952093
"BHUT","IRAN",0.0120481927710843
"BHUT","NEPA",0.209802749551703
"BHUT","PAKI",0.00575942076682574
"BOHE","ALBA",0.0175202156334232
"BOHE","AUST",0.0333024976873266
"BOHE","BELA",0.00454840805717999
"BOHE","BELG",0.000701016473887137
"BOHE","BULG",0.0217777777777778
"BOHE","CROA",0.189146049481245
"BOHE","CZRE",0.0352763629503867
"BOHE","DENM",0.00141643059490085
"BOHE","FRAN",0.00581076636333735
"BOHE","GERM",0.0134164440486791
"BOHE","GREE",0.00419287211740042
"BOHE","HUNG",0.0579594017094017
"BOHE","ITAL",0.0371398819854217
"BOHE","KOSO",0.0185497470489039
"BOHE","LATV",0.00297619047619048
"BOHE","LITH",0.00149253731343284
"BOHE","MACE",0.00520833333333333
"BOHE","MOLD",0.0050761421319797
"BOHE","MONT",0.162790697674419
"BOHE","NETH",0.00121016538926987
"BOHE","POLA",0.023647222054654
"BOHE","ROMA",0.0239138371668492
"BOHE","RUSS",0.00580218593981919
"BOHE","SERB",0.0899559337486704
"BOHE","SKRE",0.0379589296826385
"BOHE","SLOV",0.0164654226125137
"BOHE","SPAI",0.0049469964664311
"BOHE","SWIT",0.00584795321637427
"BOHE","TURK",0.00331629128091751
"BOHE","UKRA",0.0135377041843813
"BOHE","UNKI",0.00197355437142293
"BOHE","OTHER",0.00335146687390713
"BOLV","ARGE",0.0119047619047619
"BOLV","BRAZ",0.0123456790123457
"BOLV","CHIL",0.0591133004926108
"BOLV","PERU",0.467065868263473
"BOLV","OTHER",0.0086284659579783
"BRAZ","ARGE",0.00297619047619048
"BRAZ","PARA",0.0476190476190476
"BRAZ","URUG",0.00526315789473684
"BRAZ","OTHER",0.00493699519831247
"BRUN","MALA",0.235969570833931
"BRUN","PHIL",0.202755905511811
"BRUN","OTHER",0.00137042382525188
"BULG","ALBA",0.0188679245283019
"BULG","AUST",0.00863398088189948
"BULG","AZER",0.000754716981132076
"BULG","BELA",0.0149447693307342
"BULG","BOHE",0.0310512841688001
"BULG","CROA",0.0103750997605746
"BULG","CZRE",0.0111299754763252
"BULG","FRAN",0.0019734678215108
"BULG","GEOR",0.002710027100271
"BULG","GERM",0.00522410210745028
"BULG","GREE",0.122990915443746
"BULG","HUNG",0.0208333333333333
"BULG","ITAL",0.00902464422075668
"BULG","KAZA",0.000910194174757282
"BULG","KOSO",0.0414357986027463
"BULG","LATV",0.00297619047619048
"BULG","LITH",0.00149253731343284
"BULG","MACE",0.0619791666666667
"BULG","MOLD",0.0913705583756345
"BULG","MONT",0.00465116279069767
"BULG","POLA",0.0127284792181939
"BULG","ROMA",0.136546184738956
"BULG","RUSS",0.0236135474294967
"BULG","SERB",0.0566276655016968
"BULG","SKRE",0.014934660858743
"BULG","SLOV",0.00329308452250274
"BULG","SWIT",0.00146198830409357
"BULG","TURK",0.0485007599834185
"BULG","UKRA",0.0636607742224211
"BULG","UNKI",0.00059206631142688
"BULG","OTHER",0.00382330900108246
"CAMB","CHIN",0.0106631609699094
"CAMB","LAOS",0.0906432748538012
"CAMB","MALA",0.000430601406631262
"CAMB","PHIL",0.0413385826771654
"CAMB","THAI",0.15178243292907
"CAMB","VIET",0.586871424269798
"CAMB","OTHER",0.0126495323211857
"CANA","USAM",0.869305856832972
"CANA","OTHER",0.00241645618807072
"CARB","USAM",0.017353579175705
"CARB","VENE",0.0392156862745098
"CARB","OTHER",0.00444433650670293
"CEAM","CARB",0.0558659217877095
"CEAM","COLO",0.09375
"CEAM","MEXI",0.589285714285714
"CEAM","USAM",0.000542299349240781
"CEAM","VENE",0.0522875816993464
"CEAM","OTHER",0.00391698354103639
"CHIL","ARGE",0.181547619047619
"CHIL","PERU",0.029940119760479
"CHIL","OTHER",6.24496933026174e-05
"CHIN","BANG",0.00626959247648903
"CHIN","BHUT",0.0522727272727273
"CHIN","INDI",0.000447938363681158
"CHIN","JAPA",0.0208333333333333
"CHIN","KAZA",0.00970873786407767
"CHIN","KORN",0.0316319194823868
"CHIN","KORS",0.114754098360656
"CHIN","KYRG",0.000757002271006813
"CHIN","LAOS",0.0292397660818713
"CHIN","MONG",0.743589743589744
"CHIN","MYAN",0.126315789473684
"CHIN","NEPA",0.0119545726240287
"CHIN","PHIL",0.147637795275591
"CHIN","RUSS",0.021184725408177
"CHIN","TAIW",0.929824561403509
"CHIN","THAI",0.0356486585814039
"CHIN","VIET",0.043360433604336
"CHIN","OTHER",0.00657629964750618
"COLO","CARB",0.162011173184358
"COLO","ECUA",0.428571428571429
"COLO","VENE",0.908496732026144
"COLO","OTHER",0.00283799161786339
"CROA","ALBA",0.0107816711590297
"CROA","AUST",0.0912735121800802
"CROA","BELA",0.00649772579597141
"CROA","BELG",0.00350508236943568
"CROA","BOHE",0.1474935998018
"CROA","BULG",0.0191111111111111
"CROA","CZRE",0.0548953027730617
"CROA","DENM",0.00141643059490085
"CROA","FRAN",0.00909987939918869
"CROA","GERM",0.0200653012763431
"CROA","GREE",0.00419287211740042
"CROA","HUNG",0.102297008547009
"CROA","ITAL",0.111940298507463
"CROA","KOSO",0.0130089135148157
"CROA","LATV",0.00297619047619048
"CROA","LITH",0.00149253731343284
"CROA","MACE",0.00572916666666667
"CROA","MOLD",0.00761421319796954
"CROA","MONT",0.0418604651162791
"CROA","NETH",0.00484066155707947
"CROA","POLA",0.027990589370815
"CROA","ROMA",0.0268346111719606
"CROA","RUSS",0.00553231682633922
"CROA","SERB",0.0618953553158081
"CROA","SKRE",0.0479153702551338
"CROA","SLOV",0.329308452250274
"CROA","SPAI",0.015547703180212
"CROA","SWED",0.00174520069808028
"CROA","SWIT",0.0190058479532164
"CROA","TURK",0.00248721846068813
"CROA","UKRA",0.0134258223316178
"CROA","UNKI",0.00493388592855733
"CROA","OTHER",0.00304268783479975
"CYPR","ALBA",0.00134770889487871
"CYPR","ARME",0.00198019801980198
"CYPR","AUST",0.000308356460067839
"CYPR","AZER",0.000754716981132076
"CYPR","BELA",0.00129954515919428
"CYPR","BOHE",0.0039639937236766
"CYPR","BULG",0.0111111111111111
"CYPR","CROA",0.000399042298483639
"CYPR","CZRE",0.000188643652141106
"CYPR","FRAN",0.000877096809560355
"CYPR","GEOR",0.002710027100271
"CYPR","GERM",0.000593647966755714
"CYPR","GREE",0.0803633822501747
"CYPR","HUNG",0.000267094017094017
"CYPR","ITAL",0.00711558486636585
"CYPR","KAZA",0.000910194174757282
"CYPR","KOSO",0.0012045290291496
"CYPR","MACE",0.00625
"CYPR","MOLD",0.00253807106598985
"CYPR","POLA",0.0013271400132714
"CYPR","ROMA",0.00273822562979189
"CYPR","RUSS",0.0120091755498583
"CYPR","SERB",0.00364686217900015
"CYPR","SPAI",0.00212014134275618
"CYPR","TURK",0.372391875086362
"CYPR","UKRA",0.0173416871783397
"CYPR","OTHER",0.0110015543034778
"CZRE","AUST",0.110083256244218
"CZRE","BELA",0.0129954515919428
"CZRE","BELG",0.0168243953732913
"CZRE","BOHE",0.0222974646956809
"CZRE","BULG",0.00755555555555556
"CZRE","CROA",0.0331205107741421
"CZRE","DENM",0.028328611898017
"CZRE","FRAN",0.0233527025545445
"CZRE","GERM",0.0777678836449985
"CZRE","GREE",0.000698812019566737
"CZRE","HUNG",0.0681089743589744
"CZRE","ITAL",0.0157931273863242
"CZRE","KOSO",0.00264996386412913
"CZRE","LATV",0.00297619047619048
"CZRE","LITH",0.00298507462686567
"CZRE","LUXE",0.0172413793103448
"CZRE","MACE",0.000520833333333333
"CZRE","MOLD",0.0050761421319797
"CZRE","NETH",0.0246066962484873
"CZRE","NORW",0.0168350168350168
"CZRE","POLA",0.0947095373107317
"CZRE","ROMA",0.0169769989047097
"CZRE","RUSS",0.00688166239373903
"CZRE","SERB",0.0176771513954313
"CZRE","SKRE",0.129433727442439
"CZRE","SLOV",0.0548847420417124
"CZRE","SPAI",0.00706713780918728
"CZRE","SWED",0.00523560209424084
"CZRE","SWIT",0.0526315789473684
"CZRE","TURK",0.00124360923034407
"CZRE","UKRA",0.0121951219512195
"CZRE","UNKI",0.0191434774028025
"CZRE","OTHER",0.00170175414249632
"DENM","AUST",0.00585877274128893
"DENM","BELA",0.0155945419103314
"DENM","BELG",0.0385559060637925
"DENM","BOHE",0.00181683045668511
"DENM","BULG",0.000444444444444445
"DENM","CROA",0.000798084596967279
"DENM","CZRE",0.0198075834748161
"DENM","ESTO",0.00740740740740741
"DENM","FINL",0.0391566265060241
"DENM","FRAN",0.0219274202390089
"DENM","GERM",0.0589492430988424
"DENM","HUNG",0.00454059829059829
"DENM","ICEL",0.136363636363636
"DENM","IREL",0.0819672131147541
"DENM","ITAL",0.000520652551197501
"DENM","LATV",0.0178571428571429
"DENM","LITH",0.0208955223880597
"DENM","LUXE",0.0258620689655172
"DENM","MOLD",0.00253807106598985
"DENM","NETH",0.0935861234368697
"DENM","NORW",0.202020202020202
"DENM","POLA",0.0371599203715992
"DENM","PORT",0.0072992700729927
"DENM","ROMA",0.00237312887915298
"DENM","RUSS",0.00985022264201862
"DENM","SERB",0.00126627158993061
"DENM","SKRE",0.0074673304293715
"DENM","SLOV",0.00109769484083425
"DENM","SPAI",0.0113074204946996
"DENM","SWED",0.2478184991274
"DENM","SWIT",0.00730994152046783
"DENM","TURK",0.000138178803371563
"DENM","UKRA",0.00604162004922802
"DENM","UNKI",0.0803236629169134
"DENM","OTHER",0.00276513364234367
"EAFR","EGYP",0.0622286541244573
"EAFR","INDI",0.000134381509104347
"EAFR","IRAN",0.00223114680946006
"EAFR","ISRA",0.0115961800818554
"EAFR","KENY",0.57617728531856
"EAFR","MIDE",0.0311144635112201
"EAFR","NAFR",0.00462962962962963
"EAFR","NIGE",0.00230769230769231
"EAFR","PAKI",0.000164554879052164
"EAFR","RSAF",0.0782967032967033
"EAFR","SAAR",0.0813008130081301
"EAFR","SAFR",0.013953488372093
"EAFR","TANZ",0.397540983606557
"EAFR","WAFR",0.21763085399449
"EAFR","OTHER",0.0294849288073496
"ECUA","COLO",0.34375
"ECUA","PERU",0.502994011976048
"ECUA","OTHER",0.00263676482833273
"EGYP","ISRA",0.328103683492497
"EGYP","MIDE",0.0561946068263247
"EGYP","NAFR",0.493055555555556
"EGYP","NIGE",0.200769230769231
"EGYP","RUSS",0.0110646336526784
"EGYP","SAAR",0.0110336817653891
"EGYP","OTHER",0.0391854478336895
"ESTO","AUST",0.000925069380203516
"ESTO","BELA",0.0851202079272255
"ESTO","BELG",0.00350508236943568
"ESTO","BOHE",0.00132133124122553
"ESTO","BULG",0.000444444444444445
"ESTO","CROA",0.000399042298483639
"ESTO","CZRE",0.00565930956423316
"ESTO","DENM",0.0453257790368272
"ESTO","FINL",0.424698795180723
"ESTO","FRAN",0.00241201622629098
"ESTO","GERM",0.00801424755120213
"ESTO","HUNG",0.00240384615384615
"ESTO","ITAL",0.000347101700798334
"ESTO","KAZA",0.000303398058252427
"ESTO","LATV",0.383928571428571
"ESTO","LITH",0.12089552238806
"ESTO","MOLD",0.00761421319796954
"ESTO","NETH",0.0072609923356192
"ESTO","NORW",0.074074074074074
"ESTO","POLA",0.0226217047716716
"ESTO","ROMA",0.00383351588170865
"ESTO","RUSS",0.049655916880313
"ESTO","SERB",0.00101301727194449
"ESTO","SKRE",0.00435594275046671
"ESTO","SLOV",0.00109769484083425
"ESTO","SWED",0.130890052356021
"ESTO","TURK",0.0011054304269725
"ESTO","UKRA",0.0143208771537257
"ESTO","UNKI",0.00276297611999211
"ESTO","OTHER",0.00232451636181965
"FINL","AUST",0.000308356460067839
"FINL","BELA",0.0357374918778428
"FINL","BELG",0.00210304942166141
"FINL","BOHE",8.25832025765959e-05
"FINL","CROA",0.000399042298483639
"FINL","CZRE",0.00301829843425769
"FINL","DENM",0.0325779036827195
"FINL","ESTO",0.340740740740741
"FINL","FRAN",0.00164455651792567
"FINL","GERM",0.00480854853072128
"FINL","HUNG",0.000801282051282051
"FINL","ICEL",0.0454545454545454
"FINL","LATV",0.0833333333333333
"FINL","LITH",0.0402985074626866
"FINL","MOLD",0.00253807106598985
"FINL","NETH",0.00484066155707947
"FINL","NORW",0.0875420875420875
"FINL","POLA",0.0111600410206913
"FINL","ROMA",0.00164293537787514
"FINL","RUSS",0.0303602752664957
"FINL","SERB",0.000455857772375019
"FINL","SKRE",0.00124455507156192
"FINL","SWED",0.139616055846422
"FINL","TURK",0.000414536410114688
"FINL","UKRA",0.00693667487133587
"FINL","UNKI",0.00236826524570752
"FINL","OTHER",0.00213716728191179
"FRAN","AUST",0.00925069380203516
"FRAN","BELG",0.0816684192078514
"FRAN","BOHE",0.000990998430919151
"FRAN","CROA",0.000798084596967279
"FRAN","CZRE",0.0105640445199019
"FRAN","DENM",0.0084985835694051
"FRAN","GERM",0.0347284060552092
"FRAN","HUNG",0.000534188034188034
"FRAN","ICEL",0.0454545454545454
"FRAN","IREL",0.0688524590163934
"FRAN","ITAL",0.019784796945505
"FRAN","LUXE",0.112068965517241
"FRAN","NETH",0.0496167809600645
"FRAN","NORW",0.00673400673400673
"FRAN","POLA",0.0053085600530856
"FRAN","PORT",0.0364963503649635
"FRAN","ROMA",0.00018254837531946
"FRAN","RUSS",0.000944541897179868
"FRAN","SERB",0.000405206908777795
"FRAN","SKRE",0.000622277535780959
"FRAN","SLOV",0.0021953896816685
"FRAN","SPAI",0.0946996466431096
"FRAN","SWED",0.00174520069808028
"FRAN","SWIT",0.140350877192982
"FRAN","UKRA",0.000559409263817409
"FRAN","UNKI",0.0722320899940794
"FRAN","OTHER",0.00257951927613867
"GEOR","ARME",0.344554455445545
"GEOR","AZER",0.476981132075472
"GEOR","BELA",0.00129954515919428
"GEOR","BULG",0.000888888888888889
"GEOR","GERM",0.000118729593351143
"GEOR","KAZA",0.0139563106796117
"GEOR","MOLD",0.00253807106598985
"GEOR","POLA",0.000422271822404536
"GEOR","ROMA",0.000547645125958379
"GEOR","RUSS",0.028741060585616
"GEOR","SERB",0.000101301727194449
"GEOR","TKME",0.0662557781201849
"GEOR","TURK",0.0864999309105983
"GEOR","UKRA",0.0139852315954352
"GEOR","UZBE",0.000195274360476469
"GEOR","OTHER",0.00785825307391268
"GERM","AUST",0.0585877274128893
"GERM","BELA",0.00584795321637427
"GERM","BELG",0.101296880476691
"GERM","BOHE",0.00239491287472128
"GERM","BULG",0.000444444444444445
"GERM","CROA",0.0019952114924182
"GERM","CZRE",0.0639501980758348
"GERM","DENM",0.0538243626062323
"GERM","FINL",0.00301204819277108
"GERM","FRAN",0.0681942769433176
"GERM","HUNG",0.00587606837606838
"GERM","ICEL",0.0454545454545454
"GERM","IREL",0.0426229508196721
"GERM","ITAL",0.00763623741756335
"GERM","LATV",0.00297619047619048
"GERM","LITH",0.00298507462686567
"GERM","LUXE",0.189655172413793
"GERM","MOLD",0.00253807106598985
"GERM","NETH",0.159338442920533
"GERM","NORW",0.0336700336700337
"GERM","POLA",0.0298003257525487
"GERM","PORT",0.0072992700729927
"GERM","ROMA",0.0018254837531946
"GERM","RUSS",0.00404803670219943
"GERM","SERB",0.00177278022590285
"GERM","SKRE",0.00933416303671438
"GERM","SLOV",0.00548847420417124
"GERM","SPAI",0.0183745583038869
"GERM","SWED",0.0191972076788831
"GERM","SWIT",0.169590643274854
"GERM","UKRA",0.0036921011411949
"GERM","UNKI",0.065916716005526
"GERM","OTHER",0.00168961114657637
"GREE","ALBA",0.0606469002695418
"GREE","AUST",0.00154178230033919
"GREE","BELA",0.00649772579597141
"GREE","BOHE",0.0213064662647617
"GREE","BULG",0.142222222222222
"GREE","CROA",0.00399042298483639
"GREE","CZRE",0.00490473495566874
"GREE","FRAN",0.00208310492270584
"GREE","GERM",0.00267141585040071
"GREE","HUNG",0.00560897435897436
"GREE","ITAL",0.0213467545990975
"GREE","KOSO",0.0460130089135148
"GREE","MACE",0.116145833333333
"GREE","MOLD",0.0177664974619289
"GREE","MONT",0.013953488372093
"GREE","POLA",0.00621342824395246
"GREE","ROMA",0.0237312887915298
"GREE","RUSS",0.0170017541492376
"GREE","SERB",0.0282631818872512
"GREE","SKRE",0.00373366521468575
"GREE","SLOV",0.00109769484083425
"GREE","SPAI",0.00848056537102474
"GREE","TURK",0.094514301506149
"GREE","UKRA",0.0409487581114343
"GREE","UNKI",0.000789421748569173
"GREE","OTHER",0.0070065086458131
"HUNG","ALBA",0.00269541778975741
"HUNG","AUST",0.0977489978415048
"HUNG","BELA",0.0155945419103314
"HUNG","BELG",0.00560813179109709
"HUNG","BOHE",0.0514493352052193
"HUNG","BULG",0.0342222222222222
"HUNG","CROA",0.124501197126896
"HUNG","CZRE",0.089417091114884
"HUNG","DENM",0.0028328611898017
"HUNG","FRAN",0.0105251617147243
"HUNG","GERM",0.0262392401306025
"HUNG","GREE",0.00419287211740042
"HUNG","ITAL",0.0376605345366192
"HUNG","KOSO",0.0199951818838834
"HUNG","LATV",0.00297619047619048
"HUNG","LITH",0.00149253731343284
"HUNG","MACE",0.00989583333333333
"HUNG","MOLD",0.0152284263959391
"HUNG","MONT",0.00348837209302326
"HUNG","NETH",0.00766438079870916
"HUNG","NORW",0.00336700336700337
"HUNG","POLA",0.0629788260843337
"HUNG","ROMA",0.121942314713399
"HUNG","RUSS",0.00917554985831871
"HUNG","SERB",0.0624525148153776
"HUNG","SKRE",0.296204107031736
"HUNG","SLOV",0.0976948408342481
"HUNG","SPAI",0.00212014134275618
"HUNG","SWED",0.00174520069808028
"HUNG","SWIT",0.0248538011695906
"HUNG","TURK",0.00414536410114688
"HUNG","UKRA",0.0344596106511524
"HUNG","UNKI",0.00809157292283403
"HUNG","OTHER",0.00215277970523745
"ICEL","GERM",0.000118729593351143
"ICEL","UNKI",0.000789421748569173
"ICEL","OTHER",0.00227420966443698
"INDI","AFGH",0.199124726477024
"INDI","BANG",0.435109717868339
"INDI","BHUT",0.340909090909091
"INDI","CHIN",0.00019476093095725
"INDI","IRAN",0.140562248995984
"INDI","KAZA",0.000606796116504854
"INDI","MIDE",0.0377145012257213
"INDI","MYAN",0.210526315789474
"INDI","NEPA",0.5415421398685
"INDI","PAKI",0.560309363172618
"INDI","SAAR",0.0789779326364692
"INDI","SRIL",1
"INDI","OTHER",0.0135724000111022
"INDO","AUTR",0.75
"INDO","MALA",0.0113391703746232
"INDO","PHIL",0.00590551181102362
"INDO","SING",0.174940898345154
"INDO","THAI",0.000367511944138184
"INDO","VIET",0.000602228244504667
"INDO","OTHER",0.00230369979738544
"IRAN","AFGH",0.00273522975929978
"IRAN","EGYP",0.0065123010130246
"IRAN","ISRA",0.0395634379263302
"IRAN","KAZA",0.0157766990291262
"IRAN","MIDE",0.128417876673581
"IRAN","NIGE",0.0515384615384615
"IRAN","PAKI",0.000658219516208656
"IRAN","RUSS",0.00620698961003913
"IRAN","SAAR",0.170150987224158
"IRAN","OTHER",0.0635998084876072
"IREL","AUST",0.000308356460067839
"IREL","BELG",0.0136698212407992
"IREL","CZRE",0.00132050556498774
"IREL","DENM",0.0212464589235127
"IREL","FRAN",0.0166648393816467
"IREL","GERM",0.00712377560106856
"IREL","ICEL",0.227272727272727
"IREL","ITAL",0.000173550850399167
"IREL","NETH",0.0205728116175877
"IREL","NORW",0.0168350168350168
"IREL","POLA",0.000301622730288955
"IREL","PORT",0.0072992700729927
"IREL","RUSS",0.000134934556739981
"IREL","SPAI",0.0120141342756184
"IREL","SWED",0.00523560209424084
"IREL","SWIT",0.00146198830409357
"IREL","UNKI",0.149990132228143
"IREL","OTHER",0.0025222737239446
"ISRA","EGYP",0.549204052098408
"ISRA","MIDE",0.265132943616821
"ISRA","NAFR",0.284722222222222
"ISRA","NIGE",0.146923076923077
"ISRA","RUSS",0.0121441101065983
"ISRA","SAAR",0.0911730545876887
"ISRA","OTHER",0.0232226123400594
"ITAL","ALBA",0.00539083557951483
"ITAL","AUST",0.0407030527289547
"ITAL","BELA",0.000649772579597141
"ITAL","BELG",0.000701016473887137
"ITAL","BOHE",0.0216367990750681
"ITAL","BULG",0.00311111111111111
"ITAL","CROA",0.034317637669593
"ITAL","CZRE",0.0122618373891719
"ITAL","FRAN",0.0213792347330337
"ITAL","GERM",0.0089047195013357
"ITAL","GREE",0.00279524807826695
"ITAL","HUNG",0.00801282051282051
"ITAL","KOSO",0.00650445675740785
"ITAL","MACE",0.003125
"ITAL","MOLD",0.00253807106598985
"ITAL","MONT",0.0116279069767442
"ITAL","NETH",0.000806776926179911
"ITAL","POLA",0.00675634915847258
"ITAL","PORT",0.0072992700729927
"ITAL","ROMA",0.00328587075575027
"ITAL","RUSS",0.00161921468087977
"ITAL","SERB",0.00815478903915312
"ITAL","SKRE",0.00622277535780958
"ITAL","SLOV",0.125137211855104
"ITAL","SPAI",0.0515901060070671
"ITAL","SWIT",0.138888888888889
"ITAL","TURK",0.00124360923034407
"ITAL","UKRA",0.0036921011411949
"ITAL","UNKI",0.00276297611999211
"ITAL","OTHER",0.00488668850092981
"JAPA","CHIN",0.0365663647872237
"JAPA","KORN",0.0316319194823868
"JAPA","KORS",0.190346083788707
"JAPA","PHIL",0.00196850393700787
"JAPA","RUSS",0.00580218593981919
"JAPA","TAIW",0.0701754385964912
"JAPA","OTHER",0.00389269754919648
"KAZA","AZER",0.0030188679245283
"KAZA","BELA",0.00129954515919428
"KAZA","KYRG",0.149129447388342
"KAZA","RUSS",0.0433139927135339
"KAZA","TAJI",0.0408830744071954
"KAZA","TKME",0.0416024653312789
"KAZA","TURK",0.000414536410114688
"KAZA","UKRA",0.00391586484672186
"KAZA","UZBE",0.0890451083772701
"KAZA","OTHER",0.0149636404007883
"KENY","EAFR",0.485074626865672
"KENY","MIDE",0.00773147275127286
"KENY","SAAR",0.0110336817653891
"KENY","SAFR",0.00775193798449612
"KENY","TANZ",0.522540983606557
"KENY","OTHER",0.00623803047545033
"KORN","CHIN",0.351835621774272
"KORN","KORS",0.694899817850638
"KORN","MONG",0.0427350427350427
"KORN","RUSS",0.0245580893266766
"KORN","OTHER",0.00397769852063616
"KORS","CHIN",0.324228259811082
"KORS","JAPA",0.979166666666667
"KORS","KORN",0.929547088425593
"KORS","RUSS",0.028336256915396
"KORS","OTHER",0.00382330900108246
"KOSO","ALBA",0.304582210242588
"KOSO","AUST",0.00832562442183164
"KOSO","BELA",0.00454840805717999
"KOSO","BELG",0.000350508236943568
"KOSO","BOHE",0.0820877033611363
"KOSO","BULG",0.0653333333333333
"KOSO","CROA",0.0155626496408619
"KOSO","CZRE",0.0147142048670062
"KOSO","FRAN",0.00230237912509593
"KOSO","GERM",0.00605520926090828
"KOSO","GREE",0.13696715583508
"KOSO","HUNG",0.0275106837606838
"KOSO","ITAL",0.019784796945505
"KOSO","MACE",0.354166666666667
"KOSO","MOLD",0.00761421319796954
"KOSO","MONT",0.196511627906977
"KOSO","NETH",0.000403388463089956
"KOSO","POLA",0.0134523737708874
"KOSO","ROMA",0.0284775465498357
"KOSO","RUSS",0.00701659695047902
"KOSO","SERB",0.247733373854024
"KOSO","SKRE",0.0205351586807716
"KOSO","SLOV",0.00329308452250274
"KOSO","SPAI",0.000706713780918728
"KOSO","SWIT",0.00146198830409357
"KOSO","TURK",0.0113306618764682
"KOSO","UKRA",0.018124860147684
"KOSO","OTHER",0.00398637208915041
"KYRG","AZER",0.00150943396226415
"KYRG","KAZA",0.221480582524272
"KYRG","RUSS",0.00485764404263932
"KYRG","TAJI",0.238757154538021
"KYRG","TKME",0.0323574730354391
"KYRG","UZBE",0.444249170083968
"KYRG","OTHER",0.00958776263565462
"LAOS","CAMB",0.197478991596639
"LAOS","CHIN",0.0448437043529068
"LAOS","INDI",6.71907545521736e-05
"LAOS","MYAN",0.347368421052632
"LAOS","THAI",0.561190738699008
"LAOS","VIET",0.242095754290876
"LAOS","OTHER",0.0218279025229676
"LATV","AUST",0.00308356460067839
"LATV","BELA",0.155945419103314
"LATV","BELG",0.00560813179109709
"LATV","BOHE",0.00256007927987447
"LATV","BULG",0.000888888888888889
"LATV","CROA",0.00119712689545092
"LATV","CZRE",0.0116959064327485
"LATV","DENM",0.0665722379603399
"LATV","ESTO",0.325925925925926
"LATV","FINL",0.156626506024096
"LATV","FRAN",0.00383729854182655
"LATV","GERM",0.013713268032057
"LATV","HUNG",0.00480769230769231
"LATV","ITAL",0.001041305102395
"LATV","KAZA",0.000303398058252427
"LATV","KOSO",0.000240905805829921
"LATV","LITH",0.522388059701492
"LATV","MOLD",0.0152284263959391
"LATV","NETH",0.0121016538926987
"LATV","NORW",0.0606060606060606
"LATV","POLA",0.0486215841225795
"LATV","ROMA",0.00675428988682001
"LATV","RUSS",0.0435838618270139
"LATV","SERB",0.00202603454388897
"LATV","SKRE",0.00995644057249534
"LATV","SLOV",0.00109769484083425
"LATV","SWED",0.115183246073298
"LATV","SWIT",0.00292397660818713
"LATV","TURK",0.00165814564045875
"LATV","UKRA",0.0253971805773104
"LATV","UNKI",0.00513124136569963
"LATV","OTHER",0.00226553609592273
"LITH","AUST",0.00555041628122109
"LITH","BELA",0.239766081871345
"LITH","BELG",0.0077111812127585
"LITH","BOHE",0.00429432653398299
"LITH","BULG",0.00266666666666667
"LITH","CROA",0.0019952114924182
"LITH","CZRE",0.0188643652141106
"LITH","DENM",0.0835694050991501
"LITH","ESTO",0.125925925925926
"LITH","FINL",0.0933734939759036
"LITH","FRAN",0.00581076636333735
"LITH","GERM",0.0197684772929653
"LITH","HUNG",0.00988247863247863
"LITH","IREL",0.00327868852459016
"LITH","ITAL",0.0026032627559875
"LITH","KOSO",0.000240905805829921
"LITH","LATV",0.279761904761905
"LITH","MACE",0.000520833333333333
"LITH","MOLD",0.032994923857868
"LITH","NETH",0.0161355385235982
"LITH","NORW",0.0572390572390572
"LITH","POLA",0.0923568800144779
"LITH","ROMA",0.0109529025191676
"LITH","RUSS",0.0565375792740521
"LITH","SERB",0.00334295699741681
"LITH","SKRE",0.0174237710018668
"LITH","SLOV",0.0021953896816685
"LITH","SWED",0.0959860383944153
"LITH","SWIT",0.00584795321637427
"LITH","TURK",0.00207268205057344
"LITH","UKRA",0.0362497202953681
"LITH","UNKI",0.00651272942569568
"LITH","OTHER",0.00217706569707735
"LUXE","AUST",0.0203515263644773
"LUXE","BELA",0.00129954515919428
"LUXE","BELG",0.24360322467578
"LUXE","BOHE",8.25832025765959e-05
"LUXE","CROA",0.000399042298483639
"LUXE","CZRE",0.0273533295604603
"LUXE","DENM",0.0141643059490085
"LUXE","FRAN",0.205459927639513
"LUXE","GERM",0.126684476105669
"LUXE","HUNG",0.00186965811965812
"LUXE","IREL",0.0459016393442623
"LUXE","ITAL",0.00694203401596668
"LUXE","NETH",0.0992335619201291
"LUXE","NORW",0.0202020202020202
"LUXE","POLA",0.0107377691982868
"LUXE","PORT",0.0072992700729927
"LUXE","ROMA",0.000365096750638919
"LUXE","RUSS",0.00188908379435974
"LUXE","SERB",0.000506508635972243
"LUXE","SKRE",0.00373366521468575
"LUXE","SLOV",0.00109769484083425
"LUXE","SPAI",0.0296819787985866
"LUXE","SWED",0.00174520069808028
"LUXE","SWIT",0.0687134502923976
"LUXE","UKRA",0.00156634593868874
"LUXE","UNKI",0.0759818432997829
"LUXE","OTHER",0.00139817924449749
"MACE","ALBA",0.216981132075472
"MACE","AUST",0.00647548566142461
"MACE","BELA",0.00454840805717999
"MACE","BOHE",0.0495499215459576
"MACE","BULG",0.0982222222222222
"MACE","CROA",0.0103750997605746
"MACE","CZRE",0.0109413318241841
"MACE","FRAN",0.00230237912509593
"MACE","GERM",0.00468981893737014
"MACE","GREE",0.361285814116003
"MACE","HUNG",0.0211004273504274
"MACE","ITAL",0.0163137799375217
"MACE","KOSO",0.318236569501325
"MACE","MOLD",0.00761421319796954
"MACE","MONT",0.0465116279069767
"MACE","POLA",0.0104964710140556
"MACE","ROMA",0.0237312887915298
"MACE","RUSS",0.007151531507219
"MACE","SERB",0.118877576862685
"MACE","SKRE",0.014934660858743
"MACE","SLOV",0.00329308452250274
"MACE","SPAI",0.00212014134275618
"MACE","SWIT",0.00146198830409357
"MACE","TURK",0.0197595688821335
"MACE","UKRA",0.0187961512642649
"MACE","UNKI",0.000394710874284587
"MACE","OTHER",0.0037868800133226
"MALA","AUTR",0.0131578947368421
"MALA","BRUN",1
"MALA","INDO",0.1499665998664
"MALA","PHIL",0.330708661417323
"MALA","SING",0.825059101654846
"MALA","THAI",0.0305034913634693
"MALA","VIET",0.00511894007828967
"MALA","OTHER",0.00230023036997974
"MALT","ALBA",0.00808625336927224
"MALT","AUST",0.00123342584027135
"MALT","BELG",0.000350508236943568
"MALT","BOHE",0.021058716657032
"MALT","BULG",0.00755555555555556
"MALT","CROA",0.00438946528332003
"MALT","CZRE",0.00490473495566874
"MALT","FRAN",0.0177612103935972
"MALT","GERM",0.00314633422380528
"MALT","GREE",0.0125786163522013
"MALT","HUNG",0.00106837606837607
"MALT","ITAL",0.128427629295384
"MALT","KOSO",0.0122861960973259
"MALT","MACE",0.0125
"MALT","MOLD",0.00253807106598985
"MALT","MONT",0.00116279069767442
"MALT","POLA",0.00319720094106292
"MALT","ROMA",0.00219058050383352
"MALT","RUSS",0.00161921468087977
"MALT","SERB",0.00678721572202806
"MALT","SKRE",0.000622277535780959
"MALT","SLOV",0.0021953896816685
"MALT","SPAI",0.0918727915194347
"MALT","SWIT",0.00146198830409357
"MALT","TURK",0.00525079452811939
"MALT","UKRA",0.00290892817185053
"MALT","UNKI",0.00177619893428064
"MALT","OTHER",0.0157737517000194
"MEXI","CARB",0.0614525139664804
"MEXI","CEAM",1
"MEXI","USAM",0.112798264642082
"MEXI","OTHER",0.0046837269976963
"MIDE","EAFR",0.0194029850746269
"MIDE","EGYP",0.115774240231548
"MIDE","INDI",0.00145579968196376
"MIDE","IRAN",0.195894689870593
"MIDE","ISRA",0.386084583901774
"MIDE","KAZA",0.000606796116504854
"MIDE","NAFR",0.0393518518518519
"MIDE","NIGE",0.0623076923076923
"MIDE","PAKI",0.00362020733914761
"MIDE","RUSS",0.00175414923761975
"MIDE","SAAR",0.398954703832753
"MIDE","OTHER",0.0463081822975936
"MOLD","ALBA",0.00134770889487871
"MOLD","ARME",0.00198019801980198
"MOLD","AUST",0.00524205982115326
"MOLD","AZER",0.00150943396226415
"MOLD","BELA",0.0656270305393113
"MOLD","BOHE",0.00941448509373194
"MOLD","BULG",0.0733333333333333
"MOLD","CROA",0.00279329608938548
"MOLD","CZRE",0.0122618373891719
"MOLD","DENM",0.0028328611898017
"MOLD","ESTO",0.00740740740740741
"MOLD","FINL",0.00301204819277108
"MOLD","FRAN",0.00153491941673062
"MOLD","GEOR",0.005420054200542
"MOLD","GERM",0.00759869397447314
"MOLD","GREE",0.0139762403913347
"MOLD","HUNG",0.0144230769230769
"MOLD","ITAL",0.00433877125997917
"MOLD","KAZA",0.00485436893203884
"MOLD","KOSO",0.0081907973982173
"MOLD","LATV",0.00595238095238095
"MOLD","LITH",0.0119402985074627
"MOLD","MACE",0.003125
"MOLD","MONT",0.00116279069767442
"MOLD","NETH",0.000806776926179911
"MOLD","POLA",0.0400554985823732
"MOLD","ROMA",0.220335889010588
"MOLD","RUSS",0.0539738226959924
"MOLD","SERB",0.0097756166742643
"MOLD","SKRE",0.0174237710018668
"MOLD","SLOV",0.0021953896816685
"MOLD","SWED",0.00174520069808028
"MOLD","TURK",0.0344065220395191
"MOLD","UKRA",0.218169612888789
"MOLD","UNKI",0.000197355437142293
"MOLD","OTHER",0.00350065225235227
"MONG","CHIN",0.003116174895316
"MONG","KAZA",0.0136529126213592
"MONG","RUSS",0.0268519767912562
"MONG","OTHER",0.0157286491437453
"MONT","ALBA",0.303234501347709
"MONT","AUST",0.00647548566142461
"MONT","BELA",0.0032488628979857
"MONT","BELG",0.000350508236943568
"MONT","BOHE",0.15988108018829
"MONT","BULG",0.0204444444444444
"MONT","CROA",0.0227454110135674
"MONT","CZRE",0.0111299754763252
"MONT","FRAN",0.00274092752987611
"MONT","GERM",0.00451172454734342
"MONT","GREE",0.0216631726065688
"MONT","HUNG",0.0144230769230769
"MONT","ITAL",0.0263797292606734
"MONT","KOSO",0.115152975186702
"MONT","MACE",0.0395833333333333
"MONT","MOLD",0.00253807106598985
"MONT","NETH",0.000403388463089956
"MONT","POLA",0.00947095373107317
"MONT","ROMA",0.0124132895217233
"MONT","RUSS",0.00445284037241938
"MONT","SERB",0.0714683685356835
"MONT","SKRE",0.0112009956440573
"MONT","SLOV",0.00329308452250274
"MONT","SPAI",0.00848056537102474
"MONT","SWIT",0.00146198830409357
"MONT","TURK",0.0048362581180047
"MONT","UKRA",0.0105168941597673
"MONT","UNKI",0.000789421748569173
"MONT","OTHER",0.00455362346998252
"MYAN","BANG",0.287147335423198
"MYAN","CHIN",0.00365176745544844
"MYAN","INDI",0.03946336984031
"MYAN","LAOS",0.0467836257309942
"MYAN","MIDE",0.000188572506128606
"MYAN","NEPA",0.000597728631201434
"MYAN","PAKI",0.00724041467829521
"MYAN","SAAR",0.00522648083623693
"MYAN","THAI",0.104740904079383
"MYAN","VIET",0.004516711833785
"MYAN","OTHER",0.0183133725609925
"NAFR","NIGE",0.0776923076923077
"NAFR","OTHER",0.0233683282910988
"NEPA","AFGH",0.012582056892779
"NEPA","BANG",0.125391849529781
"NEPA","BHUT",0.111363636363636
"NEPA","CHIN",0.000486902327393125
"NEPA","INDI",0.302447983157518
"NEPA","IRAN",0.134315037929496
"NEPA","MIDE",0.0030171600980577
"NEPA","PAKI",0.198124074378805
"NEPA","SAAR",0.00580720092915215
"NEPA","OTHER",0.00728232812456632
"NETH","AUST",0.0080172679617638
"NETH","BELA",0.00259909031838856
"NETH","BELG",0.355765860497722
"NETH","CROA",0.000399042298483639
"NETH","CZRE",0.0213167326919449
"NETH","DENM",0.0665722379603399
"NETH","FRAN",0.105580528450828
"NETH","GERM",0.117304838230929
"NETH","HUNG",0.00106837606837607
"NETH","ICEL",0.0909090909090909
"NETH","IREL",0.173770491803279
"NETH","ITAL",0.00312391530718501
"NETH","LATV",0.00297619047619048
"NETH","LITH",0.00149253731343284
"NETH","LUXE",0.206896551724138
"NETH","NORW",0.0471380471380471
"NETH","POLA",0.0170718465343548
"NETH","PORT",0.0072992700729927
"NETH","ROMA",0.000365096750638919
"NETH","RUSS",0.00377816758871947
"NETH","SERB",5.06508635972243e-05
"NETH","SKRE",0.00186683260734288
"NETH","SLOV",0.00109769484083425
"NETH","SPAI",0.0303886925795053
"NETH","SWED",0.0191972076788831
"NETH","SWIT",0.0175438596491228
"NETH","UKRA",0.00223763705526964
"NETH","UNKI",0.198144858890863
"NETH","OTHER",0.00242686447028782
"NIGE","EGYP",0.0289435600578871
"NIGE","NAFR",0.0787037037037037
"NIGE","RSAF",0.00824175824175824
"NIGE","WAFR",0.713498622589532
"NIGE","OTHER",0.0437529490132949
"NORW","AUST",0.000308356460067839
"NORW","BELA",0.00519818063677713
"NORW","BELG",0.00420609884332282
"NORW","CZRE",0.00226372382569327
"NORW","DENM",0.0920679886685552
"NORW","ESTO",0.00740740740740741
"NORW","FINL",0.0301204819277108
"NORW","FRAN",0.0039469356430216
"NORW","GERM",0.00676758682101514
"NORW","HUNG",0.000267094017094017
"NORW","ICEL",0.136363636363636
"NORW","IREL",0.0163934426229508
"NORW","LATV",0.00595238095238095
"NORW","LITH",0.00447761194029851
"NORW","NETH",0.00927793465106898
"NORW","POLA",0.00591180551366351
"NORW","ROMA",0.00018254837531946
"NORW","RUSS",0.00512751315611928
"NORW","SERB",0.000101301727194449
"NORW","SKRE",0.000622277535780959
"NORW","SPAI",0.000706713780918728
"NORW","SWED",0.0959860383944153
"NORW","UKRA",0.00201387334974267
"NORW","UNKI",0.0187487665285179
"NORW","OTHER",0.00214237142302035
"NZEL","OTHER",0.00177981625912459
"PAKI","AFGH",0.785557986870897
"PAKI","INDI",0.0720060919617461
"PAKI","IRAN",0.145917001338688
"PAKI","ISRA",0.00750341064120055
"PAKI","KAZA",0.00394417475728155
"PAKI","MIDE",0.0678861022062983
"PAKI","SAAR",0.0911730545876887
"PAKI","OTHER",0.031488523134142
"PARA","ARGE",0.300595238095238
"PARA","BRAZ",0.647785039941903
"PARA","OTHER",0.00857468983318993
"PERU","BOLV",0.75
"PERU","CHIL",0.83743842364532
"PERU","ECUA",0.571428571428571
"PERU","OTHER",0.0119712592633712
"PHIL","INDO",0.00100200400801603
"PHIL","OTHER",0.00246849759915624
"POLA","AUST",0.0249768732654949
"POLA","BELA",0.0545808966861598
"POLA","BELG",0.0136698212407992
"POLA","BOHE",0.0133784788174085
"POLA","BULG",0.00577777777777778
"POLA","CROA",0.0139664804469274
"POLA","CZRE",0.122429730239577
"POLA","DENM",0.0722379603399433
"POLA","ESTO",0.00740740740740741
"POLA","FINL",0.0210843373493976
"POLA","FRAN",0.0130468150422103
"POLA","GERM",0.0508756307509647
"POLA","GREE",0.000698812019566737
"POLA","HUNG",0.0389957264957265
"POLA","ITAL",0.00902464422075668
"POLA","KOSO",0.00192724644663936
"POLA","LATV",0.0238095238095238
"POLA","LITH",0.0373134328358209
"POLA","MACE",0.000520833333333333
"POLA","MOLD",0.0203045685279188
"POLA","NETH",0.0242033077853973
"POLA","NORW",0.0336700336700337
"POLA","ROMA",0.0209930631617379
"POLA","RUSS",0.0179462960464175
"POLA","SERB",0.011295142582181
"POLA","SKRE",0.101431238332296
"POLA","SLOV",0.0186608122941822
"POLA","SPAI",0.00212014134275618
"POLA","SWED",0.0401396160558464
"POLA","SWIT",0.0160818713450292
"POLA","TURK",0.00179632444383032
"POLA","UKRA",0.0343477287983889
"POLA","UNKI",0.0191434774028025
"POLA","OTHER",0.00187696022648422
"PORT","BELG",0.000701016473887137
"PORT","FRAN",0.00811314548843329
"PORT","GERM",0.00130602552686257
"PORT","ITAL",0.000694203401596668
"PORT","SPAI",0.48339222614841
"PORT","UNKI",0.00473653049141504
"PORT","OTHER",0.00482770823503289
"ROMA","ALBA",0.00539083557951483
"ROMA","AUST",0.0123342584027135
"ROMA","BELA",0.0272904483430799
"ROMA","BELG",0.0010515247108307
"ROMA","BOHE",0.0237839623420596
"ROMA","BULG",0.22
"ROMA","CROA",0.0119712689545092
"ROMA","CZRE",0.0164119977362762
"ROMA","DENM",0.00141643059490085
"ROMA","FRAN",0.0029602017322662
"ROMA","GEOR",0.002710027100271
"ROMA","GERM",0.00825170673790442
"ROMA","GREE",0.0237596086652691
"ROMA","HUNG",0.0515491452991453
"ROMA","ITAL",0.0102395001735509
"ROMA","KAZA",0.00151699029126214
"ROMA","KOSO",0.0245723921946519
"ROMA","LATV",0.00297619047619048
"ROMA","LITH",0.00298507462686567
"ROMA","MACE",0.0182291666666667
"ROMA","MOLD",0.314720812182741
"ROMA","MONT",0.00232558139534884
"ROMA","NETH",0.00121016538926987
"ROMA","POLA",0.0285938348313929
"ROMA","RUSS",0.0263122385642963
"ROMA","SERB",0.0343412855189181
"ROMA","SKRE",0.0336029869321718
"ROMA","SLOV",0.00658616904500549
"ROMA","SWED",0.00174520069808028
"ROMA","SWIT",0.0043859649122807
"ROMA","TURK",0.0255630786237391
"ROMA","UKRA",0.0928619377936899
"ROMA","UNKI",0.000789421748569173
"ROMA","OTHER",0.00307911682255961
"RSAF","EAFR",0.0119402985074627
"RSAF","SAFR",0.86046511627907
"RSAF","TANZ",0.0307377049180328
"RSAF","WAFR",0.0550964187327824
"RSAF","OTHER",0.00852264842210442
"RUSS","ARME",0.00396039603960396
"RUSS","AZER",0.0218867924528302
"RUSS","BELA",0.0610786224821313
"RUSS","BOHE",0.000165166405153192
"RUSS","BULG",0.00133333333333333
"RUSS","CHIN",0.0131950530723537
"RUSS","CZRE",0.000754574608564422
"RUSS","DENM",0.0028328611898017
"RUSS","ESTO",0.0666666666666667
"RUSS","FINL",0.0512048192771084
"RUSS","FRAN",0.000109637101195044
"RUSS","GEOR",0.024390243902439
"RUSS","GERM",0.001246660730187
"RUSS","HUNG",0.000801282051282051
"RUSS","KAZA",0.0361043689320388
"RUSS","KORN",0.00718907260963336
"RUSS","LATV",0.0238095238095238
"RUSS","LITH",0.0149253731343284
"RUSS","MOLD",0.0101522842639594
"RUSS","MONG",0.213675213675214
"RUSS","NETH",0.000403388463089956
"RUSS","NORW",0.00336700336700337
"RUSS","POLA",0.00820413826385956
"RUSS","ROMA",0.00328587075575027
"RUSS","SERB",0.00035455604518057
"RUSS","SKRE",0.00124455507156192
"RUSS","SWED",0.0087260034904014
"RUSS","TKME",0.0154083204930663
"RUSS","TURK",0.00773801298880752
"RUSS","UKRA",0.0455359140747371
"RUSS","UNKI",0.000394710874284587
"RUSS","UZBE",0.00136692052333529
"RUSS","OTHER",0.00534985705959089
"SAAR","EGYP",0.221418234442836
"SAAR","INDI",0.000201572263656521
"SAAR","IRAN",0.13520749665328
"SAAR","ISRA",0.227148703956344
"SAAR","MIDE",0.385065057514614
"SAAR","NAFR",0.0115740740740741
"SAAR","NIGE",0.0569230769230769
"SAAR","OTHER",0.0876915123927947
"SAFR","RSAF",0.679945054945055
"SAFR","OTHER",0.0052058758222543
"SERB","ALBA",0.0377358490566038
"SERB","AUST",0.0339192106074622
"SERB","BELA",0.0116959064327485
"SERB","BELG",0.0010515247108307
"SERB","BOHE",0.144520604509043
"SERB","BULG",0.135555555555556
"SERB","CROA",0.0921787709497207
"SERB","CZRE",0.0398038106017733
"SERB","DENM",0.00141643059490085
"SERB","FRAN",0.00526258085736213
"SERB","GERM",0.0147818343722173
"SERB","GREE",0.039832285115304
"SERB","HUNG",0.122596153846154
"SERB","ITAL",0.0216938562998959
"SERB","KOSO",0.0994940978077572
"SERB","LATV",0.00297619047619048
"SERB","LITH",0.00149253731343284
"SERB","MACE",0.065625
"SERB","MOLD",0.0203045685279188
"SERB","MONT",0.163953488372093
"SERB","NETH",0.00161355385235982
"SERB","POLA",0.032032333956687
"SERB","ROMA",0.11153705732019
"SERB","RUSS",0.0111995682094184
"SERB","SKRE",0.0616054760423149
"SERB","SLOV",0.0142700329308452
"SERB","SPAI",0.000706713780918728
"SERB","SWED",0.00174520069808028
"SERB","SWIT",0.0087719298245614
"SERB","TURK",0.00925797982589471
"SERB","UKRA",0.0317744461848288
"SERB","UNKI",0.00256562068284981
"SERB","OTHER",0.00299064642371423
"SING","AUTR",0.236842105263158
"SING","INDO",0.846025384101536
"SING","MALA",0.67934548586192
"SING","OTHER",0.00479648338838158
"SKRE","ALBA",0.00134770889487871
"SKRE","AUST",0.091581868640148
"SKRE","BELA",0.0168940870695257
"SKRE","BELG",0.00701016473887137
"SKRE","BOHE",0.032290032207449
"SKRE","BULG",0.02
"SKRE","CROA",0.0502793296089386
"SKRE","CZRE",0.145255612148651
"SKRE","DENM",0.0169971671388102
"SKRE","FRAN",0.0109637101195044
"SKRE","GERM",0.0295636687444345
"SKRE","GREE",0.00209643605870021
"SKRE","HUNG",0.249465811965812
"SKRE","ITAL",0.023950017355085
"SKRE","KOSO",0.0115634786798362
"SKRE","LATV",0.00297619047619048
"SKRE","LITH",0.00298507462686567
"SKRE","MACE",0.00416666666666667
"SKRE","MOLD",0.0126903553299492
"SKRE","MONT",0.00116279069767442
"SKRE","NETH",0.0100847115772489
"SKRE","NORW",0.00336700336700337
"SKRE","POLA",0.101345237377089
"SKRE","ROMA",0.0620664476086163
"SKRE","RUSS",0.00836594251787883
"SKRE","SERB",0.0319606949298486
"SKRE","SLOV",0.0636663007683864
"SKRE","SPAI",0.00282685512367491
"SKRE","SWED",0.00174520069808028
"SKRE","SWIT",0.0263157894736842
"SKRE","TURK",0.00290175487080282
"SKRE","UKRA",0.0315506824793019
"SKRE","UNKI",0.00947306098283008
"SKRE","OTHER",0.00191685864164978
"SLOV","ALBA",0.00134770889487871
"SLOV","AUST",0.219241443108233
"SLOV","BELA",0.00454840805717999
"SLOV","BELG",0.00350508236943568
"SLOV","BOHE",0.0366669419440086
"SLOV","BULG",0.00622222222222222
"SLOV","CROA",0.280526735833999
"SLOV","CZRE",0.0465949820788531
"SLOV","DENM",0.00141643059490085
"SLOV","FRAN",0.0110733472206995
"SLOV","GERM",0.0235678242802018
"SLOV","GREE",0.000698812019566737
"SLOV","HUNG",0.0502136752136752
"SLOV","ITAL",0.27282193682749
"SLOV","KOSO",0.000722717417489762
"SLOV","MACE",0.000520833333333333
"SLOV","MOLD",0.0050761421319797
"SLOV","MONT",0.00116279069767442
"SLOV","NETH",0.00484066155707947
"SLOV","POLA",0.0218374856729203
"SLOV","ROMA",0.0133260313983206
"SLOV","RUSS",0.00418297125893941
"SLOV","SERB",0.0218811730740009
"SLOV","SKRE",0.0280024891101431
"SLOV","SPAI",0.0134275618374558
"SLOV","SWIT",0.0365497076023392
"SLOV","TURK",0.00096725162360094
"SLOV","UKRA",0.00928619377936899
"SLOV","UNKI",0.00513124136569963
"SLOV","OTHER",0.00241645618807072
"SPAI","AUST",0.000308356460067839
"SPAI","BELG",0.00210304942166141
"SPAI","BOHE",0.00115616483607234
"SPAI","CROA",0.000399042298483639
"SPAI","CZRE",0.000565930956423316
"SPAI","FRAN",0.0239008880605197
"SPAI","GERM",0.00267141585040071
"SPAI","IREL",0.00327868852459016
"SPAI","ITAL",0.0105866018743492
"SPAI","NETH",0.00121016538926987
"SPAI","POLA",0.000542920914520118
"SPAI","PORT",0.897810218978102
"SPAI","SERB",0.000202603454388897
"SPAI","SLOV",0.00109769484083425
"SPAI","SWIT",0.00292397660818713
"SPAI","UNKI",0.00552595223998421
"SPAI","OTHER",0.00520067168114575
"SRIL","BANG",0.0112852664576803
"SRIL","INDI",0.0114896190284217
"SRIL","OTHER",0.00273737822309806
"SWED","AUST",0.00185013876040703
"SWED","BELA",0.0201429499675114
"SWED","BELG",0.0108657553452506
"SWED","BOHE",0.000825832025765959
"SWED","BULG",0.000444444444444445
"SWED","CROA",0.000399042298483639
"SWED","CZRE",0.00792303338992643
"SWED","DENM",0.271954674220963
"SWED","ESTO",0.0444444444444444
"SWED","FINL",0.0993975903614458
"SWED","FRAN",0.00756495998245806
"SWED","GERM",0.0185218165627783
"SWED","HUNG",0.00240384615384615
"SWED","ICEL",0.0454545454545454
"SWED","IREL",0.019672131147541
"SWED","ITAL",0.000347101700798334
"SWED","LATV",0.0357142857142857
"SWED","LITH",0.0298507462686567
"SWED","MOLD",0.00253807106598985
"SWED","NETH",0.0250100847115773
"SWED","NORW",0.232323232323232
"SWED","POLA",0.0226820293177294
"SWED","ROMA",0.00200803212851406
"SWED","RUSS",0.0118742409931183
"SWED","SERB",0.000759762953958365
"SWED","SKRE",0.00373366521468575
"SWED","SLOV",0.00109769484083425
"SWED","SPAI",0.00353356890459364
"SWED","SWIT",0.00292397660818713
"SWED","TURK",0.000414536410114688
"SWED","UKRA",0.00570597449093757
"SWED","UNKI",0.0264456285770673
"SWED","OTHER",0.00240084376474507
"SWIT","AUST",0.0675300647548567
"SWIT","BELG",0.0140203294777427
"SWIT","BOHE",0.000247749607729788
"SWIT","CROA",0.000798084596967279
"SWIT","CZRE",0.0169779286926995
"SWIT","FRAN",0.112597302927311
"SWIT","GERM",0.0747996438112199
"SWIT","HUNG",0.000534188034188034
"SWIT","ITAL",0.0629989586948976
"SWIT","LUXE",0.0172413793103448
"SWIT","NETH",0.0133118192819685
"SWIT","POLA",0.00621342824395246
"SWIT","PORT",0.0072992700729927
"SWIT","ROMA",0.00018254837531946
"SWIT","RUSS",0.00107947645391985
"SWIT","SERB",0.000151952590791673
"SWIT","SKRE",0.000622277535780959
"SWIT","SLOV",0.00439077936333699
"SWIT","SPAI",0.0261484098939929
"SWIT","UKRA",0.00134258223316178
"SWIT","UNKI",0.0142095914742451
"SWIT","OTHER",0.00144848594188015
"TAIW","CHIN",0.0587204206836109
"TAIW","PHIL",0.141732283464567
"TAIW","THAI",0.00588019110621095
"TAIW","OTHER",0.00107031835465875
"TAJI","AZER",0.00452830188679245
"TAJI","KAZA",0.0964805825242719
"TAJI","KYRG",0.186979560938683
"TAJI","RUSS",0.00728646606395898
"TAJI","TKME",0.26040061633282
"TAJI","UZBE",0.339191564147627
"TAJI","OTHER",0.0254395764523023
"TANZ","EAFR",0.273134328358209
"TANZ","KENY",0.418282548476454
"TANZ","MIDE",0.000188572506128606
"TANZ","RSAF",0.100274725274725
"TANZ","SAFR",0.0914728682170542
"TANZ","WAFR",0.0137741046831956
"TANZ","OTHER",0.00585812817452608
"THAI","BANG",0.00188087774294671
"THAI","BHUT",0.0318181818181818
"THAI","CAMB",0.428571428571429
"THAI","CHIN",0.0274126010322329
"THAI","INDI",0.00107505207283478
"THAI","INDO",0.0030060120240481
"THAI","LAOS",0.538011695906433
"THAI","MALA",0.0647337447968997
"THAI","MYAN",0.228070175438596
"THAI","VIET",0.11743450767841
"THAI","OTHER",0.00850183185767021
"TKME","ARME",0.00792079207920792
"TKME","AZER",0.0241509433962264
"TKME","GEOR",0.00813008130081301
"TKME","GERM",5.93647966755714e-05
"TKME","KAZA",0.100424757281553
"TKME","KYRG",0.012112036336109
"TKME","RUSS",0.0257725003373364
"TKME","TAJI",0.080130825838103
"TKME","TURK",0.00497443692137626
"TKME","UKRA",0.00693667487133587
"TKME","UZBE",0.121851200937317
"TKME","OTHER",0.0421084404229926
"TURK","ALBA",0.00134770889487871
"TURK","ARME",0.0297029702970297
"TURK","AUST",0.000308356460067839
"TURK","AZER",0.00528301886792453
"TURK","BELA",0.00454840805717999
"TURK","BOHE",0.00264266248245107
"TURK","BULG",0.0368888888888889
"TURK","CROA",0.000798084596967279
"TURK","CYPR",1
"TURK","CZRE",0.000565930956423316
"TURK","GEOR",0.021680216802168
"TURK","GERM",0.000593647966755714
"TURK","GREE",0.0405310971348707
"TURK","HUNG",0.00106837606837607
"TURK","ITAL",0.00225616105518917
"TURK","KAZA",0.00121359223300971
"TURK","KOSO",0.000963623223319682
"TURK","MACE",0.00260416666666667
"TURK","MOLD",0.0152284263959391
"TURK","POLA",0.00283525366471617
"TURK","ROMA",0.0151515151515152
"TURK","RUSS",0.0310349480501956
"TURK","SERB",0.00557159499569468
"TURK","SKRE",0.000622277535780959
"TURK","SLOV",0.00109769484083425
"TURK","TKME",0.00154083204930663
"TURK","UKRA",0.0443052136943388
"TURK","OTHER",0.00698569208137889
"UKRA","ALBA",0.00134770889487871
"UKRA","ARME",0.00198019801980198
"UKRA","AUST",0.00370027752081406
"UKRA","AZER",0.00452830188679245
"UKRA","BELA",0.0981156595191683
"UKRA","BELG",0.000701016473887137
"UKRA","BOHE",0.00635890659839789
"UKRA","BULG",0.0217777777777778
"UKRA","CROA",0.00279329608938548
"UKRA","CZRE",0.0105640445199019
"UKRA","DENM",0.00424929178470255
"UKRA","ESTO",0.00740740740740741
"UKRA","FINL",0.00602409638554217
"UKRA","FRAN",0.00109637101195044
"UKRA","GEOR",0.00813008130081301
"UKRA","GERM",0.00712377560106856
"UKRA","GREE",0.00349406009783368
"UKRA","HUNG",0.015224358974359
"UKRA","ITAL",0.00242971190558834
"UKRA","KAZA",0.00849514563106796
"UKRA","KOSO",0.00216815225246929
"UKRA","LATV",0.0119047619047619
"UKRA","LITH",0.0164179104477612
"UKRA","MACE",0.00104166666666667
"UKRA","MOLD",0.291878172588832
"UKRA","NETH",0.00121016538926987
"UKRA","POLA",0.043554322253725
"UKRA","ROMA",0.0575027382256298
"UKRA","RUSS",0.100121441101066
"UKRA","SERB",0.00607810363166692
"UKRA","SKRE",0.0186683260734288
"UKRA","SLOV",0.0021953896816685
"UKRA","SWED",0.00349040139616056
"UKRA","SWIT",0.00146198830409357
"UKRA","TKME",0.00308166409861325
"UKRA","TURK",0.0259776150338538
"UKRA","UNKI",0.00059206631142688
"UKRA","OTHER",0.00445647950262289
"UNKI","AUST",0.00185013876040703
"UNKI","BELG",0.0483701366982124
"UNKI","CZRE",0.00528202225995095
"UNKI","DENM",0.0339943342776204
"UNKI","FRAN",0.0497752439425502
"UNKI","GERM",0.0217275155832591
"UNKI","ICEL",0.181818181818182
"UNKI","IREL",0.39344262295082
"UNKI","ITAL",0.001041305102395
"UNKI","LUXE",0.0258620689655172
"UNKI","NETH",0.073013311819282
"UNKI","NORW",0.0336700336700337
"UNKI","POLA",0.00524823550702781
"UNKI","PORT",0.0072992700729927
"UNKI","RUSS",0.000674672783699905
"UNKI","SPAI",0.0219081272084806
"UNKI","SWED",0.00523560209424084
"UNKI","SWIT",0.00730994152046783
"UNKI","OTHER",0.00222737239446002
"URUG","ARGE",0.50297619047619
"URUG","BRAZ",0.201888162672476
"URUG","OTHER",0.00257258042132727
"USAM","CANA",1
"USAM","CARB",0.0446927374301676
"USAM","MEXI",0.410714285714286
"USAM","RUSS",0.000134934556739981
"USAM","OTHER",0.00438362152710317
"UZBE","AZER",0.00905660377358491
"UZBE","KAZA",0.385315533980583
"UZBE","KYRG",0.651021953065859
"UZBE","RUSS",0.0155174740250978
"UZBE","TAJI",0.64022894521668
"UZBE","TKME",0.317411402157165
"UZBE","TURK",0.000414536410114688
"UZBE","UKRA",0.000783172969344372
"UZBE","OTHER",0.0193802214882456
"VENE","CARB",0.675977653631285
"VENE","COLO",0.5625
"VENE","OTHER",0.00548169530100752
"VIET","CAMB",0.373949579831933
"VIET","CHIN",0.123624500925114
"VIET","LAOS",0.295321637426901
"VIET","MALA",0.00818142672599397
"VIET","MYAN",0.056140350877193
"VIET","PHIL",0.127952755905512
"VIET","THAI",0.109886071297317
"VIET","OTHER",0.00581649504565767
"WAFR","EAFR",0.21044776119403
"WAFR","EGYP",0.0159189580318379
"WAFR","KENY",0.00554016620498615
"WAFR","MIDE",0.000188572506128606
"WAFR","NAFR",0.087962962962963
"WAFR","NIGE",0.401538461538462
"WAFR","RSAF",0.133241758241758
"WAFR","SAAR",0.00116144018583043
"WAFR","SAFR",0.0263565891472868
"WAFR","TANZ",0.0491803278688525
"WAFR","OTHER",0.0396919842349219
