"REGION_4LETTER","Source","PM25_Contribution"
"AFGH","IRAN",0.107095046854083
"AFGH","KAZA",0.0309466019417476
"AFGH","MIDE",0.00922613443795895
"AFGH","PAKI",0.0609555189456343
"AFGH","RUSS",0.00391310214545945
"AFGH","SAAR",0.026071842410197
"AFGH","OTHER",0.0254501925679192
"ALBA","AUST",0.00524044389642417
"ALBA","BELA",0.00259909031838856
"ALBA","BOHE",0.0755636303575853
"ALBA","BULG",0.0311111111111111
"ALBA","CROA",0.019560878243513
"ALBA","CZRE",0.00831129580657348
"ALBA","FRAN",0.00373708507364256
"ALBA","GERM",0.00409617097061442
"ALBA","GREE",0.121593291404612
"ALBA","HUNG",0.0115065560610115
"ALBA","ITAL",0.0477347682693977
"ALBA","KOSO",0.253432907733076
"ALBA","MACE",0.2875
"ALBA","MOLD",0.00253807106598985
"ALBA","MONT",0.347674418604651
"ALBA","POLA",0.00766075521775848
"ALBA","ROMA",0.0120481927710843
"ALBA","RUSS",0.00458777492915936
"ALBA","SERB",0.0729878944436003
"ALBA","SKRE",0.0074673304293715
"ALBA","SLOV",0.00329308452250274
"ALBA","SPAI",0.0134751773049645
"ALBA","SWIT",0.00146198830409357
"ALBA","TURK",0.00759983418543596
"ALBA","UKRA",0.0106299653127448
"ALBA","UNKI",0.000987947046038333
"ALBA","OTHER",0.00555497727351584
"ARGE","BOLV",0.25
"ARGE","BRAZ",0.137981118373275
"ARGE","CHIL",0.103448275862069
"ARGE","PARA",0.952380952380952
"ARGE","URUG",0.994736842105263
"ARGE","OTHER",0.00392248707539641
"ARME","AZER",0.445619335347432
"ARME","GEOR",0.313513513513513
"ARME","KAZA",0.0112257281553398
"ARME","ROMA",0.00018254837531946
"ARME","RUSS",0.00904061530157873
"ARME","TKME",0.049306625577812
"ARME","TURK",0.171894431394224
"ARME","UKRA",0.00212599306254895
"ARME","UZBE",0.000195274360476469
"ARME","OTHER",0.00950695673293779
"AUST","BELA",0.00714749837556855
"AUST","BELG",0.0091324200913242
"AUST","BOHE",0.0222148814931043
"AUST","BULG",0.00622222222222222
"AUST","CROA",0.0634730538922156
"AUST","CZRE",0.0972799395542123
"AUST","DENM",0.0056657223796034
"AUST","FRAN",0.0183556825675973
"AUST","GERM",0.0563371920451172
"AUST","GREE",0.000698812019566737
"AUST","HUNG",0.0709124966550709
"AUST","ITAL",0.0494705780246485
"AUST","KOSO",0.0012045290291496
"AUST","LITH",0.00149253731343284
"AUST","LUXE",0.00862068965517242
"AUST","MACE",0.000520833333333333
"AUST","MOLD",0.0050761421319797
"AUST","NETH",0.0117171717171717
"AUST","POLA",0.0297382072626372
"AUST","ROMA",0.0122307411464038
"AUST","RUSS",0.0043179058156794
"AUST","SERB",0.0156004659879451
"AUST","SKRE",0.0665836963285625
"AUST","SLOV",0.222832052689352
"AUST","SPAI",0.00709219858156029
"AUST","SWED",0.00173913043478261
"AUST","SWIT",0.192982456140351
"AUST","TURK",0.00096725162360094
"AUST","UKRA",0.0081682891350565
"AUST","UNKI",0.00968188105117566
"AUST","OTHER",0.00213733041879185
"AUTR","OTHER",0.00278269317511537
"AZER","ARME",0.607920792079208
"AZER","BELA",0.000649772579597141
"AZER","GEOR",0.610810810810811
"AZER","GERM",5.93647966755714e-05
"AZER","KAZA",0.0388349514563107
"AZER","RUSS",0.0615301578734314
"AZER","TKME",0.212634822804314
"AZER","TURK",0.0378609921238082
"AZER","UKRA",0.0134273246055723
"AZER","UZBE",0.00390548720952939
"AZER","OTHER",0.0210402137330419
"BANG","BHUT",0.432692307692308
"BANG","INDI",0.441296194657885
"BANG","IRAN",0.126729138777332
"BANG","MIDE",0.00941442289587648
"BANG","MYAN",0.031578947368421
"BANG","NEPA",0.226860254083485
"BANG","PAKI",0.162273476112026
"BANG","SAAR",0.0301274623406721
"BANG","OTHER",0.00296832170986434
"BELA","AUST",0.00462392108508015
"BELA","BELG",0.00175623463294696
"BELA","BOHE",0.00545049137005533
"BELA","BULG",0.00488888888888889
"BELA","CROA",0.00239520958083832
"BELA","CZRE",0.017000377786173
"BELA","DENM",0.0339943342776204
"BELA","ESTO",0.0592592592592593
"BELA","FINL",0.072289156626506
"BELA","FRAN",0.00318751373928336
"BELA","GERM",0.0147818343722173
"BELA","GREE",0.000698812019566737
"BELA","HUNG",0.0104361787530104
"BELA","ITAL",0.00312445755945148
"BELA","KAZA",0.00242718446601942
"BELA","KOSO",0.000240905805829921
"BELA","LATV",0.0982142857142857
"BELA","LITH",0.158208955223881
"BELA","MACE",0.000520833333333333
"BELA","MOLD",0.065989847715736
"BELA","NETH",0.00686868686868687
"BELA","NORW",0.0269360269360269
"BELA","POLA",0.0842079864881168
"BELA","ROMA",0.0171595472800292
"BELA","RUSS",0.0758332208878694
"BELA","SERB",0.00440662513295852
"BELA","SKRE",0.0180460485376478
"BELA","SLOV",0.0021953896816685
"BELA","SWED",0.0452173913043478
"BELA","SWIT",0.00292397660818713
"BELA","TURK",0.0059416885449772
"BELA","UKRA",0.0751930177912051
"BELA","UNKI",0.001778304682869
"BELA","OTHER",0.00273932202213664
"BELG","AUST",0.00863131935881628
"BELG","CROA",0.000399201596806387
"BELG","CZRE",0.0164336985266339
"BELG","DENM",0.0325779036827195
"BELG","FRAN",0.191030995823258
"BELG","GERM",0.090709409320273
"BELG","HUNG",0.000535188654000535
"BELG","ICEL",0.0454545454545454
"BELG","IREL",0.150819672131148
"BELG","ITAL",0.00416594341260198
"BELG","LUXE",0.396551724137931
"BELG","NETH",0.312727272727273
"BELG","NORW",0.0404040404040404
"BELG","POLA",0.0107974423935336
"BELG","PORT",0.0072992700729927
"BELG","ROMA",0.00018254837531946
"BELG","RUSS",0.00269869113479962
"BELG","SERB",5.06508635972243e-05
"BELG","SKRE",0.000622277535780959
"BELG","SLOV",0.00109769484083425
"BELG","SPAI",0.0333333333333333
"BELG","SWED",0.00695652173913043
"BELG","SWIT",0.033625730994152
"BELG","UKRA",0.00134273246055723
"BELG","UNKI",0.178423236514523
"BELG","OTHER",0.00208528503521738
"BHUT","BANG",0.132915360501567
"BHUT","CHIN",0.00143733231123036
"BHUT","INDI",0.120883644346872
"BHUT","IRAN",0.0120481927710843
"BHUT","NEPA",0.212341197822142
"BHUT","PAKI",0.00576606260296541
"BOHE","ALBA",0.0175202156334232
"BOHE","AUST",0.0332922318125771
"BOHE","BELA",0.00454840805717999
"BOHE","BELG",0.000702493853178785
"BOHE","BULG",0.0217777777777778
"BOHE","CROA",0.189221556886228
"BOHE","CZRE",0.0353230071779373
"BOHE","DENM",0.00141643059490085
"BOHE","FRAN",0.00582545614420752
"BOHE","GERM",0.0134164440486791
"BOHE","GREE",0.00419287211740042
"BOHE","HUNG",0.0580679689590581
"BOHE","ITAL",0.0371463287623676
"BOHE","KOSO",0.0185497470489039
"BOHE","LATV",0.00297619047619048
"BOHE","LITH",0.00149253731343284
"BOHE","MACE",0.00520833333333333
"BOHE","MOLD",0.0050761421319797
"BOHE","MONT",0.162790697674419
"BOHE","NETH",0.00121212121212121
"BOHE","POLA",0.0236457956327663
"BOHE","ROMA",0.0239138371668492
"BOHE","RUSS",0.00580218593981919
"BOHE","SERB",0.0899559337486704
"BOHE","SKRE",0.0379589296826385
"BOHE","SLOV",0.0164654226125137
"BOHE","SPAI",0.0049645390070922
"BOHE","SWIT",0.00584795321637427
"BOHE","TURK",0.00331629128091751
"BOHE","UKRA",0.0135392189772854
"BOHE","UNKI",0.00197589409207667
"BOHE","OTHER",0.00335172270219632
"BOLV","ARGE",0.0119047619047619
"BOLV","BRAZ",0.0123456790123457
"BOLV","CHIL",0.0591133004926108
"BOLV","PERU",0.467065868263473
"BOLV","OTHER",0.00862912459664828
"BRAZ","ARGE",0.00297619047619048
"BRAZ","PARA",0.0476190476190476
"BRAZ","URUG",0.00526315789473684
"BRAZ","OTHER",0.00493737205509871
"BRUN","MALA",0.235969570833931
"BRUN","PHIL",0.202755905511811
"BRUN","OTHER",0.00137052843412789
"BULG","ALBA",0.0188679245283019
"BULG","AUST",0.00863131935881628
"BULG","AZER",0.000755287009063444
"BULG","BELA",0.0149447693307342
"BULG","BOHE",0.0310512841688001
"BULG","CROA",0.0103792415169661
"BULG","CZRE",0.011144692104269
"BULG","FRAN",0.00197845680369312
"BULG","GEOR",0.0027027027027027
"BULG","GERM",0.00522410210745028
"BULG","GREE",0.122990915443746
"BULG","HUNG",0.0208723575060209
"BULG","ITAL",0.00902621072730429
"BULG","KAZA",0.000910194174757282
"BULG","KOSO",0.0414357986027463
"BULG","LATV",0.00297619047619048
"BULG","LITH",0.00149253731343284
"BULG","MACE",0.0619791666666667
"BULG","MOLD",0.0913705583756345
"BULG","MONT",0.00465116279069767
"BULG","POLA",0.0127277114247798
"BULG","ROMA",0.136546184738956
"BULG","RUSS",0.0236135474294967
"BULG","SERB",0.0566276655016968
"BULG","SKRE",0.014934660858743
"BULG","SLOV",0.00329308452250274
"BULG","SWIT",0.00146198830409357
"BULG","TURK",0.0485007599834185
"BULG","UKRA",0.0636678975047555
"BULG","UNKI",0.000592768227623
"BULG","OTHER",0.00382360084660491
"CAMB","CHIN",0.0106841701801456
"CAMB","LAOS",0.0906432748538012
"CAMB","MALA",0.000430601406631262
"CAMB","PHIL",0.0413385826771654
"CAMB","THAI",0.15178243292907
"CAMB","VIET",0.586871424269798
"CAMB","OTHER",0.0126504979008362
"CANA","USAM",0.869305856832972
"CANA","OTHER",0.00241664064397488
"CARB","USAM",0.017353579175705
"CARB","VENE",0.0392156862745098
"CARB","OTHER",0.00444467575726033
"CEAM","CARB",0.0558659217877095
"CEAM","COLO",0.09375
"CEAM","MEXI",0.589285714285714
"CEAM","USAM",0.000542299349240781
"CEAM","VENE",0.0522875816993464
"CEAM","OTHER",0.00391728253703897
"CHIL","ARGE",0.181547619047619
"CHIL","PERU",0.029940119760479
"CHIL","OTHER",6.24544602893723e-05
"CHIN","BANG",0.00626959247648903
"CHIN","BHUT",0.0552884615384615
"CHIN","INDI",0.000457372850347603
"CHIN","JAPA",0.0208333333333333
"CHIN","KAZA",0.00970873786407767
"CHIN","KORN",0.0316319194823868
"CHIN","KORS",0.114754098360656
"CHIN","KYRG",0.000757002271006813
"CHIN","LAOS",0.0292397660818713
"CHIN","MONG",0.743589743589744
"CHIN","MYAN",0.126315789473684
"CHIN","NEPA",0.0120992135511192
"CHIN","PHIL",0.147637795275591
"CHIN","RUSS",0.021184725408177
"CHIN","TAIW",0.929824561403509
"CHIN","THAI",0.0356486585814039
"CHIN","VIET",0.043360433604336
"CHIN","OTHER",0.00657680163769474
"COLO","CARB",0.162011173184358
"COLO","ECUA",0.428571428571429
"COLO","VENE",0.908496732026144
"COLO","OTHER",0.00283820825092814
"CROA","ALBA",0.0107816711590297
"CROA","AUST",0.091245376078915
"CROA","BELA",0.00649772579597141
"CROA","BELG",0.00351246926589392
"CROA","BOHE",0.1474935998018
"CROA","BULG",0.0191111111111111
"CROA","CZRE",0.0549678881752928
"CROA","DENM",0.00141643059490085
"CROA","FRAN",0.00912288415036272
"CROA","GERM",0.0200653012763431
"CROA","GREE",0.00419287211740042
"CROA","HUNG",0.102221032914102
"CROA","ITAL",0.111959729213678
"CROA","KOSO",0.0130089135148157
"CROA","LATV",0.00297619047619048
"CROA","LITH",0.00149253731343284
"CROA","MACE",0.00572916666666667
"CROA","MOLD",0.00761421319796954
"CROA","MONT",0.0418604651162791
"CROA","NETH",0.00484848484848485
"CROA","POLA",0.0279889009530703
"CROA","ROMA",0.0268346111719606
"CROA","RUSS",0.00553231682633922
"CROA","SERB",0.0618953553158081
"CROA","SKRE",0.0479153702551338
"CROA","SLOV",0.329308452250274
"CROA","SPAI",0.0156028368794326
"CROA","SWED",0.00173913043478261
"CROA","SWIT",0.0190058479532164
"CROA","TURK",0.00248721846068813
"CROA","UKRA",0.0134273246055723
"CROA","UNKI",0.00493973523019166
"CROA","OTHER",0.00304292009298775
"CYPR","ALBA",0.00134770889487871
"CYPR","ARME",0.00198019801980198
"CYPR","AUST",0.00030826140567201
"CYPR","AZER",0.000755287009063444
"CYPR","BELA",0.00129954515919428
"CYPR","BOHE",0.0039639937236766
"CYPR","BULG",0.0111111111111111
"CYPR","CROA",0.000399201596806387
"CYPR","CZRE",0.000188893086513034
"CYPR","FRAN",0.00087931413497472
"CYPR","GEOR",0.0027027027027027
"CYPR","GERM",0.000593647966755714
"CYPR","GREE",0.0803633822501747
"CYPR","HUNG",0.000267594327000268
"CYPR","ITAL",0.00711681999652838
"CYPR","KAZA",0.000910194174757282
"CYPR","KOSO",0.0012045290291496
"CYPR","MACE",0.00625
"CYPR","MOLD",0.00253807106598985
"CYPR","POLA",0.00132705995898178
"CYPR","ROMA",0.00273822562979189
"CYPR","RUSS",0.0120091755498583
"CYPR","SERB",0.00364686217900015
"CYPR","SPAI",0.00212765957446809
"CYPR","TURK",0.372391875086362
"CYPR","UKRA",0.0173436276155309
"CYPR","OTHER",0.0110023940876444
"CZRE","AUST",0.110049321824908
"CZRE","BELA",0.0129954515919428
"CZRE","BELG",0.0168598524762908
"CZRE","BOHE",0.0222974646956809
"CZRE","BULG",0.00755555555555556
"CZRE","CROA",0.0331337325349302
"CZRE","DENM",0.028328611898017
"CZRE","FRAN",0.0233018245768301
"CZRE","GERM",0.0777678836449985
"CZRE","GREE",0.000698812019566737
"CZRE","HUNG",0.0682365533850683
"CZRE","ITAL",0.0157958687727825
"CZRE","KOSO",0.00264996386412913
"CZRE","LATV",0.00297619047619048
"CZRE","LITH",0.00298507462686567
"CZRE","LUXE",0.0172413793103448
"CZRE","MACE",0.000520833333333333
"CZRE","MOLD",0.0050761421319797
"CZRE","NETH",0.0242424242424242
"CZRE","NORW",0.0168350168350168
"CZRE","POLA",0.0947641452527446
"CZRE","ROMA",0.0169769989047097
"CZRE","RUSS",0.00688166239373903
"CZRE","SERB",0.0176771513954313
"CZRE","SKRE",0.129433727442439
"CZRE","SLOV",0.0548847420417124
"CZRE","SPAI",0.00709219858156029
"CZRE","SWED",0.00521739130434783
"CZRE","SWIT",0.0526315789473684
"CZRE","TURK",0.00124360923034407
"CZRE","UKRA",0.0121964865167282
"CZRE","UNKI",0.0191661726931437
"CZRE","OTHER",0.0017018840428854
"DENM","AUST",0.00585696670776819
"DENM","BELA",0.0155945419103314
"DENM","BELG",0.0386371619248332
"DENM","BOHE",0.00181683045668511
"DENM","BULG",0.000444444444444445
"DENM","CROA",0.000798403193612775
"DENM","CZRE",0.0198337740838685
"DENM","ESTO",0.00740740740740741
"DENM","FINL",0.0391566265060241
"DENM","FRAN",0.0218729391074962
"DENM","GERM",0.0589492430988424
"DENM","HUNG",0.00454910355900455
"DENM","ICEL",0.136363636363636
"DENM","IREL",0.0819672131147541
"DENM","ITAL",0.000520742926575247
"DENM","LATV",0.0178571428571429
"DENM","LITH",0.0208955223880597
"DENM","LUXE",0.0258620689655172
"DENM","MOLD",0.00253807106598985
"DENM","NETH",0.0937373737373738
"DENM","NORW",0.202020202020202
"DENM","POLA",0.0371576788514899
"DENM","PORT",0.0072992700729927
"DENM","ROMA",0.00237312887915298
"DENM","RUSS",0.00985022264201862
"DENM","SERB",0.00126627158993061
"DENM","SKRE",0.0074673304293715
"DENM","SLOV",0.00109769484083425
"DENM","SPAI",0.0113475177304965
"DENM","SWED",0.248695652173913
"DENM","SWIT",0.00730994152046783
"DENM","TURK",0.000138178803371563
"DENM","UKRA",0.00604229607250755
"DENM","UNKI",0.0802213001383126
"DENM","OTHER",0.00276534471392388
"EAFR","EGYP",0.0622286541244573
"EAFR","INDI",0.000137211855104281
"EAFR","IRAN",0.00223114680946006
"EAFR","ISRA",0.0115961800818554
"EAFR","KENY",0.57617728531856
"EAFR","MIDE",0.0310675955563924
"EAFR","NAFR",0.00462962962962963
"EAFR","NIGE",0.00230769230769231
"EAFR","PAKI",0.000164744645799012
"EAFR","RSAF",0.0782967032967033
"EAFR","SAAR",0.0811123986095017
"EAFR","SAFR",0.013953488372093
"EAFR","TANZ",0.397540983606557
"EAFR","WAFR",0.21763085399449
"EAFR","OTHER",0.0294871794871795
"ECUA","COLO",0.34375
"ECUA","PERU",0.502994011976048
"ECUA","OTHER",0.00263696610110683
"EGYP","ISRA",0.328103683492497
"EGYP","MIDE",0.0561099604594238
"EGYP","NAFR",0.493055555555556
"EGYP","NIGE",0.200769230769231
"EGYP","RUSS",0.0110646336526784
"EGYP","SAAR",0.011008111239861
"EGYP","OTHER",0.039188438985462
"ESTO","AUST",0.00092478421701603
"ESTO","BELA",0.0851202079272255
"ESTO","BELG",0.00351246926589392
"ESTO","BOHE",0.00132133124122553
"ESTO","BULG",0.000444444444444445
"ESTO","CROA",0.000399201596806387
"ESTO","CZRE",0.00566679259539101
"ESTO","DENM",0.0453257790368272
"ESTO","FINL",0.424698795180723
"ESTO","FRAN",0.00241811387118048
"ESTO","GERM",0.00801424755120213
"ESTO","HUNG",0.00240834894300241
"ESTO","ITAL",0.000347161951050165
"ESTO","KAZA",0.000303398058252427
"ESTO","LATV",0.383928571428571
"ESTO","LITH",0.12089552238806
"ESTO","MOLD",0.00761421319796954
"ESTO","NETH",0.00727272727272727
"ESTO","NORW",0.074074074074074
"ESTO","POLA",0.0226203402099168
"ESTO","ROMA",0.00383351588170865
"ESTO","RUSS",0.049655916880313
"ESTO","SERB",0.00101301727194449
"ESTO","SKRE",0.00435594275046671
"ESTO","SLOV",0.00109769484083425
"ESTO","SWED",0.130434782608696
"ESTO","TURK",0.0011054304269725
"ESTO","UKRA",0.0143224795792772
"ESTO","UNKI",0.00276625172890733
"ESTO","OTHER",0.00232469379965997
"FINL","AUST",0.00030826140567201
"FINL","BELA",0.0357374918778428
"FINL","BELG",0.00210748155953635
"FINL","BOHE",8.25832025765959e-05
"FINL","CROA",0.000399201596806387
"FINL","CZRE",0.00302228938420854
"FINL","DENM",0.0325779036827195
"FINL","ESTO",0.340740740740741
"FINL","FRAN",0.0016487140030776
"FINL","GERM",0.00480854853072128
"FINL","HUNG",0.000802782981000803
"FINL","ICEL",0.0454545454545454
"FINL","LATV",0.0833333333333333
"FINL","LITH",0.0402985074626866
"FINL","MOLD",0.00253807106598985
"FINL","NETH",0.00484848484848485
"FINL","NORW",0.0875420875420875
"FINL","POLA",0.0111593678368923
"FINL","ROMA",0.00164293537787514
"FINL","RUSS",0.0303602752664957
"FINL","SERB",0.000455857772375019
"FINL","SKRE",0.00124455507156192
"FINL","SWED",0.139130434782609
"FINL","TURK",0.000414536410114688
"FINL","UKRA",0.00693745104621237
"FINL","UNKI",0.002371072910492
"FINL","OTHER",0.00213733041879185
"FRAN","AUST",0.0092478421701603
"FRAN","BELG",0.0818405338953284
"FRAN","BOHE",0.000990998430919151
"FRAN","CROA",0.000798403193612775
"FRAN","CZRE",0.0103891197582169
"FRAN","DENM",0.0084985835694051
"FRAN","GERM",0.0347284060552092
"FRAN","HUNG",0.000535188654000535
"FRAN","ICEL",0.0454545454545454
"FRAN","IREL",0.0688524590163934
"FRAN","ITAL",0.0197882312098594
"FRAN","LUXE",0.112068965517241
"FRAN","NETH",0.0496969696969697
"FRAN","NORW",0.00673400673400673
"FRAN","POLA",0.00530823983592713
"FRAN","PORT",0.0364963503649635
"FRAN","ROMA",0.00018254837531946
"FRAN","RUSS",0.000944541897179868
"FRAN","SERB",0.000405206908777795
"FRAN","SKRE",0.000622277535780959
"FRAN","SLOV",0.0021953896816685
"FRAN","SPAI",0.0950354609929078
"FRAN","SWED",0.00173913043478261
"FRAN","SWIT",0.140350877192982
"FRAN","UKRA",0.000559471858565514
"FRAN","UNKI",0.0721201343607983
"FRAN","OTHER",0.00257971617917491
"GEOR","ARME",0.344554455445545
"GEOR","AZER",0.477341389728097
"GEOR","BELA",0.00129954515919428
"GEOR","BULG",0.000888888888888889
"GEOR","GERM",0.000118729593351143
"GEOR","KAZA",0.0139563106796117
"GEOR","MOLD",0.00253807106598985
"GEOR","POLA",0.000422246350585113
"GEOR","ROMA",0.000547645125958379
"GEOR","RUSS",0.028741060585616
"GEOR","SERB",0.000101301727194449
"GEOR","TKME",0.0662557781201849
"GEOR","TURK",0.0864999309105983
"GEOR","UKRA",0.0139867964641379
"GEOR","UZBE",0.000195274360476469
"GEOR","OTHER",0.00785885291974602
"GERM","AUST",0.0585696670776819
"GERM","BELA",0.00584795321637427
"GERM","BELG",0.101159114857745
"GERM","BOHE",0.00239491287472128
"GERM","BULG",0.000444444444444445
"GERM","CROA",0.00199600798403194
"GERM","CZRE",0.0640347563279184
"GERM","DENM",0.0538243626062323
"GERM","FINL",0.00301204819277108
"GERM","FRAN",0.0682567597274126
"GERM","HUNG",0.00588707519400589
"GERM","ICEL",0.0454545454545454
"GERM","IREL",0.0426229508196721
"GERM","ITAL",0.00763756292310363
"GERM","LATV",0.00297619047619048
"GERM","LITH",0.00298507462686567
"GERM","LUXE",0.189655172413793
"GERM","MOLD",0.00253807106598985
"GERM","NETH",0.159191919191919
"GERM","NORW",0.0336700336700337
"GERM","POLA",0.0297985281698637
"GERM","PORT",0.0072992700729927
"GERM","ROMA",0.0018254837531946
"GERM","RUSS",0.00404803670219943
"GERM","SERB",0.00177278022590285
"GERM","SKRE",0.00933416303671438
"GERM","SLOV",0.00548847420417124
"GERM","SPAI",0.0184397163120567
"GERM","SWED",0.0191304347826087
"GERM","SWIT",0.169590643274854
"GERM","UKRA",0.00369251426653239
"GERM","UNKI",0.065797273266153
"GERM","OTHER",0.00168974012005135
"GREE","ALBA",0.0606469002695418
"GREE","AUST",0.00154130702836005
"GREE","BELA",0.00649772579597141
"GREE","BOHE",0.0213064662647617
"GREE","BULG",0.142222222222222
"GREE","CROA",0.00399201596806387
"GREE","CZRE",0.00491122024933888
"GREE","FRAN",0.00208837107056496
"GREE","GERM",0.00267141585040071
"GREE","HUNG",0.00561948086700562
"GREE","ITAL",0.0213504599895851
"GREE","KOSO",0.0460130089135148
"GREE","MACE",0.116145833333333
"GREE","MOLD",0.0177664974619289
"GREE","MONT",0.013953488372093
"GREE","POLA",0.0062130534443238
"GREE","ROMA",0.0237312887915298
"GREE","RUSS",0.0170017541492376
"GREE","SERB",0.0282631818872512
"GREE","SKRE",0.00373366521468575
"GREE","SLOV",0.00109769484083425
"GREE","SPAI",0.00851063829787234
"GREE","TURK",0.094514301506149
"GREE","UKRA",0.0409533400469956
"GREE","UNKI",0.000790357636830666
"GREE","OTHER",0.00700704347524375
"HUNG","ALBA",0.00269541778975741
"HUNG","AUST",0.0977188655980272
"HUNG","BELA",0.0155945419103314
"HUNG","BELG",0.00561995082543028
"HUNG","BOHE",0.0514493352052193
"HUNG","BULG",0.0342222222222222
"HUNG","CROA",0.124550898203593
"HUNG","CZRE",0.089535323007178
"HUNG","DENM",0.0028328611898017
"HUNG","FRAN",0.0104418553528248
"HUNG","GERM",0.0262392401306025
"HUNG","GREE",0.00419287211740042
"HUNG","ITAL",0.0376670716889429
"HUNG","KOSO",0.0199951818838834
"HUNG","LATV",0.00297619047619048
"HUNG","LITH",0.00149253731343284
"HUNG","MACE",0.00989583333333333
"HUNG","MOLD",0.0152284263959391
"HUNG","MONT",0.00348837209302326
"HUNG","NETH",0.00767676767676768
"HUNG","NORW",0.00336700336700337
"HUNG","POLA",0.0629750271444083
"HUNG","ROMA",0.121942314713399
"HUNG","RUSS",0.00917554985831871
"HUNG","SERB",0.0624525148153776
"HUNG","SKRE",0.296204107031736
"HUNG","SLOV",0.0976948408342481
"HUNG","SPAI",0.00212765957446809
"HUNG","SWED",0.00173913043478261
"HUNG","SWIT",0.0248538011695906
"HUNG","TURK",0.00414536410114688
"HUNG","UKRA",0.0344634664876357
"HUNG","UNKI",0.00810116577751433
"HUNG","OTHER",0.0021529440338642
"ICEL","GERM",0.000118729593351143
"ICEL","UNKI",0.000790357636830666
"ICEL","OTHER",0.00227438326220464
"INDI","AFGH",0.199124726477024
"INDI","BANG",0.435109717868339
"INDI","BHUT",0.360576923076923
"INDI","CHIN",0.000191644308164047
"INDI","IRAN",0.140562248995984
"INDI","KAZA",0.000606796116504854
"INDI","MIDE",0.0376576915835059
"INDI","MYAN",0.210526315789474
"INDI","NEPA",0.548094373865699
"INDI","PAKI",0.560955518945634
"INDI","SAAR",0.0787949015063731
"INDI","SRIL",1
"INDI","OTHER",0.0135734360362236
"INDO","AUTR",0.75
"INDO","MALA",0.0113391703746232
"INDO","PHIL",0.00590551181102362
"INDO","SING",0.174940898345154
"INDO","THAI",0.000367511944138184
"INDO","VIET",0.000602228244504667
"INDO","OTHER",0.00230387564623018
"IRAN","AFGH",0.00273522975929978
"IRAN","EGYP",0.0065123010130246
"IRAN","ISRA",0.0395634379263302
"IRAN","KAZA",0.0157766990291262
"IRAN","MIDE",0.128224439841838
"IRAN","NIGE",0.0515384615384615
"IRAN","PAKI",0.000658978583196046
"IRAN","RUSS",0.00620698961003913
"IRAN","SAAR",0.169756662804171
"IRAN","OTHER",0.0636046632663683
"IREL","AUST",0.00030826140567201
"IREL","BELG",0.0136986301369863
"IREL","CZRE",0.00132225160559124
"IREL","DENM",0.0212464589235127
"IREL","FRAN",0.0167069685645197
"IREL","GERM",0.00712377560106856
"IREL","ICEL",0.227272727272727
"IREL","ITAL",0.000173580975525082
"IREL","NETH",0.0206060606060606
"IREL","NORW",0.0168350168350168
"IREL","POLA",0.000301604536132223
"IREL","PORT",0.0072992700729927
"IREL","RUSS",0.000134934556739981
"IREL","SPAI",0.0120567375886525
"IREL","SWED",0.00521739130434783
"IREL","SWIT",0.00146198830409357
"IREL","UNKI",0.149970361588619
"IREL","OTHER",0.00252246625724298
"ISRA","EGYP",0.549204052098408
"ISRA","MIDE",0.264733571832047
"ISRA","NAFR",0.284722222222222
"ISRA","NIGE",0.146923076923077
"ISRA","RUSS",0.0121441101065983
"ISRA","SAAR",0.0909617612977984
"ISRA","OTHER",0.0232243849970508
"ITAL","ALBA",0.00539083557951483
"ITAL","AUST",0.0406905055487053
"ITAL","BELA",0.000649772579597141
"ITAL","BELG",0.000702493853178785
"ITAL","BOHE",0.0216367990750681
"ITAL","BULG",0.00311111111111111
"ITAL","CROA",0.0343313373253493
"ITAL","CZRE",0.0122780506233472
"ITAL","FRAN",0.021323367773137
"ITAL","GERM",0.0089047195013357
"ITAL","GREE",0.00279524807826695
"ITAL","HUNG",0.00802782981000803
"ITAL","KOSO",0.00650445675740785
"ITAL","MACE",0.003125
"ITAL","MOLD",0.00253807106598985
"ITAL","MONT",0.0116279069767442
"ITAL","NETH",0.000808080808080808
"ITAL","POLA",0.0067559416093618
"ITAL","PORT",0.0072992700729927
"ITAL","ROMA",0.00328587075575027
"ITAL","RUSS",0.00161921468087977
"ITAL","SERB",0.00815478903915312
"ITAL","SKRE",0.00622277535780958
"ITAL","SLOV",0.125137211855104
"ITAL","SPAI",0.0517730496453901
"ITAL","SWIT",0.138888888888889
"ITAL","TURK",0.00124360923034407
"ITAL","UKRA",0.00369251426653239
"ITAL","UNKI",0.00276625172890733
"ITAL","OTHER",0.00488706151764339
"JAPA","CHIN",0.036364507474128
"JAPA","KORN",0.0316319194823868
"JAPA","KORS",0.190346083788707
"JAPA","PHIL",0.00196850393700787
"JAPA","RUSS",0.00580218593981919
"JAPA","TAIW",0.0701754385964912
"JAPA","OTHER",0.00389299469137088
"KAZA","AZER",0.00302114803625378
"KAZA","BELA",0.00129954515919428
"KAZA","KYRG",0.149129447388342
"KAZA","RUSS",0.0433139927135339
"KAZA","TAJI",0.0408830744071954
"KAZA","TKME",0.0416024653312789
"KAZA","TURK",0.000414536410114688
"KAZA","UKRA",0.0039163030099586
"KAZA","UZBE",0.0890451083772701
"KAZA","OTHER",0.0149647826237813
"KENY","EAFR",0.485074626865672
"KENY","MIDE",0.00771982677461872
"KENY","SAAR",0.011008111239861
"KENY","SAFR",0.00775193798449612
"KENY","TANZ",0.522540983606557
"KENY","OTHER",0.00623850664446064
"KORN","CHIN",0.351523572249904
"KORN","KORS",0.694899817850638
"KORN","MONG",0.0427350427350427
"KORN","RUSS",0.0245580893266766
"KORN","OTHER",0.00397800215120919
"KORS","CHIN",0.324262169413568
"KORS","JAPA",0.979166666666667
"KORS","KORN",0.929547088425593
"KORS","RUSS",0.028336256915396
"KORS","OTHER",0.00382360084660491
"KOSO","ALBA",0.304582210242588
"KOSO","AUST",0.00832305795314427
"KOSO","BELA",0.00454840805717999
"KOSO","BELG",0.000351246926589392
"KOSO","BOHE",0.0820877033611363
"KOSO","BULG",0.0653333333333333
"KOSO","CROA",0.0155688622754491
"KOSO","CZRE",0.0147336607480166
"KOSO","FRAN",0.00230819960430864
"KOSO","GERM",0.00605520926090828
"KOSO","GREE",0.13696715583508
"KOSO","HUNG",0.0275622156810276
"KOSO","ITAL",0.0197882312098594
"KOSO","MACE",0.354166666666667
"KOSO","MOLD",0.00761421319796954
"KOSO","MONT",0.196511627906977
"KOSO","NETH",0.000404040404040404
"KOSO","POLA",0.0134515623114972
"KOSO","ROMA",0.0284775465498357
"KOSO","RUSS",0.00701659695047902
"KOSO","SERB",0.247733373854024
"KOSO","SKRE",0.0205351586807716
"KOSO","SLOV",0.00329308452250274
"KOSO","SPAI",0.000709219858156029
"KOSO","SWIT",0.00146198830409357
"KOSO","TURK",0.0113306618764682
"KOSO","UKRA",0.0181268882175227
"KOSO","OTHER",0.00398667638180493
"KYRG","AZER",0.00151057401812689
"KYRG","KAZA",0.221480582524272
"KYRG","RUSS",0.00485764404263932
"KYRG","TAJI",0.238757154538021
"KYRG","TKME",0.0323574730354391
"KYRG","UZBE",0.444249170083968
"KYRG","OTHER",0.0095884945005378
"LAOS","CAMB",0.197478991596639
"LAOS","CHIN",0.0447489459563051
"LAOS","INDI",6.86059275521405e-05
"LAOS","MYAN",0.347368421052632
"LAOS","THAI",0.561190738699008
"LAOS","VIET",0.242095754290876
"LAOS","OTHER",0.0218295687172548
"LATV","AUST",0.0030826140567201
"LATV","BELA",0.155945419103314
"LATV","BELG",0.00561995082543028
"LATV","BOHE",0.00256007927987447
"LATV","BULG",0.000888888888888889
"LATV","CROA",0.00119760479041916
"LATV","CZRE",0.0117113713638081
"LATV","DENM",0.0665722379603399
"LATV","ESTO",0.325925925925926
"LATV","FINL",0.156626506024096
"LATV","FRAN",0.0038469993405144
"LATV","GERM",0.013713268032057
"LATV","HUNG",0.00481669788600482
"LATV","ITAL",0.00104148585315049
"LATV","KAZA",0.000303398058252427
"LATV","KOSO",0.000240905805829921
"LATV","LITH",0.522388059701492
"LATV","MOLD",0.0152284263959391
"LATV","NETH",0.0121212121212121
"LATV","NORW",0.0606060606060606
"LATV","POLA",0.0486186512245144
"LATV","ROMA",0.00675428988682001
"LATV","RUSS",0.0435838618270139
"LATV","SERB",0.00202603454388897
"LATV","SKRE",0.00995644057249534
"LATV","SLOV",0.00109769484083425
"LATV","SWED",0.114782608695652
"LATV","SWIT",0.00292397660818713
"LATV","TURK",0.00165814564045875
"LATV","UKRA",0.0254000223788743
"LATV","UNKI",0.00513732463939933
"LATV","OTHER",0.0022657090316089
"LITH","AUST",0.00554870530209618
"LITH","BELA",0.239766081871345
"LITH","BELG",0.00772743238496663
"LITH","BOHE",0.00429432653398299
"LITH","BULG",0.00266666666666667
"LITH","CROA",0.00199600798403194
"LITH","CZRE",0.0188893086513034
"LITH","DENM",0.0835694050991501
"LITH","ESTO",0.125925925925926
"LITH","FINL",0.0933734939759036
"LITH","FRAN",0.00582545614420752
"LITH","GERM",0.0197684772929653
"LITH","HUNG",0.00963339577200964
"LITH","IREL",0.00327868852459016
"LITH","ITAL",0.00260371463287624
"LITH","KOSO",0.000240905805829921
"LITH","LATV",0.279761904761905
"LITH","MACE",0.000520833333333333
"LITH","MOLD",0.032994923857868
"LITH","NETH",0.0161616161616162
"LITH","NORW",0.0572390572390572
"LITH","POLA",0.0923513089636868
"LITH","ROMA",0.0109529025191676
"LITH","RUSS",0.0565375792740521
"LITH","SERB",0.00334295699741681
"LITH","SKRE",0.0174237710018668
"LITH","SLOV",0.0021953896816685
"LITH","SWED",0.0973913043478261
"LITH","SWIT",0.00584795321637427
"LITH","TURK",0.00207268205057344
"LITH","UKRA",0.0362537764350453
"LITH","UNKI",0.006520450503853
"LITH","OTHER",0.00217723187953229
"LUXE","AUST",0.0203452527743527
"LUXE","BELA",0.00129954515919428
"LUXE","BELG",0.24306287319986
"LUXE","BOHE",8.25832025765959e-05
"LUXE","CROA",0.000399201596806387
"LUXE","CZRE",0.0273894975443899
"LUXE","DENM",0.0141643059490085
"LUXE","FRAN",0.205429764783469
"LUXE","GERM",0.126625111308994
"LUXE","HUNG",0.00187316028900187
"LUXE","IREL",0.0459016393442623
"LUXE","ITAL",0.0069432390210033
"LUXE","NETH",0.098989898989899
"LUXE","NORW",0.0202020202020202
"LUXE","POLA",0.0107371214863072
"LUXE","PORT",0.0072992700729927
"LUXE","ROMA",0.000365096750638919
"LUXE","RUSS",0.00188908379435974
"LUXE","SERB",0.000506508635972243
"LUXE","SKRE",0.00373366521468575
"LUXE","SLOV",0.00109769484083425
"LUXE","SPAI",0.0297872340425532
"LUXE","SWED",0.00173913043478261
"LUXE","SWIT",0.0687134502923976
"LUXE","UKRA",0.00156652120398344
"LUXE","UNKI",0.075874333135744
"LUXE","OTHER",0.00139828597203428
"MACE","ALBA",0.216981132075472
"MACE","AUST",0.00647348951911221
"MACE","BELA",0.00454840805717999
"MACE","BOHE",0.0495499215459576
"MACE","BULG",0.0982222222222222
"MACE","CROA",0.0103792415169661
"MACE","CZRE",0.010955799017756
"MACE","FRAN",0.0021982853374368
"MACE","GERM",0.00468981893737014
"MACE","GREE",0.361285814116003
"MACE","HUNG",0.0211399518330211
"MACE","ITAL",0.0163166116993578
"MACE","KOSO",0.318236569501325
"MACE","MOLD",0.00761421319796954
"MACE","MONT",0.0465116279069767
"MACE","POLA",0.0104958378574014
"MACE","ROMA",0.0237312887915298
"MACE","RUSS",0.007151531507219
"MACE","SERB",0.118877576862685
"MACE","SKRE",0.014934660858743
"MACE","SLOV",0.00329308452250274
"MACE","SPAI",0.00212765957446809
"MACE","SWIT",0.00146198830409357
"MACE","TURK",0.0197595688821335
"MACE","UKRA",0.0187982544478013
"MACE","UNKI",0.000395178818415333
"MACE","OTHER",0.00378716907810277
"MALA","AUTR",0.0131578947368421
"MALA","BRUN",1
"MALA","INDO",0.1499665998664
"MALA","PHIL",0.330708661417323
"MALA","SING",0.825059101654846
"MALA","THAI",0.0305034913634693
"MALA","VIET",0.00511894007828967
"MALA","OTHER",0.00230040595399188
"MALT","ALBA",0.00808625336927224
"MALT","AUST",0.00123304562268804
"MALT","BELG",0.000351246926589392
"MALT","BOHE",0.021058716657032
"MALT","BULG",0.00755555555555556
"MALT","CROA",0.00439121756487026
"MALT","CZRE",0.00491122024933888
"MALT","FRAN",0.0176961969663662
"MALT","GERM",0.00314633422380528
"MALT","GREE",0.0125786163522013
"MALT","HUNG",0.00107037730800107
"MALT","ITAL",0.128449921888561
"MALT","KOSO",0.0122861960973259
"MALT","MACE",0.0125
"MALT","MOLD",0.00253807106598985
"MALT","MONT",0.00116279069767442
"MALT","POLA",0.00319700808300157
"MALT","ROMA",0.00219058050383352
"MALT","RUSS",0.00161921468087977
"MALT","SERB",0.00678721572202806
"MALT","SKRE",0.000622277535780959
"MALT","SLOV",0.0021953896816685
"MALT","SPAI",0.0914893617021277
"MALT","SWIT",0.00146198830409357
"MALT","TURK",0.00525079452811939
"MALT","UKRA",0.00290925366454067
"MALT","UNKI",0.001778304682869
"MALT","OTHER",0.015774955761424
"MEXI","CARB",0.0614525139664804
"MEXI","CEAM",1
"MEXI","USAM",0.112798264642082
"MEXI","OTHER",0.00468408452170293
"MIDE","EAFR",0.0194029850746269
"MIDE","EGYP",0.115774240231548
"MIDE","INDI",0.00148646176362971
"MIDE","IRAN",0.195894689870593
"MIDE","ISRA",0.386084583901774
"MIDE","KAZA",0.000606796116504854
"MIDE","NAFR",0.0393518518518519
"MIDE","NIGE",0.0623076923076923
"MIDE","PAKI",0.00362438220757825
"MIDE","RUSS",0.00175414923761975
"MIDE","SAAR",0.398030127462341
"MIDE","OTHER",0.0463117171506887
"MOLD","ALBA",0.00134770889487871
"MOLD","ARME",0.00198019801980198
"MOLD","AUST",0.00524044389642417
"MOLD","AZER",0.00151057401812689
"MOLD","BELA",0.0656270305393113
"MOLD","BOHE",0.00941448509373194
"MOLD","BULG",0.0733333333333333
"MOLD","CROA",0.00279441117764471
"MOLD","CZRE",0.0122780506233472
"MOLD","DENM",0.0028328611898017
"MOLD","ESTO",0.00740740740740741
"MOLD","FINL",0.00301204819277108
"MOLD","FRAN",0.00153879973620576
"MOLD","GEOR",0.0054054054054054
"MOLD","GERM",0.00759869397447314
"MOLD","GREE",0.0139762403913347
"MOLD","HUNG",0.0144500936580145
"MOLD","ITAL",0.00433952438812706
"MOLD","KAZA",0.00485436893203884
"MOLD","KOSO",0.0081907973982173
"MOLD","LATV",0.00595238095238095
"MOLD","LITH",0.0119402985074627
"MOLD","MACE",0.003125
"MOLD","MONT",0.00116279069767442
"MOLD","NETH",0.000808080808080808
"MOLD","POLA",0.0400530823983593
"MOLD","ROMA",0.220335889010588
"MOLD","RUSS",0.0539738226959924
"MOLD","SERB",0.0097756166742643
"MOLD","SKRE",0.0174237710018668
"MOLD","SLOV",0.0021953896816685
"MOLD","SWED",0.00173913043478261
"MOLD","TURK",0.0344065220395191
"MOLD","UKRA",0.21819402484055
"MOLD","UNKI",0.000197589409207667
"MOLD","OTHER",0.00350091946844315
"MONG","CHIN",0.00311422000766577
"MONG","KAZA",0.0136529126213592
"MONG","RUSS",0.0268519767912562
"MONG","OTHER",0.0157298497623261
"MONT","ALBA",0.303234501347709
"MONT","AUST",0.00647348951911221
"MONT","BELA",0.0032488628979857
"MONT","BELG",0.000351246926589392
"MONT","BOHE",0.15988108018829
"MONT","BULG",0.0204444444444444
"MONT","CROA",0.0227544910179641
"MONT","CZRE",0.011144692104269
"MONT","FRAN",0.002747856671796
"MONT","GERM",0.00451172454734342
"MONT","GREE",0.0216631726065688
"MONT","HUNG",0.0141824993310142
"MONT","ITAL",0.0263843082798125
"MONT","KOSO",0.115152975186702
"MONT","MACE",0.0395833333333333
"MONT","MOLD",0.00253807106598985
"MONT","NETH",0.000404040404040404
"MONT","POLA",0.00947038243455182
"MONT","ROMA",0.0124132895217233
"MONT","RUSS",0.00445284037241938
"MONT","SERB",0.0714683685356835
"MONT","SKRE",0.0112009956440573
"MONT","SLOV",0.00329308452250274
"MONT","SPAI",0.00851063829787234
"MONT","SWIT",0.00146198830409357
"MONT","TURK",0.0048362581180047
"MONT","UKRA",0.0105180709410317
"MONT","UNKI",0.000790357636830666
"MONT","OTHER",0.00455397106276673
"MYAN","BANG",0.287147335423198
"MYAN","CHIN",0.0036412418551169
"MYAN","INDI",0.0402945481156239
"MYAN","LAOS",0.0467836257309942
"MYAN","MIDE",0.00018828845791753
"MYAN","NEPA",0.000604960677555959
"MYAN","PAKI",0.00724876441515651
"MYAN","SAAR",0.0052143684820394
"MYAN","THAI",0.104740904079383
"MYAN","VIET",0.004516711833785
"MYAN","OTHER",0.0183147704798584
"NAFR","NIGE",0.0776923076923077
"NAFR","OTHER",0.0233701120710593
"NEPA","AFGH",0.012582056892779
"NEPA","BANG",0.125391849529781
"NEPA","BHUT",0.117788461538462
"NEPA","CHIN",0.000479110770410119
"NEPA","INDI",0.308818148554702
"NEPA","IRAN",0.134315037929496
"NEPA","MIDE",0.00301261532668047
"NEPA","PAKI",0.19835255354201
"NEPA","SAAR",0.00579374275782155
"NEPA","OTHER",0.00728288400818848
"NETH","AUST",0.00801479654747226
"NETH","BELA",0.00259909031838856
"NETH","BELG",0.356164383561644
"NETH","CROA",0.000399201596806387
"NETH","CZRE",0.0213449187759728
"NETH","DENM",0.0665722379603399
"NETH","FRAN",0.10573752473071
"NETH","GERM",0.117304838230929
"NETH","HUNG",0.00107037730800107
"NETH","ICEL",0.0909090909090909
"NETH","IREL",0.173770491803279
"NETH","ITAL",0.00312445755945148
"NETH","LATV",0.00297619047619048
"NETH","LITH",0.00149253731343284
"NETH","LUXE",0.206896551724138
"NETH","NORW",0.0471380471380471
"NETH","POLA",0.0170708167450838
"NETH","PORT",0.0072992700729927
"NETH","ROMA",0.000365096750638919
"NETH","RUSS",0.00377816758871947
"NETH","SERB",5.06508635972243e-05
"NETH","SKRE",0.00186683260734288
"NETH","SLOV",0.00109769484083425
"NETH","SPAI",0.0297872340425532
"NETH","SWED",0.0191304347826087
"NETH","SWIT",0.0175438596491228
"NETH","UKRA",0.00223788743426206
"NETH","UNKI",0.198379766844497
"NETH","OTHER",0.00242704972068978
"NIGE","EGYP",0.0289435600578871
"NIGE","NAFR",0.0787037037037037
"NIGE","RSAF",0.00824175824175824
"NIGE","WAFR",0.713498622589532
"NIGE","OTHER",0.0437562888171819
"NORW","AUST",0.00030826140567201
"NORW","BELA",0.00519818063677713
"NORW","BELG",0.00421496311907271
"NORW","CZRE",0.0022667170381564
"NORW","DENM",0.0920679886685552
"NORW","ESTO",0.00740740740740741
"NORW","FINL",0.0301204819277108
"NORW","FRAN",0.0038469993405144
"NORW","GERM",0.00676758682101514
"NORW","HUNG",0.000267594327000268
"NORW","ICEL",0.136363636363636
"NORW","IREL",0.0163934426229508
"NORW","LATV",0.00595238095238095
"NORW","LITH",0.00447761194029851
"NORW","NETH",0.00929292929292929
"NORW","POLA",0.00591144890819158
"NORW","ROMA",0.00018254837531946
"NORW","RUSS",0.00512751315611928
"NORW","SERB",0.000101301727194449
"NORW","SKRE",0.000622277535780959
"NORW","SPAI",0.000709219858156029
"NORW","SWED",0.0956521739130435
"NORW","UKRA",0.00201409869083585
"NORW","UNKI",0.0187709938747283
"NORW","OTHER",0.0021425349571493
"NZEL","OTHER",0.00177995211824711
"PAKI","AFGH",0.785557986870897
"PAKI","INDI",0.0735226856933772
"PAKI","IRAN",0.145917001338688
"PAKI","ISRA",0.00750341064120055
"PAKI","KAZA",0.00394417475728155
"PAKI","MIDE",0.0677838448503107
"PAKI","SAAR",0.0909617612977984
"PAKI","OTHER",0.0314909267547969
"PARA","ARGE",0.300595238095238
"PARA","BRAZ",0.647785039941903
"PARA","OTHER",0.00857534436695465
"PERU","BOLV",0.75
"PERU","CHIL",0.83743842364532
"PERU","ECUA",0.571428571428571
"PERU","OTHER",0.0119721730682488
"PHIL","INDO",0.00100200400801603
"PHIL","OTHER",0.00246868602754936
"POLA","AUST",0.0249691738594328
"POLA","BELA",0.0545808966861598
"POLA","BELG",0.0136986301369863
"POLA","BOHE",0.0133784788174085
"POLA","BULG",0.00577777777777778
"POLA","CROA",0.0139720558882236
"POLA","CZRE",0.122402720060446
"POLA","DENM",0.0722379603399433
"POLA","ESTO",0.00740740740740741
"POLA","FINL",0.0210843373493976
"POLA","FRAN",0.013079797757749
"POLA","GERM",0.0508756307509647
"POLA","GREE",0.000698812019566737
"POLA","HUNG",0.0390687717420391
"POLA","ITAL",0.00902621072730429
"POLA","KOSO",0.00192724644663936
"POLA","LATV",0.0238095238095238
"POLA","LITH",0.0373134328358209
"POLA","MACE",0.000520833333333333
"POLA","MOLD",0.0203045685279188
"POLA","NETH",0.0242424242424242
"POLA","NORW",0.0336700336700337
"POLA","ROMA",0.0209930631617379
"POLA","RUSS",0.0179462960464175
"POLA","SERB",0.011295142582181
"POLA","SKRE",0.101431238332296
"POLA","SLOV",0.0186608122941822
"POLA","SPAI",0.00212765957446809
"POLA","SWED",0.04
"POLA","SWIT",0.0160818713450292
"POLA","TURK",0.00179632444383032
"POLA","UKRA",0.0343515721159226
"POLA","UNKI",0.018968583283936
"POLA","OTHER",0.00187710350091947
"PORT","BELG",0.000702493853178785
"PORT","FRAN",0.00813365574851616
"PORT","GERM",0.00130602552686257
"PORT","ITAL",0.00069432390210033
"PORT","SPAI",0.482978723404255
"PORT","UNKI",0.004742145820984
"PORT","OTHER",0.00482807674959231
"ROMA","ALBA",0.00539083557951483
"ROMA","AUST",0.0123304562268804
"ROMA","BELA",0.0272904483430799
"ROMA","BELG",0.00105374077976818
"ROMA","BOHE",0.0237839623420596
"ROMA","BULG",0.22
"ROMA","CROA",0.0119760479041916
"ROMA","CZRE",0.0162448054401209
"ROMA","DENM",0.00141643059490085
"ROMA","FRAN",0.00296768520553968
"ROMA","GEOR",0.0027027027027027
"ROMA","GERM",0.00825170673790442
"ROMA","GREE",0.0237596086652691
"ROMA","HUNG",0.0513781107840514
"ROMA","ITAL",0.0102412775559799
"ROMA","KAZA",0.00151699029126214
"ROMA","KOSO",0.0245723921946519
"ROMA","LATV",0.00297619047619048
"ROMA","LITH",0.00298507462686567
"ROMA","MACE",0.0182291666666667
"ROMA","MOLD",0.314720812182741
"ROMA","MONT",0.00232558139534884
"ROMA","NETH",0.00121212121212121
"ROMA","POLA",0.0285921100253348
"ROMA","RUSS",0.0263122385642963
"ROMA","SERB",0.0343412855189181
"ROMA","SKRE",0.0336029869321718
"ROMA","SLOV",0.00658616904500549
"ROMA","SWED",0.00173913043478261
"ROMA","SWIT",0.0043859649122807
"ROMA","TURK",0.0255630786237391
"ROMA","UKRA",0.0928723285218753
"ROMA","UNKI",0.000790357636830666
"ROMA","OTHER",0.00307935186148989
"RSAF","EAFR",0.0119402985074627
"RSAF","SAFR",0.86046511627907
"RSAF","TANZ",0.0307377049180328
"RSAF","WAFR",0.0550964187327824
"RSAF","OTHER",0.00852329898338018
"RUSS","ARME",0.00396039603960396
"RUSS","AZER",0.0219033232628399
"RUSS","BELA",0.0610786224821313
"RUSS","BOHE",0.000165166405153192
"RUSS","BULG",0.00133333333333333
"RUSS","CHIN",0.0131276351092373
"RUSS","CZRE",0.000755572346052135
"RUSS","DENM",0.0028328611898017
"RUSS","ESTO",0.0666666666666667
"RUSS","FINL",0.0512048192771084
"RUSS","FRAN",0.00010991426687184
"RUSS","GEOR",0.0243243243243243
"RUSS","GERM",0.001246660730187
"RUSS","HUNG",0.000802782981000803
"RUSS","KAZA",0.0361043689320388
"RUSS","KORN",0.00718907260963336
"RUSS","LATV",0.0238095238095238
"RUSS","LITH",0.0149253731343284
"RUSS","MOLD",0.0101522842639594
"RUSS","MONG",0.213675213675214
"RUSS","NETH",0.000404040404040404
"RUSS","NORW",0.00336700336700337
"RUSS","POLA",0.00820364338279648
"RUSS","ROMA",0.00328587075575027
"RUSS","SERB",0.00035455604518057
"RUSS","SKRE",0.00124455507156192
"RUSS","SWED",0.00869565217391304
"RUSS","TKME",0.0154083204930663
"RUSS","TURK",0.00773801298880752
"RUSS","UKRA",0.0455410092872328
"RUSS","UNKI",0.000395178818415333
"RUSS","UZBE",0.00136692052333529
"RUSS","OTHER",0.00535026543145623
"SAAR","EGYP",0.221418234442836
"SAAR","INDI",0.000205817782656421
"SAAR","IRAN",0.13520749665328
"SAAR","ISRA",0.227148703956344
"SAAR","MIDE",0.384485031067596
"SAAR","NAFR",0.0115740740740741
"SAAR","NIGE",0.0569230769230769
"SAAR","OTHER",0.0876982061691128
"SAFR","RSAF",0.679945054945055
"SAFR","OTHER",0.00520627320356684
"SERB","ALBA",0.0377358490566038
"SERB","AUST",0.0339087546239211
"SERB","BELA",0.0116959064327485
"SERB","BELG",0.00105374077976818
"SERB","BOHE",0.144520604509043
"SERB","BULG",0.135555555555556
"SERB","CROA",0.0922155688622755
"SERB","CZRE",0.0396675481677371
"SERB","DENM",0.00141643059490085
"SERB","FRAN",0.00527588480984832
"SERB","GERM",0.0147818343722173
"SERB","GREE",0.039832285115304
"SERB","HUNG",0.122825796093123
"SERB","ITAL",0.0216976219406353
"SERB","KOSO",0.0994940978077572
"SERB","LATV",0.00297619047619048
"SERB","LITH",0.00149253731343284
"SERB","MACE",0.065625
"SERB","MOLD",0.0203045685279188
"SERB","MONT",0.163953488372093
"SERB","NETH",0.00161616161616162
"SERB","POLA",0.0320304017372421
"SERB","ROMA",0.11153705732019
"SERB","RUSS",0.0111995682094184
"SERB","SKRE",0.0616054760423149
"SERB","SLOV",0.0142700329308452
"SERB","SPAI",0.000709219858156029
"SERB","SWED",0.00173913043478261
"SERB","SWIT",0.0087719298245614
"SERB","TURK",0.00925797982589471
"SERB","UKRA",0.0317780015665212
"SERB","UNKI",0.00256866231969966
"SERB","OTHER",0.00299087470941328
"SING","AUTR",0.236842105263158
"SING","INDO",0.846025384101536
"SING","MALA",0.67934548586192
"SING","OTHER",0.00479684951944763
"SKRE","ALBA",0.00134770889487871
"SKRE","AUST",0.091861898890259
"SKRE","BELA",0.0168940870695257
"SKRE","BELG",0.00702493853178785
"SKRE","BOHE",0.032290032207449
"SKRE","BULG",0.02
"SKRE","CROA",0.0502994011976048
"SKRE","CZRE",0.145258783528523
"SKRE","DENM",0.0169971671388102
"SKRE","FRAN",0.010991426687184
"SKRE","GERM",0.0295636687444345
"SKRE","GREE",0.00209643605870021
"SKRE","HUNG",0.24939791276425
"SKRE","ITAL",0.0237805936469363
"SKRE","KOSO",0.0115634786798362
"SKRE","LATV",0.00297619047619048
"SKRE","LITH",0.00298507462686567
"SKRE","MACE",0.00416666666666667
"SKRE","MOLD",0.0126903553299492
"SKRE","MONT",0.00116279069767442
"SKRE","NETH",0.0101010101010101
"SKRE","NORW",0.00336700336700337
"SKRE","POLA",0.101339124140427
"SKRE","ROMA",0.0620664476086163
"SKRE","RUSS",0.00836594251787883
"SKRE","SERB",0.0319606949298486
"SKRE","SLOV",0.0636663007683864
"SKRE","SPAI",0.00283687943262411
"SKRE","SWED",0.00173913043478261
"SKRE","SWIT",0.0263157894736842
"SKRE","TURK",0.00290175487080282
"SKRE","UKRA",0.0314423184513819
"SKRE","UNKI",0.009484291641968
"SKRE","OTHER",0.0019170049616599
"SLOV","ALBA",0.00134770889487871
"SLOV","AUST",0.219173859432799
"SLOV","BELA",0.00454840805717999
"SLOV","BELG",0.00351246926589392
"SLOV","BOHE",0.0366669419440086
"SLOV","BULG",0.00622222222222222
"SLOV","CROA",0.280239520958084
"SLOV","CZRE",0.0464676992822063
"SLOV","DENM",0.00141643059490085
"SLOV","FRAN",0.0111013409540558
"SLOV","GERM",0.0235678242802018
"SLOV","GREE",0.000698812019566737
"SLOV","HUNG",0.0503077334760503
"SLOV","ITAL",0.27286929352543
"SLOV","KOSO",0.000722717417489762
"SLOV","MACE",0.000520833333333333
"SLOV","MOLD",0.0050761421319797
"SLOV","MONT",0.00116279069767442
"SLOV","NETH",0.00484848484848485
"SLOV","POLA",0.021836168415973
"SLOV","ROMA",0.0133260313983206
"SLOV","RUSS",0.00418297125893941
"SLOV","SERB",0.0218811730740009
"SLOV","SKRE",0.0280024891101431
"SLOV","SPAI",0.0134751773049645
"SLOV","SWIT",0.0365497076023392
"SLOV","TURK",0.00096725162360094
"SLOV","UKRA",0.00928723285218753
"SLOV","UNKI",0.00513732463939933
"SLOV","OTHER",0.00241664064397488
"SPAI","AUST",0.00030826140567201
"SPAI","BELG",0.00210748155953635
"SPAI","BOHE",0.00115616483607234
"SPAI","CROA",0.000399201596806387
"SPAI","CZRE",0.000566679259539101
"SPAI","FRAN",0.0238513959111893
"SPAI","GERM",0.00267141585040071
"SPAI","IREL",0.00327868852459016
"SPAI","ITAL",0.01058843950703
"SPAI","NETH",0.00121212121212121
"SPAI","POLA",0.000542888165038002
"SPAI","PORT",0.897810218978102
"SPAI","SERB",0.000202603454388897
"SPAI","SLOV",0.00109769484083425
"SPAI","SWIT",0.00292397660818713
"SPAI","UNKI",0.00553250345781466
"SPAI","OTHER",0.0052010686652094
"SRIL","BANG",0.0112852664576803
"SRIL","INDI",0.011731613611416
"SRIL","OTHER",0.00273758717601749
"SWED","AUST",0.00184956843403206
"SWED","BELA",0.0201429499675114
"SWED","BELG",0.0108886547242712
"SWED","BOHE",0.000825832025765959
"SWED","BULG",0.000444444444444445
"SWED","CROA",0.000399201596806387
"SWED","CZRE",0.00793350963354741
"SWED","DENM",0.271954674220963
"SWED","ESTO",0.0444444444444444
"SWED","FINL",0.0993975903614458
"SWED","FRAN",0.00758408441415696
"SWED","GERM",0.0185218165627783
"SWED","HUNG",0.00240834894300241
"SWED","ICEL",0.0454545454545454
"SWED","IREL",0.019672131147541
"SWED","ITAL",0.000347161951050165
"SWED","LATV",0.0357142857142857
"SWED","LITH",0.0298507462686567
"SWED","MOLD",0.00253807106598985
"SWED","NETH",0.0250505050505051
"SWED","NORW",0.232323232323232
"SWED","POLA",0.0226806611171432
"SWED","ROMA",0.00200803212851406
"SWED","RUSS",0.0118742409931183
"SWED","SERB",0.000759762953958365
"SWED","SKRE",0.00373366521468575
"SWED","SLOV",0.00109769484083425
"SWED","SPAI",0.00354609929078014
"SWED","SWIT",0.00292397660818713
"SWED","TURK",0.000414536410114688
"SWED","UKRA",0.00570661295736824
"SWED","UNKI",0.0264769808338273
"SWED","OTHER",0.00240102702890254
"SWIT","AUST",0.0675092478421702
"SWIT","BELG",0.0140498770635757
"SWIT","BOHE",0.000247749607729788
"SWIT","CROA",0.000798403193612775
"SWIT","CZRE",0.017000377786173
"SWIT","FRAN",0.112552209276764
"SWIT","GERM",0.0747996438112199
"SWIT","HUNG",0.000535188654000535
"SWIT","ITAL",0.0630098941156049
"SWIT","LUXE",0.0172413793103448
"SWIT","NETH",0.0133333333333333
"SWIT","POLA",0.0062130534443238
"SWIT","PORT",0.0072992700729927
"SWIT","ROMA",0.00018254837531946
"SWIT","RUSS",0.00107947645391985
"SWIT","SERB",0.000151952590791673
"SWIT","SKRE",0.000622277535780959
"SWIT","SLOV",0.00439077936333699
"SWIT","SPAI",0.0262411347517731
"SWIT","UKRA",0.00134273246055723
"SWIT","UNKI",0.014226437462952
"SWIT","OTHER",0.00144859650948961
"TAIW","CHIN",0.0585473361441165
"TAIW","PHIL",0.141732283464567
"TAIW","THAI",0.00588019110621095
"TAIW","OTHER",0.00107040005551508
"TAJI","AZER",0.00453172205438067
"TAJI","KAZA",0.0964805825242719
"TAJI","KYRG",0.186979560938683
"TAJI","RUSS",0.00728646606395898
"TAJI","TKME",0.26040061633282
"TAJI","UZBE",0.339191564147627
"TAJI","OTHER",0.0254415183373235
"TANZ","EAFR",0.273134328358209
"TANZ","KENY",0.418282548476454
"TANZ","MIDE",0.00018828845791753
"TANZ","RSAF",0.100274725274725
"TANZ","SAFR",0.0914728682170542
"TANZ","WAFR",0.0137741046831956
"TANZ","OTHER",0.00585857534436696
"THAI","BANG",0.00188087774294671
"THAI","BHUT",0.0336538461538462
"THAI","CAMB",0.428571428571429
"THAI","CHIN",0.0273572249904178
"THAI","INDI",0.00109769484083425
"THAI","INDO",0.0030060120240481
"THAI","LAOS",0.538011695906433
"THAI","MALA",0.0647337447968997
"THAI","MYAN",0.228070175438596
"THAI","VIET",0.11743450767841
"THAI","OTHER",0.00850248082995039
"TKME","ARME",0.00792079207920792
"TKME","AZER",0.0241691842900302
"TKME","GEOR",0.00810810810810811
"TKME","GERM",5.93647966755714e-05
"TKME","KAZA",0.100424757281553
"TKME","KYRG",0.012112036336109
"TKME","RUSS",0.0257725003373364
"TKME","TAJI",0.080130825838103
"TKME","TURK",0.00497443692137626
"TKME","UKRA",0.00693745104621237
"TKME","UZBE",0.121851200937317
"TKME","OTHER",0.0421116546962285
"TURK","ALBA",0.00134770889487871
"TURK","ARME",0.0297029702970297
"TURK","AUST",0.00030826140567201
"TURK","AZER",0.00528700906344411
"TURK","BELA",0.00454840805717999
"TURK","BOHE",0.00264266248245107
"TURK","BULG",0.0368888888888889
"TURK","CROA",0.000798403193612775
"TURK","CYPR",1
"TURK","CZRE",0.000566679259539101
"TURK","GEOR",0.0216216216216216
"TURK","GERM",0.000593647966755714
"TURK","GREE",0.0405310971348707
"TURK","HUNG",0.00107037730800107
"TURK","ITAL",0.00225655268182607
"TURK","KAZA",0.00121359223300971
"TURK","KOSO",0.000963623223319682
"TURK","MACE",0.00260416666666667
"TURK","MOLD",0.0152284263959391
"TURK","POLA",0.0028350826396429
"TURK","ROMA",0.0151515151515152
"TURK","RUSS",0.0310349480501956
"TURK","SERB",0.00557159499569468
"TURK","SKRE",0.000622277535780959
"TURK","SLOV",0.00109769484083425
"TURK","TKME",0.00154083204930663
"TURK","UKRA",0.0443101711983887
"TURK","OTHER",0.00698622532181396
"UKRA","ALBA",0.00134770889487871
"UKRA","ARME",0.00198019801980198
"UKRA","AUST",0.00369913686806412
"UKRA","AZER",0.00453172205438067
"UKRA","BELA",0.0981156595191683
"UKRA","BELG",0.000351246926589392
"UKRA","BOHE",0.00635890659839789
"UKRA","BULG",0.0217777777777778
"UKRA","CROA",0.00279441117764471
"UKRA","CZRE",0.0105780128447299
"UKRA","DENM",0.00424929178470255
"UKRA","ESTO",0.00740740740740741
"UKRA","FINL",0.00602409638554217
"UKRA","FRAN",0.0010991426687184
"UKRA","GEOR",0.00810810810810811
"UKRA","GERM",0.00712377560106856
"UKRA","GREE",0.00349406009783368
"UKRA","HUNG",0.0152528766390153
"UKRA","ITAL",0.00243013365735115
"UKRA","KAZA",0.00849514563106796
"UKRA","KOSO",0.00216815225246929
"UKRA","LATV",0.0119047619047619
"UKRA","LITH",0.0164179104477612
"UKRA","MACE",0.00104166666666667
"UKRA","MOLD",0.291878172588832
"UKRA","NETH",0.00121212121212121
"UKRA","POLA",0.0435516950174931
"UKRA","ROMA",0.0575027382256298
"UKRA","RUSS",0.100121441101066
"UKRA","SERB",0.00607810363166692
"UKRA","SKRE",0.0186683260734288
"UKRA","SLOV",0.0021953896816685
"UKRA","SWED",0.00347826086956522
"UKRA","SWIT",0.00146198830409357
"UKRA","TKME",0.00308166409861325
"UKRA","TURK",0.0259776150338538
"UKRA","UNKI",0.000592768227623
"UKRA","OTHER",0.00445681968009438
"UNKI","AUST",0.00184956843403206
"UNKI","BELG",0.0484720758693362
"UNKI","CZRE",0.00528900642236494
"UNKI","DENM",0.0339943342776204
"UNKI","FRAN",0.0499010771598153
"UNKI","GERM",0.0217275155832591
"UNKI","ICEL",0.181818181818182
"UNKI","IREL",0.39344262295082
"UNKI","ITAL",0.00104148585315049
"UNKI","LUXE",0.0258620689655172
"UNKI","NETH",0.0731313131313131
"UNKI","NORW",0.0336700336700337
"UNKI","POLA",0.00524791892870069
"UNKI","PORT",0.0072992700729927
"UNKI","RUSS",0.000674672783699905
"UNKI","SPAI",0.0219858156028369
"UNKI","SWED",0.00521739130434783
"UNKI","SWIT",0.00730994152046783
"UNKI","OTHER",0.00222754241698761
"URUG","ARGE",0.50297619047619
"URUG","BRAZ",0.201888162672476
"URUG","OTHER",0.00257277679469831
"USAM","CANA",1
"USAM","CARB",0.0446927374301676
"USAM","MEXI",0.410714285714286
"USAM","RUSS",0.000134934556739981
"USAM","OTHER",0.00438395614309011
"UZBE","AZER",0.00906344410876133
"UZBE","KAZA",0.385315533980583
"UZBE","KYRG",0.651021953065859
"UZBE","RUSS",0.0155174740250978
"UZBE","TAJI",0.64022894521668
"UZBE","TKME",0.317411402157165
"UZBE","TURK",0.000414536410114688
"UZBE","UKRA",0.00078326060199172
"UZBE","OTHER",0.0193817008431352
"VENE","CARB",0.675977653631285
"VENE","COLO",0.5625
"VENE","OTHER",0.00548211373651157
"VIET","CAMB",0.373949579831933
"VIET","CHIN",0.12452088922959
"VIET","LAOS",0.295321637426901
"VIET","MALA",0.00818142672599397
"VIET","MYAN",0.056140350877193
"VIET","PHIL",0.127952755905512
"VIET","THAI",0.109886071297317
"VIET","OTHER",0.00581693903750737
"WAFR","EAFR",0.21044776119403
"WAFR","EGYP",0.0159189580318379
"WAFR","KENY",0.00554016620498615
"WAFR","MIDE",0.00018828845791753
"WAFR","NAFR",0.087962962962963
"WAFR","NIGE",0.401538461538462
"WAFR","RSAF",0.133241758241758
"WAFR","SAAR",0.00115874855156431
"WAFR","SAFR",0.0263565891472868
"WAFR","TANZ",0.0491803278688525
"WAFR","OTHER",0.0396950140522536
