"REGION_4LETTER","REGION_4LETTER_LABEL","ISO3","COUNTRY","isomatch"
"AFGH","Afghanistan","AFG","Afghanistan",TRUE
"ALBA","Albania","ALB","Albania",TRUE
"ARGE","Argentina","ARG","Argentina",TRUE
"ARME","Armenia","ARM","Armenia",TRUE
"AUST","Austria","AUT","Austria",TRUE
"AUTR","Australia","AUS","Australia",TRUE
"AZER","Azerbaijan","AZE","Azerbaijan",TRUE
"BANG","Bangladesh","BGD","Bangladesh",TRUE
"BELA","Belarus","BLR","Belarus",TRUE
"BELG","Belgium","BEL","Belgium",TRUE
"BHUT","Bhutan","BTN","Bhutan",TRUE
"BOHE","Bosnia and Herzegovina","BIH","Bosnia and Herzegovina",TRUE
"BOLV","Bolivia (Plurinational State of)","BOL","Bolivia (Plurinational State of)",TRUE
"BRAZ","Brazil","BRA","Brazil",TRUE
"BRUN","Brunei Darussalam","BRN","Brunei Darussalam",TRUE
"BULG","Bulgaria","BGR","Bulgaria",TRUE
"CAMB","Cambodia","KHM","Cambodia",TRUE
"CANA","Canada","CAN","Canada",TRUE
"CARB","Caribbean","BHS","Bahamas",TRUE
"CARB","Caribbean","CUB","Cuba",TRUE
"CARB","Caribbean","DOM","Dominican Republic",TRUE
"CARB","Caribbean","GUY","Guyana",TRUE
"CARB","Caribbean","HTI","Haiti",TRUE
"CARB","Caribbean","JAM","Jamaica",TRUE
"CARB","Caribbean","PRI","Puerto Rico",TRUE
"CARB","Caribbean","SUR","Suriname",TRUE
"CARB","Caribbean","TTO","Trinidad and Tobago",TRUE
"CEAM","Central America","BLZ","Belize",TRUE
"CEAM","Central America","CRI","Costa Rica",TRUE
"CEAM","Central America","GTM","Guatemala",TRUE
"CEAM","Central America","HND","Honduras",TRUE
"CEAM","Central America","NIC","Nicaragua",TRUE
"CEAM","Central America","PAN","Panama",TRUE
"CEAM","Central America","SLV","El Salvador",TRUE
"CHIL","Chile","CHL","Chile",TRUE
"CHIN","China","CHN","China",TRUE
"COLO","Colombia","COL","Colombia",TRUE
"CROA","Croatia","HRV","Croatia",TRUE
"CYPR","Cyprus","CYP","Cyprus",TRUE
"CZRE","Czech Republic","CZE","Czech Republic",TRUE
"DENM","Denmark","DNK","Denmark",TRUE
"EAFR","Eastern Africa (excl Kenya, Tanzania)","BDI","Burundi",TRUE
"EAFR","Eastern Africa (excl Kenya, Tanzania)","COM","Comoros",TRUE
"EAFR","Eastern Africa (excl Kenya, Tanzania)","DJI","Djibouti",TRUE
"EAFR","Eastern Africa (excl Kenya, Tanzania)","ERI","Eritrea",TRUE
"EAFR","Eastern Africa (excl Kenya, Tanzania)","ETH","Ethiopia",TRUE
"EAFR","Eastern Africa (excl Kenya, Tanzania)","MDG","Madagascar",TRUE
"EAFR","Eastern Africa (excl Kenya, Tanzania)","MUS","Mauritius",TRUE
"EAFR","Eastern Africa (excl Kenya, Tanzania)","RWA","Rwanda",TRUE
"EAFR","Eastern Africa (excl Kenya, Tanzania)","SDN","Sudan",TRUE
"EAFR","Eastern Africa (excl Kenya, Tanzania)","SOM","Somalia",TRUE
"EAFR","Eastern Africa (excl Kenya, Tanzania)","UGA","Uganda",TRUE
"ECUA","Ecuador","ECU","Ecuador",TRUE
"EGYP","Egypt","EGY","Egypt",TRUE
"ESTO","Estonia","EST","Estonia",TRUE
"FINL","Finland","FIN","Finland",TRUE
"FRAN","France","FRA","France",TRUE
"GEOR","Georgia","GEO","Georgia",TRUE
"GERM","Germany","DEU","Germany",TRUE
"GREE","Greece","GRC","Greece",TRUE
"HUNG","Hungary","HUN","Hungary",TRUE
"ICEL","Iceland","ISL","Iceland",TRUE
"INDI","India","IND","India",TRUE
"INDO","Indonesia","IDN","Indonesia",TRUE
"IRAN","Iran","IRN","Iran",TRUE
"IREL","Ireland","IRL","Ireland",TRUE
"ISRA","Israel","ISR","Israel",TRUE
"ITAL","Italy","ITA","Italy",TRUE
"JAPA","Japan","JPN","Japan",TRUE
"KAZA","Kazakhstan","KAZ","Kazakhstan",TRUE
"KENY","Kenya","KEN","Kenya",TRUE
"KORN","North Korea","PRK","North Korea",TRUE
"KORS","Republic of Korea","KOR","Republic of Korea",TRUE
"KOSO","Kosovo","XKX","Kosovo",TRUE
"KYRG","Kyrgyzstan","KGZ","Kyrgyzstan",TRUE
"LAOS","Laos","LAO","Laos",TRUE
"LATV","Latvia","LVA","Latvia",TRUE
"LITH","Lithuania","LTU","Lithuania",TRUE
"LUXE","Luxembourg","LUX","Luxembourg",TRUE
"MACE","TFYR Macedonia","MKD","TFYR Macedonia",TRUE
"MALA","Malaysia","MYS","Malaysia",TRUE
"MALT","Malta","MLT","Malta",TRUE
"MEXI","Mexico","MEX","Mexico",TRUE
"MIDE","Middle East","ARE","United Arab Emirates",TRUE
"MIDE","Middle East","BHR","Bahrain",TRUE
"MIDE","Middle East","IRQ","Iraq",TRUE
"MIDE","Middle East","JOR","Jordan",TRUE
"MIDE","Middle East","KWT","Kuwait",TRUE
"MIDE","Middle East","LBN","Lebanon",TRUE
"MIDE","Middle East","OMN","Oman",TRUE
"MIDE","Middle East","PSE","Occupied Palestinian Territory",TRUE
"MIDE","Middle East","QAT","Qatar",TRUE
"MIDE","Middle East","SYR","Syrian Arab Republic",TRUE
"MIDE","Middle East","YEM","Yemen",TRUE
"MOLD","Republic of Moldova","MDA","Republic of Moldova",TRUE
"MONG","Mongolia","MNG","Mongolia",TRUE
"MONT","Montenegro","MNE","Montenegro",TRUE
"MYAN","Myanmar","MMR","Myanmar",TRUE
"NAFR","Northern Africa (excl Egypt)","DZA","Algeria",TRUE
"NAFR","Northern Africa (excl Egypt)","ESH","Western Sahara",TRUE
"NAFR","Northern Africa (excl Egypt)","LBY","Libyan Arab Jamahiriya",TRUE
"NAFR","Northern Africa (excl Egypt)","MAR","Morocco",TRUE
"NAFR","Northern Africa (excl Egypt)","TUN","Tunisia",TRUE
"NEPA","Nepal","NPL","Nepal",TRUE
"NETH","Netherlands","NLD","Netherlands",TRUE
"NIGE","Nigeria","NGA","Nigeria",TRUE
"NORW","Norway","NOR","Norway",TRUE
"NZEL","New Zealand","NZL","New Zealand",TRUE
"PAKI","Pakistan","PAK","Pakistan",TRUE
"PARA","Paraguay","PRY","Paraguay",TRUE
"PERU","Peru","PER","Peru",TRUE
"PHIL","Philippines","PHL","Philippines",TRUE
"POLA","Poland","POL","Poland",TRUE
"PORT","Portugal","PRT","Portugal",TRUE
"ROMA","Romania","ROU","Romania",TRUE
"RSAF","Remaining Southern Africa","AGO","Angola",TRUE
"RSAF","Remaining Southern Africa","BWA","Botswana",TRUE
"RSAF","Remaining Southern Africa","LSO","Lesotho",TRUE
"RSAF","Remaining Southern Africa","MOZ","Mozambique",TRUE
"RSAF","Remaining Southern Africa","MWI","Malawi",TRUE
"RSAF","Remaining Southern Africa","NAM","Namibia",TRUE
"RSAF","Remaining Southern Africa","SWZ","Swaziland",TRUE
"RSAF","Remaining Southern Africa","ZMB","Zambia",TRUE
"RSAF","Remaining Southern Africa","ZWE","Zimbabwe",TRUE
"RUSS","Russian Federation","RUS","Russian Federation",TRUE
"SAAR","Saudi Arabia","SAU","Saudi Arabia",TRUE
"SAFR","South Africa","ZAF","South Africa",TRUE
"SERB","Serbia","SRB","Serbia",TRUE
"SING","Singapore","SGP","Singapore",TRUE
"SKRE","Slovakia","SVK","Slovakia",TRUE
"SLOV","Slovenia","SVN","Slovenia",TRUE
"SPAI","Spain","ESP","Spain",TRUE
"SRIL","Sri Lanka","LKA","Sri Lanka",TRUE
"SWED","Sweden","SWE","Sweden",TRUE
"SWIT","Switzerland","CHE","Switzerland",TRUE
"TAIW","Taiwan","TWN","Taiwan",TRUE
"TAJI","Tajikistan","TJK","Tajikistan",TRUE
"TANZ","United Republic of Tanzania","TZA","United Republic of Tanzania",TRUE
"THAI","Thailand","THA","Thailand",TRUE
"TKME","Turkmenistan","TKM","Turkmenistan",TRUE
"TURK","Turkey","TUR","Turkey",TRUE
"UKRA","Ukraine","UKR","Ukraine",TRUE
"UNKI","United Kingdom","GBR","United Kingdom",TRUE
"URUG","Uruguay","URY","Uruguay",TRUE
"USAM","United States of America","USA","United States of America",TRUE
"UZBE","Uzbekistan","UZB","Uzbekistan",TRUE
"VENE","Venezuela (Bolivarian Republic of)","VEN","Venezuela (Bolivarian Republic of)",TRUE
"VIET","Vietnam","VNM","Vietnam",TRUE
"WAFR","Western Africa (excl Nigeria)","BEN","Benin",TRUE
"WAFR","Western Africa (excl Nigeria)","BFA","Burkina Faso",TRUE
"WAFR","Western Africa (excl Nigeria)","CAF","Central African Republic",TRUE
"WAFR","Western Africa (excl Nigeria)","CIV","Cote d'Ivoire",TRUE
"WAFR","Western Africa (excl Nigeria)","CMR","Cameroon",TRUE
"WAFR","Western Africa (excl Nigeria)","COD","Democratic Republic of the Congo",TRUE
"WAFR","Western Africa (excl Nigeria)","COG","Congo",TRUE
"WAFR","Western Africa (excl Nigeria)","CPV","Cape Verde",TRUE
"WAFR","Western Africa (excl Nigeria)","GAB","Gabon",TRUE
"WAFR","Western Africa (excl Nigeria)","GHA","Ghana",TRUE
"WAFR","Western Africa (excl Nigeria)","GIN","Guinea",TRUE
"WAFR","Western Africa (excl Nigeria)","GMB","Gambia",TRUE
"WAFR","Western Africa (excl Nigeria)","GNB","Guinea-Bissau",TRUE
"WAFR","Western Africa (excl Nigeria)","GNQ","Equatorial Guinea",TRUE
"WAFR","Western Africa (excl Nigeria)","LBR","Liberia",TRUE
"WAFR","Western Africa (excl Nigeria)","MLI","Mali",TRUE
"WAFR","Western Africa (excl Nigeria)","MRT","Mauritania",TRUE
"WAFR","Western Africa (excl Nigeria)","NER","Niger",TRUE
"WAFR","Western Africa (excl Nigeria)","SEN","Senegal",TRUE
"WAFR","Western Africa (excl Nigeria)","SLE","Sierra Leone",TRUE
"WAFR","Western Africa (excl Nigeria)","TCD","Chad",TRUE
"WAFR","Western Africa (excl Nigeria)","TGO","Togo",TRUE
"CARB","Caribbean","SIS-NAmer","Small Islands - North America",FALSE
