"REGIONGROUP","LABEL_REGIONGROUP","YEAR","ISO3","interceptpgdp","slope"
"CAS","Central Asia",2030,"KAZ",9.84320051722784e-06,-0.000141279291580926
"CAS","Central Asia",2030,"KGZ",9.84320051722784e-06,-0.000141279291580926
"CAS","Central Asia",2030,"TJK",9.84320051722784e-06,-0.000141279291580926
"CAS","Central Asia",2030,"TKM",9.84320051722784e-06,-0.000141279291580926
"CAS","Central Asia",2030,"UZB",9.84320051722784e-06,-0.000141279291580926
"CAS","Central Asia",2040,"KAZ",3.19246283981136e-05,-0.000307829262331129
"CAS","Central Asia",2040,"KGZ",3.19246283981136e-05,-0.000307829262331129
"CAS","Central Asia",2040,"TJK",3.19246283981136e-05,-0.000307829262331129
"CAS","Central Asia",2040,"TKM",3.19246283981136e-05,-0.000307829262331129
"CAS","Central Asia",2040,"UZB",3.19246283981136e-05,-0.000307829262331129
"CAS","Central Asia",2050,"KAZ",4.83728441765545e-05,-1.61971196846591e-05
"CAS","Central Asia",2050,"KGZ",4.83728441765545e-05,-1.61971196846591e-05
"CAS","Central Asia",2050,"TJK",4.83728441765545e-05,-1.61971196846591e-05
"CAS","Central Asia",2050,"TKM",4.83728441765545e-05,-1.61971196846591e-05
"CAS","Central Asia",2050,"UZB",4.83728441765545e-05,-1.61971196846591e-05
"CHI","Centrally Planned Asia",2030,"CHN",0.000189095526388173,-0.0500775408462088
"CHI","Centrally Planned Asia",2030,"PRK",0.000189095526388173,-0.0500775408462088
"CHI","Centrally Planned Asia",2030,"MNG",0.000189095526388173,-0.0500775408462088
"CHI","Centrally Planned Asia",2040,"CHN",0.00035800534301196,-0.0690437723521155
"CHI","Centrally Planned Asia",2040,"PRK",0.00035800534301196,-0.0690437723521155
"CHI","Centrally Planned Asia",2040,"MNG",0.00035800534301196,-0.0690437723521155
"CHI","Centrally Planned Asia",2050,"CHN",0.000369887632863932,0.0128091333056574
"CHI","Centrally Planned Asia",2050,"PRK",0.000369887632863932,0.0128091333056574
"CHI","Centrally Planned Asia",2050,"MNG",0.000369887632863932,0.0128091333056574
"EAS","South East Asia",2030,"KHM",1.99964859463523e-05,-0.00100241021169324
"EAS","South East Asia",2030,"IDN",1.99964859463523e-05,-0.00100241021169324
"EAS","South East Asia",2030,"LAO",1.99964859463523e-05,-0.00100241021169324
"EAS","South East Asia",2030,"MYS",1.99964859463523e-05,-0.00100241021169324
"EAS","South East Asia",2030,"MMR",1.99964859463523e-05,-0.00100241021169324
"EAS","South East Asia",2030,"PHL",1.99964859463523e-05,-0.00100241021169324
"EAS","South East Asia",2030,"THA",1.99964859463523e-05,-0.00100241021169324
"EAS","South East Asia",2030,"VNM",1.99964859463523e-05,-0.00100241021169324
"EAS","South East Asia",2040,"KHM",8.14452911170632e-05,-0.00249556565066393
"EAS","South East Asia",2040,"IDN",8.14452911170632e-05,-0.00249556565066393
"EAS","South East Asia",2040,"LAO",8.14452911170632e-05,-0.00249556565066393
"EAS","South East Asia",2040,"MYS",8.14452911170632e-05,-0.00249556565066393
"EAS","South East Asia",2040,"MMR",8.14452911170632e-05,-0.00249556565066393
"EAS","South East Asia",2040,"PHL",8.14452911170632e-05,-0.00249556565066393
"EAS","South East Asia",2040,"THA",8.14452911170632e-05,-0.00249556565066393
"EAS","South East Asia",2040,"VNM",8.14452911170632e-05,-0.00249556565066393
"EAS","South East Asia",2050,"KHM",0.000260859836261999,-0.0155570259168677
"EAS","South East Asia",2050,"IDN",0.000260859836261999,-0.0155570259168677
"EAS","South East Asia",2050,"LAO",0.000260859836261999,-0.0155570259168677
"EAS","South East Asia",2050,"MYS",0.000260859836261999,-0.0155570259168677
"EAS","South East Asia",2050,"MMR",0.000260859836261999,-0.0155570259168677
"EAS","South East Asia",2050,"PHL",0.000260859836261999,-0.0155570259168677
"EAS","South East Asia",2050,"THA",0.000260859836261999,-0.0155570259168677
"EAS","South East Asia",2050,"VNM",0.000260859836261999,-0.0155570259168677
"EUR","EU, EFTA, UK",2030,"AUT",1.5523678201294e-05,-0.000234163372681776
"EUR","EU, EFTA, UK",2030,"BEL",1.5523678201294e-05,-0.000234163372681776
"EUR","EU, EFTA, UK",2030,"BGR",1.5523678201294e-05,-0.000234163372681776
"EUR","EU, EFTA, UK",2030,"HRV",1.5523678201294e-05,-0.000234163372681776
"EUR","EU, EFTA, UK",2030,"CYP",1.5523678201294e-05,-0.000234163372681776
"EUR","EU, EFTA, UK",2030,"CZE",1.5523678201294e-05,-0.000234163372681776
"EUR","EU, EFTA, UK",2030,"DNK",1.5523678201294e-05,-0.000234163372681776
"EUR","EU, EFTA, UK",2030,"EST",1.5523678201294e-05,-0.000234163372681776
"EUR","EU, EFTA, UK",2030,"FIN",1.5523678201294e-05,-0.000234163372681776
"EUR","EU, EFTA, UK",2030,"FRA",1.5523678201294e-05,-0.000234163372681776
"EUR","EU, EFTA, UK",2030,"DEU",1.5523678201294e-05,-0.000234163372681776
"EUR","EU, EFTA, UK",2030,"GRC",1.5523678201294e-05,-0.000234163372681776
"EUR","EU, EFTA, UK",2030,"HUN",1.5523678201294e-05,-0.000234163372681776
"EUR","EU, EFTA, UK",2030,"ISL",1.5523678201294e-05,-0.000234163372681776
"EUR","EU, EFTA, UK",2030,"IRL",1.5523678201294e-05,-0.000234163372681776
"EUR","EU, EFTA, UK",2030,"ITA",1.5523678201294e-05,-0.000234163372681776
"EUR","EU, EFTA, UK",2030,"LVA",1.5523678201294e-05,-0.000234163372681776
"EUR","EU, EFTA, UK",2030,"LTU",1.5523678201294e-05,-0.000234163372681776
"EUR","EU, EFTA, UK",2030,"LUX",1.5523678201294e-05,-0.000234163372681776
"EUR","EU, EFTA, UK",2030,"MLT",1.5523678201294e-05,-0.000234163372681776
"EUR","EU, EFTA, UK",2030,"NLD",1.5523678201294e-05,-0.000234163372681776
"EUR","EU, EFTA, UK",2030,"NOR",1.5523678201294e-05,-0.000234163372681776
"EUR","EU, EFTA, UK",2030,"POL",1.5523678201294e-05,-0.000234163372681776
"EUR","EU, EFTA, UK",2030,"PRT",1.5523678201294e-05,-0.000234163372681776
"EUR","EU, EFTA, UK",2030,"ROU",1.5523678201294e-05,-0.000234163372681776
"EUR","EU, EFTA, UK",2030,"SVK",1.5523678201294e-05,-0.000234163372681776
"EUR","EU, EFTA, UK",2030,"SVN",1.5523678201294e-05,-0.000234163372681776
"EUR","EU, EFTA, UK",2030,"ESP",1.5523678201294e-05,-0.000234163372681776
"EUR","EU, EFTA, UK",2030,"SWE",1.5523678201294e-05,-0.000234163372681776
"EUR","EU, EFTA, UK",2030,"CHE",1.5523678201294e-05,-0.000234163372681776
"EUR","EU, EFTA, UK",2030,"GBR",1.5523678201294e-05,-0.000234163372681776
"EUR","EU, EFTA, UK",2040,"AUT",7.68457158231519e-05,-0.00031780000942309
"EUR","EU, EFTA, UK",2040,"BEL",7.68457158231519e-05,-0.00031780000942309
"EUR","EU, EFTA, UK",2040,"BGR",7.68457158231519e-05,-0.00031780000942309
"EUR","EU, EFTA, UK",2040,"HRV",7.68457158231519e-05,-0.00031780000942309
"EUR","EU, EFTA, UK",2040,"CYP",7.68457158231519e-05,-0.00031780000942309
"EUR","EU, EFTA, UK",2040,"CZE",7.68457158231519e-05,-0.00031780000942309
"EUR","EU, EFTA, UK",2040,"DNK",7.68457158231519e-05,-0.00031780000942309
"EUR","EU, EFTA, UK",2040,"EST",7.68457158231519e-05,-0.00031780000942309
"EUR","EU, EFTA, UK",2040,"FIN",7.68457158231519e-05,-0.00031780000942309
"EUR","EU, EFTA, UK",2040,"FRA",7.68457158231519e-05,-0.00031780000942309
"EUR","EU, EFTA, UK",2040,"DEU",7.68457158231519e-05,-0.00031780000942309
"EUR","EU, EFTA, UK",2040,"GRC",7.68457158231519e-05,-0.00031780000942309
"EUR","EU, EFTA, UK",2040,"HUN",7.68457158231519e-05,-0.00031780000942309
"EUR","EU, EFTA, UK",2040,"ISL",7.68457158231519e-05,-0.00031780000942309
"EUR","EU, EFTA, UK",2040,"IRL",7.68457158231519e-05,-0.00031780000942309
"EUR","EU, EFTA, UK",2040,"ITA",7.68457158231519e-05,-0.00031780000942309
"EUR","EU, EFTA, UK",2040,"LVA",7.68457158231519e-05,-0.00031780000942309
"EUR","EU, EFTA, UK",2040,"LTU",7.68457158231519e-05,-0.00031780000942309
"EUR","EU, EFTA, UK",2040,"LUX",7.68457158231519e-05,-0.00031780000942309
"EUR","EU, EFTA, UK",2040,"MLT",7.68457158231519e-05,-0.00031780000942309
"EUR","EU, EFTA, UK",2040,"NLD",7.68457158231519e-05,-0.00031780000942309
"EUR","EU, EFTA, UK",2040,"NOR",7.68457158231519e-05,-0.00031780000942309
"EUR","EU, EFTA, UK",2040,"POL",7.68457158231519e-05,-0.00031780000942309
"EUR","EU, EFTA, UK",2040,"PRT",7.68457158231519e-05,-0.00031780000942309
"EUR","EU, EFTA, UK",2040,"ROU",7.68457158231519e-05,-0.00031780000942309
"EUR","EU, EFTA, UK",2040,"SVK",7.68457158231519e-05,-0.00031780000942309
"EUR","EU, EFTA, UK",2040,"SVN",7.68457158231519e-05,-0.00031780000942309
"EUR","EU, EFTA, UK",2040,"ESP",7.68457158231519e-05,-0.00031780000942309
"EUR","EU, EFTA, UK",2040,"SWE",7.68457158231519e-05,-0.00031780000942309
"EUR","EU, EFTA, UK",2040,"CHE",7.68457158231519e-05,-0.00031780000942309
"EUR","EU, EFTA, UK",2040,"GBR",7.68457158231519e-05,-0.00031780000942309
"EUR","EU, EFTA, UK",2050,"AUT",0.000140879763296136,0.00692387911421191
"EUR","EU, EFTA, UK",2050,"BEL",0.000140879763296136,0.00692387911421191
"EUR","EU, EFTA, UK",2050,"BGR",0.000140879763296136,0.00692387911421191
"EUR","EU, EFTA, UK",2050,"HRV",0.000140879763296136,0.00692387911421191
"EUR","EU, EFTA, UK",2050,"CYP",0.000140879763296136,0.00692387911421191
"EUR","EU, EFTA, UK",2050,"CZE",0.000140879763296136,0.00692387911421191
"EUR","EU, EFTA, UK",2050,"DNK",0.000140879763296136,0.00692387911421191
"EUR","EU, EFTA, UK",2050,"EST",0.000140879763296136,0.00692387911421191
"EUR","EU, EFTA, UK",2050,"FIN",0.000140879763296136,0.00692387911421191
"EUR","EU, EFTA, UK",2050,"FRA",0.000140879763296136,0.00692387911421191
"EUR","EU, EFTA, UK",2050,"DEU",0.000140879763296136,0.00692387911421191
"EUR","EU, EFTA, UK",2050,"GRC",0.000140879763296136,0.00692387911421191
"EUR","EU, EFTA, UK",2050,"HUN",0.000140879763296136,0.00692387911421191
"EUR","EU, EFTA, UK",2050,"ISL",0.000140879763296136,0.00692387911421191
"EUR","EU, EFTA, UK",2050,"IRL",0.000140879763296136,0.00692387911421191
"EUR","EU, EFTA, UK",2050,"ITA",0.000140879763296136,0.00692387911421191
"EUR","EU, EFTA, UK",2050,"LVA",0.000140879763296136,0.00692387911421191
"EUR","EU, EFTA, UK",2050,"LTU",0.000140879763296136,0.00692387911421191
"EUR","EU, EFTA, UK",2050,"LUX",0.000140879763296136,0.00692387911421191
"EUR","EU, EFTA, UK",2050,"MLT",0.000140879763296136,0.00692387911421191
"EUR","EU, EFTA, UK",2050,"NLD",0.000140879763296136,0.00692387911421191
"EUR","EU, EFTA, UK",2050,"NOR",0.000140879763296136,0.00692387911421191
"EUR","EU, EFTA, UK",2050,"POL",0.000140879763296136,0.00692387911421191
"EUR","EU, EFTA, UK",2050,"PRT",0.000140879763296136,0.00692387911421191
"EUR","EU, EFTA, UK",2050,"ROU",0.000140879763296136,0.00692387911421191
"EUR","EU, EFTA, UK",2050,"SVK",0.000140879763296136,0.00692387911421191
"EUR","EU, EFTA, UK",2050,"SVN",0.000140879763296136,0.00692387911421191
"EUR","EU, EFTA, UK",2050,"ESP",0.000140879763296136,0.00692387911421191
"EUR","EU, EFTA, UK",2050,"SWE",0.000140879763296136,0.00692387911421191
"EUR","EU, EFTA, UK",2050,"CHE",0.000140879763296136,0.00692387911421191
"EUR","EU, EFTA, UK",2050,"GBR",0.000140879763296136,0.00692387911421191
"LAC","Latin America & Caribbean",2030,"ARG",1.00799215636608e-05,-3.87376755395193e-18
"LAC","Latin America & Caribbean",2030,"BOL",1.00799215636608e-05,-3.87376755395193e-18
"LAC","Latin America & Caribbean",2030,"BRA",1.00799215636608e-05,-3.87376755395193e-18
"LAC","Latin America & Caribbean",2030,"ABW",1.00799215636608e-05,-3.87376755395193e-18
"LAC","Latin America & Caribbean",2030,"BHS",1.00799215636608e-05,-3.87376755395193e-18
"LAC","Latin America & Caribbean",2030,"BRB",1.00799215636608e-05,-3.87376755395193e-18
"LAC","Latin America & Caribbean",2030,"CUB",1.00799215636608e-05,-3.87376755395193e-18
"LAC","Latin America & Caribbean",2030,"DOM",1.00799215636608e-05,-3.87376755395193e-18
"LAC","Latin America & Caribbean",2030,"GLP",1.00799215636608e-05,-3.87376755395193e-18
"LAC","Latin America & Caribbean",2030,"GRD",1.00799215636608e-05,-3.87376755395193e-18
"LAC","Latin America & Caribbean",2030,"GUF",1.00799215636608e-05,-3.87376755395193e-18
"LAC","Latin America & Caribbean",2030,"GUY",1.00799215636608e-05,-3.87376755395193e-18
"LAC","Latin America & Caribbean",2030,"HTI",1.00799215636608e-05,-3.87376755395193e-18
"LAC","Latin America & Caribbean",2030,"JAM",1.00799215636608e-05,-3.87376755395193e-18
"LAC","Latin America & Caribbean",2030,"LCA",1.00799215636608e-05,-3.87376755395193e-18
"LAC","Latin America & Caribbean",2030,"MTQ",1.00799215636608e-05,-3.87376755395193e-18
"LAC","Latin America & Caribbean",2030,"PRI",1.00799215636608e-05,-3.87376755395193e-18
"LAC","Latin America & Caribbean",2030,"SUR",1.00799215636608e-05,-3.87376755395193e-18
"LAC","Latin America & Caribbean",2030,"TTO",1.00799215636608e-05,-3.87376755395193e-18
"LAC","Latin America & Caribbean",2030,"VCT",1.00799215636608e-05,-3.87376755395193e-18
"LAC","Latin America & Caribbean",2030,"VIR",1.00799215636608e-05,-3.87376755395193e-18
"LAC","Latin America & Caribbean",2030,"BLZ",1.00799215636608e-05,-3.87376755395193e-18
"LAC","Latin America & Caribbean",2030,"CRI",1.00799215636608e-05,-3.87376755395193e-18
"LAC","Latin America & Caribbean",2030,"GTM",1.00799215636608e-05,-3.87376755395193e-18
"LAC","Latin America & Caribbean",2030,"HND",1.00799215636608e-05,-3.87376755395193e-18
"LAC","Latin America & Caribbean",2030,"NIC",1.00799215636608e-05,-3.87376755395193e-18
"LAC","Latin America & Caribbean",2030,"PAN",1.00799215636608e-05,-3.87376755395193e-18
"LAC","Latin America & Caribbean",2030,"SLV",1.00799215636608e-05,-3.87376755395193e-18
"LAC","Latin America & Caribbean",2030,"CHL",1.00799215636608e-05,-3.87376755395193e-18
"LAC","Latin America & Caribbean",2030,"COL",1.00799215636608e-05,-3.87376755395193e-18
"LAC","Latin America & Caribbean",2030,"ECU",1.00799215636608e-05,-3.87376755395193e-18
"LAC","Latin America & Caribbean",2030,"MEX",1.00799215636608e-05,-3.87376755395193e-18
"LAC","Latin America & Caribbean",2030,"PRY",1.00799215636608e-05,-3.87376755395193e-18
"LAC","Latin America & Caribbean",2030,"PER",1.00799215636608e-05,-3.87376755395193e-18
"LAC","Latin America & Caribbean",2030,"URY",1.00799215636608e-05,-3.87376755395193e-18
"LAC","Latin America & Caribbean",2030,"VEN",1.00799215636608e-05,-3.87376755395193e-18
"LAC","Latin America & Caribbean",2040,"ARG",6.62908353572369e-05,-9.16368369292644e-18
"LAC","Latin America & Caribbean",2040,"BOL",6.62908353572369e-05,-9.16368369292644e-18
"LAC","Latin America & Caribbean",2040,"BRA",6.62908353572369e-05,-9.16368369292644e-18
"LAC","Latin America & Caribbean",2040,"ABW",6.62908353572369e-05,-9.16368369292644e-18
"LAC","Latin America & Caribbean",2040,"BHS",6.62908353572369e-05,-9.16368369292644e-18
"LAC","Latin America & Caribbean",2040,"BRB",6.62908353572369e-05,-9.16368369292644e-18
"LAC","Latin America & Caribbean",2040,"CUB",6.62908353572369e-05,-9.16368369292644e-18
"LAC","Latin America & Caribbean",2040,"DOM",6.62908353572369e-05,-9.16368369292644e-18
"LAC","Latin America & Caribbean",2040,"GLP",6.62908353572369e-05,-9.16368369292644e-18
"LAC","Latin America & Caribbean",2040,"GRD",6.62908353572369e-05,-9.16368369292644e-18
"LAC","Latin America & Caribbean",2040,"GUF",6.62908353572369e-05,-9.16368369292644e-18
"LAC","Latin America & Caribbean",2040,"GUY",6.62908353572369e-05,-9.16368369292644e-18
"LAC","Latin America & Caribbean",2040,"HTI",6.62908353572369e-05,-9.16368369292644e-18
"LAC","Latin America & Caribbean",2040,"JAM",6.62908353572369e-05,-9.16368369292644e-18
"LAC","Latin America & Caribbean",2040,"LCA",6.62908353572369e-05,-9.16368369292644e-18
"LAC","Latin America & Caribbean",2040,"MTQ",6.62908353572369e-05,-9.16368369292644e-18
"LAC","Latin America & Caribbean",2040,"PRI",6.62908353572369e-05,-9.16368369292644e-18
"LAC","Latin America & Caribbean",2040,"SUR",6.62908353572369e-05,-9.16368369292644e-18
"LAC","Latin America & Caribbean",2040,"TTO",6.62908353572369e-05,-9.16368369292644e-18
"LAC","Latin America & Caribbean",2040,"VCT",6.62908353572369e-05,-9.16368369292644e-18
"LAC","Latin America & Caribbean",2040,"VIR",6.62908353572369e-05,-9.16368369292644e-18
"LAC","Latin America & Caribbean",2040,"BLZ",6.62908353572369e-05,-9.16368369292644e-18
"LAC","Latin America & Caribbean",2040,"CRI",6.62908353572369e-05,-9.16368369292644e-18
"LAC","Latin America & Caribbean",2040,"GTM",6.62908353572369e-05,-9.16368369292644e-18
"LAC","Latin America & Caribbean",2040,"HND",6.62908353572369e-05,-9.16368369292644e-18
"LAC","Latin America & Caribbean",2040,"NIC",6.62908353572369e-05,-9.16368369292644e-18
"LAC","Latin America & Caribbean",2040,"PAN",6.62908353572369e-05,-9.16368369292644e-18
"LAC","Latin America & Caribbean",2040,"SLV",6.62908353572369e-05,-9.16368369292644e-18
"LAC","Latin America & Caribbean",2040,"CHL",6.62908353572369e-05,-9.16368369292644e-18
"LAC","Latin America & Caribbean",2040,"COL",6.62908353572369e-05,-9.16368369292644e-18
"LAC","Latin America & Caribbean",2040,"ECU",6.62908353572369e-05,-9.16368369292644e-18
"LAC","Latin America & Caribbean",2040,"MEX",6.62908353572369e-05,-9.16368369292644e-18
"LAC","Latin America & Caribbean",2040,"PRY",6.62908353572369e-05,-9.16368369292644e-18
"LAC","Latin America & Caribbean",2040,"PER",6.62908353572369e-05,-9.16368369292644e-18
"LAC","Latin America & Caribbean",2040,"URY",6.62908353572369e-05,-9.16368369292644e-18
"LAC","Latin America & Caribbean",2040,"VEN",6.62908353572369e-05,-9.16368369292644e-18
"LAC","Latin America & Caribbean",2050,"ARG",0.000261927358807631,-0.0139806976259369
"LAC","Latin America & Caribbean",2050,"BOL",0.000261927358807631,-0.0139806976259369
"LAC","Latin America & Caribbean",2050,"BRA",0.000261927358807631,-0.0139806976259369
"LAC","Latin America & Caribbean",2050,"ABW",0.000261927358807631,-0.0139806976259369
"LAC","Latin America & Caribbean",2050,"BHS",0.000261927358807631,-0.0139806976259369
"LAC","Latin America & Caribbean",2050,"BRB",0.000261927358807631,-0.0139806976259369
"LAC","Latin America & Caribbean",2050,"CUB",0.000261927358807631,-0.0139806976259369
"LAC","Latin America & Caribbean",2050,"DOM",0.000261927358807631,-0.0139806976259369
"LAC","Latin America & Caribbean",2050,"GLP",0.000261927358807631,-0.0139806976259369
"LAC","Latin America & Caribbean",2050,"GRD",0.000261927358807631,-0.0139806976259369
"LAC","Latin America & Caribbean",2050,"GUF",0.000261927358807631,-0.0139806976259369
"LAC","Latin America & Caribbean",2050,"GUY",0.000261927358807631,-0.0139806976259369
"LAC","Latin America & Caribbean",2050,"HTI",0.000261927358807631,-0.0139806976259369
"LAC","Latin America & Caribbean",2050,"JAM",0.000261927358807631,-0.0139806976259369
"LAC","Latin America & Caribbean",2050,"LCA",0.000261927358807631,-0.0139806976259369
"LAC","Latin America & Caribbean",2050,"MTQ",0.000261927358807631,-0.0139806976259369
"LAC","Latin America & Caribbean",2050,"PRI",0.000261927358807631,-0.0139806976259369
"LAC","Latin America & Caribbean",2050,"SUR",0.000261927358807631,-0.0139806976259369
"LAC","Latin America & Caribbean",2050,"TTO",0.000261927358807631,-0.0139806976259369
"LAC","Latin America & Caribbean",2050,"VCT",0.000261927358807631,-0.0139806976259369
"LAC","Latin America & Caribbean",2050,"VIR",0.000261927358807631,-0.0139806976259369
"LAC","Latin America & Caribbean",2050,"BLZ",0.000261927358807631,-0.0139806976259369
"LAC","Latin America & Caribbean",2050,"CRI",0.000261927358807631,-0.0139806976259369
"LAC","Latin America & Caribbean",2050,"GTM",0.000261927358807631,-0.0139806976259369
"LAC","Latin America & Caribbean",2050,"HND",0.000261927358807631,-0.0139806976259369
"LAC","Latin America & Caribbean",2050,"NIC",0.000261927358807631,-0.0139806976259369
"LAC","Latin America & Caribbean",2050,"PAN",0.000261927358807631,-0.0139806976259369
"LAC","Latin America & Caribbean",2050,"SLV",0.000261927358807631,-0.0139806976259369
"LAC","Latin America & Caribbean",2050,"CHL",0.000261927358807631,-0.0139806976259369
"LAC","Latin America & Caribbean",2050,"COL",0.000261927358807631,-0.0139806976259369
"LAC","Latin America & Caribbean",2050,"ECU",0.000261927358807631,-0.0139806976259369
"LAC","Latin America & Caribbean",2050,"MEX",0.000261927358807631,-0.0139806976259369
"LAC","Latin America & Caribbean",2050,"PRY",0.000261927358807631,-0.0139806976259369
"LAC","Latin America & Caribbean",2050,"PER",0.000261927358807631,-0.0139806976259369
"LAC","Latin America & Caribbean",2050,"URY",0.000261927358807631,-0.0139806976259369
"LAC","Latin America & Caribbean",2050,"VEN",0.000261927358807631,-0.0139806976259369
"MEA","Middle East",2030,"ISR",9.62085515427984e-05,-0.00802514120333499
"MEA","Middle East",2030,"ARE",9.62085515427984e-05,-0.00802514120333499
"MEA","Middle East",2030,"BHR",9.62085515427984e-05,-0.00802514120333499
"MEA","Middle East",2030,"IRQ",9.62085515427984e-05,-0.00802514120333499
"MEA","Middle East",2030,"JOR",9.62085515427984e-05,-0.00802514120333499
"MEA","Middle East",2030,"KWT",9.62085515427984e-05,-0.00802514120333499
"MEA","Middle East",2030,"LBN",9.62085515427984e-05,-0.00802514120333499
"MEA","Middle East",2030,"OMN",9.62085515427984e-05,-0.00802514120333499
"MEA","Middle East",2030,"PSE",9.62085515427984e-05,-0.00802514120333499
"MEA","Middle East",2030,"QAT",9.62085515427984e-05,-0.00802514120333499
"MEA","Middle East",2030,"SYR",9.62085515427984e-05,-0.00802514120333499
"MEA","Middle East",2030,"YEM",9.62085515427984e-05,-0.00802514120333499
"MEA","Middle East",2030,"SAU",9.62085515427984e-05,-0.00802514120333499
"MEA","Middle East",2040,"ISR",0.000270588385890618,-0.0243196351886202
"MEA","Middle East",2040,"ARE",0.000270588385890618,-0.0243196351886202
"MEA","Middle East",2040,"BHR",0.000270588385890618,-0.0243196351886202
"MEA","Middle East",2040,"IRQ",0.000270588385890618,-0.0243196351886202
"MEA","Middle East",2040,"JOR",0.000270588385890618,-0.0243196351886202
"MEA","Middle East",2040,"KWT",0.000270588385890618,-0.0243196351886202
"MEA","Middle East",2040,"LBN",0.000270588385890618,-0.0243196351886202
"MEA","Middle East",2040,"OMN",0.000270588385890618,-0.0243196351886202
"MEA","Middle East",2040,"PSE",0.000270588385890618,-0.0243196351886202
"MEA","Middle East",2040,"QAT",0.000270588385890618,-0.0243196351886202
"MEA","Middle East",2040,"SYR",0.000270588385890618,-0.0243196351886202
"MEA","Middle East",2040,"YEM",0.000270588385890618,-0.0243196351886202
"MEA","Middle East",2040,"SAU",0.000270588385890618,-0.0243196351886202
"MEA","Middle East",2050,"ISR",0.000502632724462872,-0.0429759201727212
"MEA","Middle East",2050,"ARE",0.000502632724462872,-0.0429759201727212
"MEA","Middle East",2050,"BHR",0.000502632724462872,-0.0429759201727212
"MEA","Middle East",2050,"IRQ",0.000502632724462872,-0.0429759201727212
"MEA","Middle East",2050,"JOR",0.000502632724462872,-0.0429759201727212
"MEA","Middle East",2050,"KWT",0.000502632724462872,-0.0429759201727212
"MEA","Middle East",2050,"LBN",0.000502632724462872,-0.0429759201727212
"MEA","Middle East",2050,"OMN",0.000502632724462872,-0.0429759201727212
"MEA","Middle East",2050,"PSE",0.000502632724462872,-0.0429759201727212
"MEA","Middle East",2050,"QAT",0.000502632724462872,-0.0429759201727212
"MEA","Middle East",2050,"SYR",0.000502632724462872,-0.0429759201727212
"MEA","Middle East",2050,"YEM",0.000502632724462872,-0.0429759201727212
"MEA","Middle East",2050,"SAU",0.000502632724462872,-0.0429759201727212
"NAF","North Africa",2030,"EGY",1.2223944725082e-05,-0.000880011562765986
"NAF","North Africa",2030,"IRN",1.2223944725082e-05,-0.000880011562765986
"NAF","North Africa",2030,"DZA",1.2223944725082e-05,-0.000880011562765986
"NAF","North Africa",2030,"ESH",1.2223944725082e-05,-0.000880011562765986
"NAF","North Africa",2030,"LBY",1.2223944725082e-05,-0.000880011562765986
"NAF","North Africa",2030,"MAR",1.2223944725082e-05,-0.000880011562765986
"NAF","North Africa",2030,"TUN",1.2223944725082e-05,-0.000880011562765986
"NAF","North Africa",2040,"EGY",5.16856944064288e-05,-0.00400915314583039
"NAF","North Africa",2040,"IRN",5.16856944064288e-05,-0.00400915314583039
"NAF","North Africa",2040,"DZA",5.16856944064288e-05,-0.00400915314583039
"NAF","North Africa",2040,"ESH",5.16856944064288e-05,-0.00400915314583039
"NAF","North Africa",2040,"LBY",5.16856944064288e-05,-0.00400915314583039
"NAF","North Africa",2040,"MAR",5.16856944064288e-05,-0.00400915314583039
"NAF","North Africa",2040,"TUN",5.16856944064288e-05,-0.00400915314583039
"NAF","North Africa",2050,"EGY",0.000144721918112078,-0.0106793145805405
"NAF","North Africa",2050,"IRN",0.000144721918112078,-0.0106793145805405
"NAF","North Africa",2050,"DZA",0.000144721918112078,-0.0106793145805405
"NAF","North Africa",2050,"ESH",0.000144721918112078,-0.0106793145805405
"NAF","North Africa",2050,"LBY",0.000144721918112078,-0.0106793145805405
"NAF","North Africa",2050,"MAR",0.000144721918112078,-0.0106793145805405
"NAF","North Africa",2050,"TUN",0.000144721918112078,-0.0106793145805405
"NAM","North America",2030,"CAN",5.59676033884499e-06,0.00485601448297206
"NAM","North America",2030,"USA",5.59676033884499e-06,0.00485601448297206
"NAM","North America",2040,"CAN",6.31665492919498e-05,0.00470352439929581
"NAM","North America",2040,"USA",6.31665492919498e-05,0.00470352439929581
"NAM","North America",2050,"CAN",0.000249986484647955,-0.0304202820414702
"NAM","North America",2050,"USA",0.000249986484647955,-0.0304202820414702
"OCE","Oceania",2030,"AUS",2.25301886884082e-05,-0.00282384968056992
"OCE","Oceania",2030,"BRN",2.25301886884082e-05,-0.00282384968056992
"OCE","Oceania",2030,"JPN",2.25301886884082e-05,-0.00282384968056992
"OCE","Oceania",2030,"KOR",2.25301886884082e-05,-0.00282384968056992
"OCE","Oceania",2030,"NZL",2.25301886884082e-05,-0.00282384968056992
"OCE","Oceania",2030,"SGP",2.25301886884082e-05,-0.00282384968056992
"OCE","Oceania",2030,"TWN",2.25301886884082e-05,-0.00282384968056992
"OCE","Oceania",2040,"AUS",7.3190897010303e-05,-0.00405317890939829
"OCE","Oceania",2040,"BRN",7.3190897010303e-05,-0.00405317890939829
"OCE","Oceania",2040,"JPN",7.3190897010303e-05,-0.00405317890939829
"OCE","Oceania",2040,"KOR",7.3190897010303e-05,-0.00405317890939829
"OCE","Oceania",2040,"NZL",7.3190897010303e-05,-0.00405317890939829
"OCE","Oceania",2040,"SGP",7.3190897010303e-05,-0.00405317890939829
"OCE","Oceania",2040,"TWN",7.3190897010303e-05,-0.00405317890939829
"OCE","Oceania",2050,"AUS",0.000154117831532769,-0.00611082471140835
"OCE","Oceania",2050,"BRN",0.000154117831532769,-0.00611082471140835
"OCE","Oceania",2050,"JPN",0.000154117831532769,-0.00611082471140835
"OCE","Oceania",2050,"KOR",0.000154117831532769,-0.00611082471140835
"OCE","Oceania",2050,"NZL",0.000154117831532769,-0.00611082471140835
"OCE","Oceania",2050,"SGP",0.000154117831532769,-0.00611082471140835
"OCE","Oceania",2050,"TWN",0.000154117831532769,-0.00611082471140835
"RUS","Russian Federation",2030,"RUS",1.38779535581032e-05,-0.000942295981634997
"RUS","Russian Federation",2040,"RUS",3.41797606300019e-05,-0.00155873672319542
"RUS","Russian Federation",2050,"RUS",4.48162830345367e-05,-7.09392836821773e-05
"SAF","Southern Africa",2030,"AGO",1.03841059495075e-05,-1.24556699284429e-20
"SAF","Southern Africa",2030,"BWA",1.03841059495075e-05,-1.24556699284429e-20
"SAF","Southern Africa",2030,"LSO",1.03841059495075e-05,-1.24556699284429e-20
"SAF","Southern Africa",2030,"MOZ",1.03841059495075e-05,-1.24556699284429e-20
"SAF","Southern Africa",2030,"MWI",1.03841059495075e-05,-1.24556699284429e-20
"SAF","Southern Africa",2030,"NAM",1.03841059495075e-05,-1.24556699284429e-20
"SAF","Southern Africa",2030,"SWZ",1.03841059495075e-05,-1.24556699284429e-20
"SAF","Southern Africa",2030,"ZMB",1.03841059495075e-05,-1.24556699284429e-20
"SAF","Southern Africa",2030,"ZWE",1.03841059495075e-05,-1.24556699284429e-20
"SAF","Southern Africa",2030,"ZAF",1.03841059495075e-05,-1.24556699284429e-20
"SAF","Southern Africa",2040,"AGO",0.000138246130744767,-0.00159798776280379
"SAF","Southern Africa",2040,"BWA",0.000138246130744767,-0.00159798776280379
"SAF","Southern Africa",2040,"LSO",0.000138246130744767,-0.00159798776280379
"SAF","Southern Africa",2040,"MOZ",0.000138246130744767,-0.00159798776280379
"SAF","Southern Africa",2040,"MWI",0.000138246130744767,-0.00159798776280379
"SAF","Southern Africa",2040,"NAM",0.000138246130744767,-0.00159798776280379
"SAF","Southern Africa",2040,"SWZ",0.000138246130744767,-0.00159798776280379
"SAF","Southern Africa",2040,"ZMB",0.000138246130744767,-0.00159798776280379
"SAF","Southern Africa",2040,"ZWE",0.000138246130744767,-0.00159798776280379
"SAF","Southern Africa",2040,"ZAF",0.000138246130744767,-0.00159798776280379
"SAF","Southern Africa",2050,"AGO",0.000456890477081457,-0.00664938919226481
"SAF","Southern Africa",2050,"BWA",0.000456890477081457,-0.00664938919226481
"SAF","Southern Africa",2050,"LSO",0.000456890477081457,-0.00664938919226481
"SAF","Southern Africa",2050,"MOZ",0.000456890477081457,-0.00664938919226481
"SAF","Southern Africa",2050,"MWI",0.000456890477081457,-0.00664938919226481
"SAF","Southern Africa",2050,"NAM",0.000456890477081457,-0.00664938919226481
"SAF","Southern Africa",2050,"SWZ",0.000456890477081457,-0.00664938919226481
"SAF","Southern Africa",2050,"ZMB",0.000456890477081457,-0.00664938919226481
"SAF","Southern Africa",2050,"ZWE",0.000456890477081457,-0.00664938919226481
"SAF","Southern Africa",2050,"ZAF",0.000456890477081457,-0.00664938919226481
"SAS","South Asia",2030,"AFG",4.71802857673692e-05,-0.00557955543248176
"SAS","South Asia",2030,"BGD",4.71802857673692e-05,-0.00557955543248176
"SAS","South Asia",2030,"BTN",4.71802857673692e-05,-0.00557955543248176
"SAS","South Asia",2030,"IND",4.71802857673692e-05,-0.00557955543248176
"SAS","South Asia",2030,"NPL",4.71802857673692e-05,-0.00557955543248176
"SAS","South Asia",2030,"PAK",4.71802857673692e-05,-0.00557955543248176
"SAS","South Asia",2030,"LKA",4.71802857673692e-05,-0.00557955543248176
"SAS","South Asia",2040,"AFG",0.000226740422977017,-0.0291434405017786
"SAS","South Asia",2040,"BGD",0.000226740422977017,-0.0291434405017786
"SAS","South Asia",2040,"BTN",0.000226740422977017,-0.0291434405017786
"SAS","South Asia",2040,"IND",0.000226740422977017,-0.0291434405017786
"SAS","South Asia",2040,"NPL",0.000226740422977017,-0.0291434405017786
"SAS","South Asia",2040,"PAK",0.000226740422977017,-0.0291434405017786
"SAS","South Asia",2040,"LKA",0.000226740422977017,-0.0291434405017786
"SAS","South Asia",2050,"AFG",0.00067177481641473,-0.0965746905366011
"SAS","South Asia",2050,"BGD",0.00067177481641473,-0.0965746905366011
"SAS","South Asia",2050,"BTN",0.00067177481641473,-0.0965746905366011
"SAS","South Asia",2050,"IND",0.00067177481641473,-0.0965746905366011
"SAS","South Asia",2050,"NPL",0.00067177481641473,-0.0965746905366011
"SAS","South Asia",2050,"PAK",0.00067177481641473,-0.0965746905366011
"SAS","South Asia",2050,"LKA",0.00067177481641473,-0.0965746905366011
"SSA","Sub-Saharan Africa",2030,"BDI",4.24144189614024e-06,-5.86009498309556e-19
"SSA","Sub-Saharan Africa",2030,"COM",4.24144189614024e-06,-5.86009498309556e-19
"SSA","Sub-Saharan Africa",2030,"DJI",4.24144189614024e-06,-5.86009498309556e-19
"SSA","Sub-Saharan Africa",2030,"ERI",4.24144189614024e-06,-5.86009498309556e-19
"SSA","Sub-Saharan Africa",2030,"ETH",4.24144189614024e-06,-5.86009498309556e-19
"SSA","Sub-Saharan Africa",2030,"MDG",4.24144189614024e-06,-5.86009498309556e-19
"SSA","Sub-Saharan Africa",2030,"MUS",4.24144189614024e-06,-5.86009498309556e-19
"SSA","Sub-Saharan Africa",2030,"RWA",4.24144189614024e-06,-5.86009498309556e-19
"SSA","Sub-Saharan Africa",2030,"SDN",4.24144189614024e-06,-5.86009498309556e-19
"SSA","Sub-Saharan Africa",2030,"SOM",4.24144189614024e-06,-5.86009498309556e-19
"SSA","Sub-Saharan Africa",2030,"UGA",4.24144189614024e-06,-5.86009498309556e-19
"SSA","Sub-Saharan Africa",2030,"KEN",4.24144189614024e-06,-5.86009498309556e-19
"SSA","Sub-Saharan Africa",2030,"NGA",4.24144189614024e-06,-5.86009498309556e-19
"SSA","Sub-Saharan Africa",2030,"TZA",4.24144189614024e-06,-5.86009498309556e-19
"SSA","Sub-Saharan Africa",2030,"BEN",4.24144189614024e-06,-5.86009498309556e-19
"SSA","Sub-Saharan Africa",2030,"BFA",4.24144189614024e-06,-5.86009498309556e-19
"SSA","Sub-Saharan Africa",2030,"CAF",4.24144189614024e-06,-5.86009498309556e-19
"SSA","Sub-Saharan Africa",2030,"CIV",4.24144189614024e-06,-5.86009498309556e-19
"SSA","Sub-Saharan Africa",2030,"CMR",4.24144189614024e-06,-5.86009498309556e-19
"SSA","Sub-Saharan Africa",2030,"COD",4.24144189614024e-06,-5.86009498309556e-19
"SSA","Sub-Saharan Africa",2030,"COG",4.24144189614024e-06,-5.86009498309556e-19
"SSA","Sub-Saharan Africa",2030,"CPV",4.24144189614024e-06,-5.86009498309556e-19
"SSA","Sub-Saharan Africa",2030,"GAB",4.24144189614024e-06,-5.86009498309556e-19
"SSA","Sub-Saharan Africa",2030,"GHA",4.24144189614024e-06,-5.86009498309556e-19
"SSA","Sub-Saharan Africa",2030,"GIN",4.24144189614024e-06,-5.86009498309556e-19
"SSA","Sub-Saharan Africa",2030,"GMB",4.24144189614024e-06,-5.86009498309556e-19
"SSA","Sub-Saharan Africa",2030,"GNB",4.24144189614024e-06,-5.86009498309556e-19
"SSA","Sub-Saharan Africa",2030,"GNQ",4.24144189614024e-06,-5.86009498309556e-19
"SSA","Sub-Saharan Africa",2030,"LBR",4.24144189614024e-06,-5.86009498309556e-19
"SSA","Sub-Saharan Africa",2030,"MLI",4.24144189614024e-06,-5.86009498309556e-19
"SSA","Sub-Saharan Africa",2030,"MRT",4.24144189614024e-06,-5.86009498309556e-19
"SSA","Sub-Saharan Africa",2030,"NER",4.24144189614024e-06,-5.86009498309556e-19
"SSA","Sub-Saharan Africa",2030,"SEN",4.24144189614024e-06,-5.86009498309556e-19
"SSA","Sub-Saharan Africa",2030,"SLE",4.24144189614024e-06,-5.86009498309556e-19
"SSA","Sub-Saharan Africa",2030,"TCD",4.24144189614024e-06,-5.86009498309556e-19
"SSA","Sub-Saharan Africa",2030,"TGO",4.24144189614024e-06,-5.86009498309556e-19
"SSA","Sub-Saharan Africa",2040,"BDI",6.12431110307752e-05,-0.00154743186205598
"SSA","Sub-Saharan Africa",2040,"COM",6.12431110307752e-05,-0.00154743186205598
"SSA","Sub-Saharan Africa",2040,"DJI",6.12431110307752e-05,-0.00154743186205598
"SSA","Sub-Saharan Africa",2040,"ERI",6.12431110307752e-05,-0.00154743186205598
"SSA","Sub-Saharan Africa",2040,"ETH",6.12431110307752e-05,-0.00154743186205598
"SSA","Sub-Saharan Africa",2040,"MDG",6.12431110307752e-05,-0.00154743186205598
"SSA","Sub-Saharan Africa",2040,"MUS",6.12431110307752e-05,-0.00154743186205598
"SSA","Sub-Saharan Africa",2040,"RWA",6.12431110307752e-05,-0.00154743186205598
"SSA","Sub-Saharan Africa",2040,"SDN",6.12431110307752e-05,-0.00154743186205598
"SSA","Sub-Saharan Africa",2040,"SOM",6.12431110307752e-05,-0.00154743186205598
"SSA","Sub-Saharan Africa",2040,"UGA",6.12431110307752e-05,-0.00154743186205598
"SSA","Sub-Saharan Africa",2040,"KEN",6.12431110307752e-05,-0.00154743186205598
"SSA","Sub-Saharan Africa",2040,"NGA",6.12431110307752e-05,-0.00154743186205598
"SSA","Sub-Saharan Africa",2040,"TZA",6.12431110307752e-05,-0.00154743186205598
"SSA","Sub-Saharan Africa",2040,"BEN",6.12431110307752e-05,-0.00154743186205598
"SSA","Sub-Saharan Africa",2040,"BFA",6.12431110307752e-05,-0.00154743186205598
"SSA","Sub-Saharan Africa",2040,"CAF",6.12431110307752e-05,-0.00154743186205598
"SSA","Sub-Saharan Africa",2040,"CIV",6.12431110307752e-05,-0.00154743186205598
"SSA","Sub-Saharan Africa",2040,"CMR",6.12431110307752e-05,-0.00154743186205598
"SSA","Sub-Saharan Africa",2040,"COD",6.12431110307752e-05,-0.00154743186205598
"SSA","Sub-Saharan Africa",2040,"COG",6.12431110307752e-05,-0.00154743186205598
"SSA","Sub-Saharan Africa",2040,"CPV",6.12431110307752e-05,-0.00154743186205598
"SSA","Sub-Saharan Africa",2040,"GAB",6.12431110307752e-05,-0.00154743186205598
"SSA","Sub-Saharan Africa",2040,"GHA",6.12431110307752e-05,-0.00154743186205598
"SSA","Sub-Saharan Africa",2040,"GIN",6.12431110307752e-05,-0.00154743186205598
"SSA","Sub-Saharan Africa",2040,"GMB",6.12431110307752e-05,-0.00154743186205598
"SSA","Sub-Saharan Africa",2040,"GNB",6.12431110307752e-05,-0.00154743186205598
"SSA","Sub-Saharan Africa",2040,"GNQ",6.12431110307752e-05,-0.00154743186205598
"SSA","Sub-Saharan Africa",2040,"LBR",6.12431110307752e-05,-0.00154743186205598
"SSA","Sub-Saharan Africa",2040,"MLI",6.12431110307752e-05,-0.00154743186205598
"SSA","Sub-Saharan Africa",2040,"MRT",6.12431110307752e-05,-0.00154743186205598
"SSA","Sub-Saharan Africa",2040,"NER",6.12431110307752e-05,-0.00154743186205598
"SSA","Sub-Saharan Africa",2040,"SEN",6.12431110307752e-05,-0.00154743186205598
"SSA","Sub-Saharan Africa",2040,"SLE",6.12431110307752e-05,-0.00154743186205598
"SSA","Sub-Saharan Africa",2040,"TCD",6.12431110307752e-05,-0.00154743186205598
"SSA","Sub-Saharan Africa",2040,"TGO",6.12431110307752e-05,-0.00154743186205598
"SSA","Sub-Saharan Africa",2050,"BDI",0.000252242324942895,-0.00802380705958228
"SSA","Sub-Saharan Africa",2050,"COM",0.000252242324942895,-0.00802380705958228
"SSA","Sub-Saharan Africa",2050,"DJI",0.000252242324942895,-0.00802380705958228
"SSA","Sub-Saharan Africa",2050,"ERI",0.000252242324942895,-0.00802380705958228
"SSA","Sub-Saharan Africa",2050,"ETH",0.000252242324942895,-0.00802380705958228
"SSA","Sub-Saharan Africa",2050,"MDG",0.000252242324942895,-0.00802380705958228
"SSA","Sub-Saharan Africa",2050,"MUS",0.000252242324942895,-0.00802380705958228
"SSA","Sub-Saharan Africa",2050,"RWA",0.000252242324942895,-0.00802380705958228
"SSA","Sub-Saharan Africa",2050,"SDN",0.000252242324942895,-0.00802380705958228
"SSA","Sub-Saharan Africa",2050,"SOM",0.000252242324942895,-0.00802380705958228
"SSA","Sub-Saharan Africa",2050,"UGA",0.000252242324942895,-0.00802380705958228
"SSA","Sub-Saharan Africa",2050,"KEN",0.000252242324942895,-0.00802380705958228
"SSA","Sub-Saharan Africa",2050,"NGA",0.000252242324942895,-0.00802380705958228
"SSA","Sub-Saharan Africa",2050,"TZA",0.000252242324942895,-0.00802380705958228
"SSA","Sub-Saharan Africa",2050,"BEN",0.000252242324942895,-0.00802380705958228
"SSA","Sub-Saharan Africa",2050,"BFA",0.000252242324942895,-0.00802380705958228
"SSA","Sub-Saharan Africa",2050,"CAF",0.000252242324942895,-0.00802380705958228
"SSA","Sub-Saharan Africa",2050,"CIV",0.000252242324942895,-0.00802380705958228
"SSA","Sub-Saharan Africa",2050,"CMR",0.000252242324942895,-0.00802380705958228
"SSA","Sub-Saharan Africa",2050,"COD",0.000252242324942895,-0.00802380705958228
"SSA","Sub-Saharan Africa",2050,"COG",0.000252242324942895,-0.00802380705958228
"SSA","Sub-Saharan Africa",2050,"CPV",0.000252242324942895,-0.00802380705958228
"SSA","Sub-Saharan Africa",2050,"GAB",0.000252242324942895,-0.00802380705958228
"SSA","Sub-Saharan Africa",2050,"GHA",0.000252242324942895,-0.00802380705958228
"SSA","Sub-Saharan Africa",2050,"GIN",0.000252242324942895,-0.00802380705958228
"SSA","Sub-Saharan Africa",2050,"GMB",0.000252242324942895,-0.00802380705958228
"SSA","Sub-Saharan Africa",2050,"GNB",0.000252242324942895,-0.00802380705958228
"SSA","Sub-Saharan Africa",2050,"GNQ",0.000252242324942895,-0.00802380705958228
"SSA","Sub-Saharan Africa",2050,"LBR",0.000252242324942895,-0.00802380705958228
"SSA","Sub-Saharan Africa",2050,"MLI",0.000252242324942895,-0.00802380705958228
"SSA","Sub-Saharan Africa",2050,"MRT",0.000252242324942895,-0.00802380705958228
"SSA","Sub-Saharan Africa",2050,"NER",0.000252242324942895,-0.00802380705958228
"SSA","Sub-Saharan Africa",2050,"SEN",0.000252242324942895,-0.00802380705958228
"SSA","Sub-Saharan Africa",2050,"SLE",0.000252242324942895,-0.00802380705958228
"SSA","Sub-Saharan Africa",2050,"TCD",0.000252242324942895,-0.00802380705958228
"SSA","Sub-Saharan Africa",2050,"TGO",0.000252242324942895,-0.00802380705958228
"WAS","Western Asia",2030,"ARM",8.0753576788537e-06,-0.000110462610468036
"WAS","Western Asia",2030,"AZE",8.0753576788537e-06,-0.000110462610468036
"WAS","Western Asia",2030,"BLR",8.0753576788537e-06,-0.000110462610468036
"WAS","Western Asia",2030,"GEO",8.0753576788537e-06,-0.000110462610468036
"WAS","Western Asia",2030,"MDA",8.0753576788537e-06,-0.000110462610468036
"WAS","Western Asia",2030,"TUR",8.0753576788537e-06,-0.000110462610468036
"WAS","Western Asia",2030,"UKR",8.0753576788537e-06,-0.000110462610468036
"WAS","Western Asia",2040,"ARM",2.20672653153014e-05,-0.000196114764984226
"WAS","Western Asia",2040,"AZE",2.20672653153014e-05,-0.000196114764984226
"WAS","Western Asia",2040,"BLR",2.20672653153014e-05,-0.000196114764984226
"WAS","Western Asia",2040,"GEO",2.20672653153014e-05,-0.000196114764984226
"WAS","Western Asia",2040,"MDA",2.20672653153014e-05,-0.000196114764984226
"WAS","Western Asia",2040,"TUR",2.20672653153014e-05,-0.000196114764984226
"WAS","Western Asia",2040,"UKR",2.20672653153014e-05,-0.000196114764984226
"WAS","Western Asia",2050,"ARM",4.00297141867875e-05,0.000247303364096651
"WAS","Western Asia",2050,"AZE",4.00297141867875e-05,0.000247303364096651
"WAS","Western Asia",2050,"BLR",4.00297141867875e-05,0.000247303364096651
"WAS","Western Asia",2050,"GEO",4.00297141867875e-05,0.000247303364096651
"WAS","Western Asia",2050,"MDA",4.00297141867875e-05,0.000247303364096651
"WAS","Western Asia",2050,"TUR",4.00297141867875e-05,0.000247303364096651
"WAS","Western Asia",2050,"UKR",4.00297141867875e-05,0.000247303364096651
"WBK","West Balkan",2030,"ALB",1.81609967541101e-06,7.44127380307472e-21
"WBK","West Balkan",2030,"BIH",1.81609967541101e-06,7.44127380307472e-21
"WBK","West Balkan",2030,"XKX",1.81609967541101e-06,7.44127380307472e-21
"WBK","West Balkan",2030,"MKD",1.81609967541101e-06,7.44127380307472e-21
"WBK","West Balkan",2030,"MNE",1.81609967541101e-06,7.44127380307472e-21
"WBK","West Balkan",2030,"SRB",1.81609967541101e-06,7.44127380307472e-21
"WBK","West Balkan",2040,"ALB",9.46069120629999e-05,-1.51348153447313e-19
"WBK","West Balkan",2040,"BIH",9.46069120629999e-05,-1.51348153447313e-19
"WBK","West Balkan",2040,"XKX",9.46069120629999e-05,-1.51348153447313e-19
"WBK","West Balkan",2040,"MKD",9.46069120629999e-05,-1.51348153447313e-19
"WBK","West Balkan",2040,"MNE",9.46069120629999e-05,-1.51348153447313e-19
"WBK","West Balkan",2040,"SRB",9.46069120629999e-05,-1.51348153447313e-19
"WBK","West Balkan",2050,"ALB",0.00043291063851433,-1.04989796934419e-19
"WBK","West Balkan",2050,"BIH",0.00043291063851433,-1.04989796934419e-19
"WBK","West Balkan",2050,"XKX",0.00043291063851433,-1.04989796934419e-19
"WBK","West Balkan",2050,"MKD",0.00043291063851433,-1.04989796934419e-19
"WBK","West Balkan",2050,"MNE",0.00043291063851433,-1.04989796934419e-19
"WBK","West Balkan",2050,"SRB",0.00043291063851433,-1.04989796934419e-19
