"beta_pm","beta_pm_year","theta_pop","theta_gdp"
-2.72205906732293,0.00144343321678449,1.27385766601614,1.06047515473745
-2.62672802490067,0.00140066644857577,1.41670603554105,1.06658971503399
-1.54481609472129,0.000874351794182995,1.00733466133555,1.34827221024118
-2.1560630808192,0.0011712100512327,1.69122305284691,1.1747039126267
-3.23026024702294,0.00169536395295824,1.92601537123445,0.34838546202515
-1.12814051879873,0.000662308064871052,1.45809062940517,1.13068334735182
-1.90352895361675,0.00103475296452046,1.31053628134378,0.939048992517762
-1.6001393575122,0.000877003368226832,1.66268635822794,1.33056717933109
-2.15662814546464,0.0011637965462214,2.35396207294674,0.959606094095454
-2.46702120134697,0.00131628417132123,1.34798242826795,1.0779488294433
-0.653903598663439,0.000416407443250273,1.96941838435637,0.983960902885957
-0.874866816904402,0.000530526149226045,1.9380520226477,1.35359121023223
-2.42347676775753,0.0013086765050878,1.0932469666324,1.31858511156584
-1.96544668682944,0.00106975407243279,2.02953110013078,0.899399810237044
-2.40622252911082,0.00128640447542053,1.4099861545786,1.12815457813361
-1.52845193533275,0.000862553036508334,2.18773115616626,0.713228383588302
-1.87300616005133,0.00102396602208115,1.28316850997109,1.08290710907739
-3.38742832251042,0.00176184113667232,1.79838628923146,0.731907963358672
-1.79472667719624,0.00098676334537033,1.46580235351185,1.02338360224972
-1.60124153486806,0.000887265052760002,1.87512268420471,1.26368974540164
-2.61003159056249,0.00138247742869621,1.7758606713313,0.934260770283895
-2.27679897047808,0.00122842284559125,1.72450022650415,1.13310691562189
-2.03517366860373,0.0010970930100391,2.71710611410189,0.796291232802727
-2.04429084765114,0.00110395469354483,1.75590010797558,1.12102534965823
-2.92382649197387,0.00154996214966058,0.728642398941995,1.40402775322644
-2.60433832635387,0.00137659716762217,1.29030070464025,1.24894719594583
-1.12151223333707,0.000658714978386191,1.2590894939294,1.51513551799951
-1.43140508558103,0.00081097619768156,1.16676034306139,1.62208684863397
-2.39385398053819,0.00128080135415602,2.18438682765985,1.06650185269968
-1.43823864189691,0.000810458378449846,1.46252302065027,0.990900446202078
-2.42906103415418,0.0013046271164365,0.916245019390715,1.16395433770421
-2.06379976004406,0.00112030799002924,1.16186385576456,1.38689825454718
-2.19675337295577,0.00119565094992509,1.42291156117907,1.09337312636145
-1.96638030690161,0.00108402435494646,1.31317378676007,1.31875599628542
-1.5066317651368,0.000841890764756449,1.57323651352619,0.999296053468936
-2.38606424704032,0.00128378370563561,1.57193662094314,0.854507481933669
-1.77700517849776,0.00098488953585038,1.16706230112088,1.40981332415293
-1.98087104381388,0.00108233032775626,1.77429884941341,1.20326139245623
-2.28468669755981,0.00122673752249723,2.1178803517464,0.840361490494672
-1.53668671051005,0.000852522846809362,1.65943584639089,1.25521736083334
-2.79220373112623,0.00147843463829826,1.46319728914416,1.01426671421843
-1.99878220752132,0.00108542271319642,1.91009634823056,1.01863662398961
-2.62348870127237,0.00138352633111261,1.28757669938658,1.0111654299248
-1.54800664683171,0.000872298286411121,1.67534257681,0.76267480440271
-1.58156822398832,0.000885751432008032,1.92047247063605,0.903553916123181
-2.87304369687825,0.00151882241036711,0.981688791245969,1.32567026210005
-2.79056508234231,0.00148069309703778,1.30013902791634,1.06612316381662
-2.51466883227043,0.00134017661180969,1.57484329069415,0.987736918416962
-1.16242838623753,0.000672586132579079,1.52319899911632,1.22115241933797
-2.0450743283464,0.00111377443733397,0.760189906912285,1.55523014084422
-1.88909293674151,0.00103560492726147,1.34666514697852,1.25288292468662
-2.26885373902394,0.0012172780817807,1.68723578559236,0.860510207122508
-1.98694488702172,0.00108202092065249,1.87413003968675,1.05381931507688
-2.00575399016462,0.0011088528546445,1.44924924992293,1.23739822795028
-1.76842761275376,0.000969053802743473,1.74964149009521,1.11719439803651
-1.38499643344522,0.000792300204931328,1.65056826312268,1.10157170887667
-3.02768386543083,0.00158749350564578,1.64424552412921,0.916296684491175
-2.01763160230351,0.00109496926160848,2.22276921067393,0.613256803140001
-1.75233875274085,0.00096982306964287,1.32293707626577,1.42883202965867
-1.82752937220812,0.0010048322221244,1.55438118092092,1.20628344465642
-1.42795475652258,0.00080724570864258,1.98697655671598,1.16973854642597
-2.45841988177836,0.00131730311956381,0.703106157128165,1.50855092194178
-1.82825874222114,0.0010027340987666,2.07849676749649,1.12973892087834
-2.05965044080325,0.00111247771794465,1.65478068150484,1.28497315433096
-2.67622376828847,0.00141073375959322,2.1607526617248,0.621536560526688
-2.2966824145169,0.001245956559404,0.559609609763328,1.61375060482559
-2.4858493949937,0.00132819257435321,1.73072299677806,0.682647598864229
-1.99020013734626,0.00108038655674679,1.95523534843938,0.887228423401749
-1.86188752663386,0.00101722399998751,1.14628105636087,0.948748446119561
-0.725889581225815,0.000463023902342367,1.5873229840044,1.13689974527436
-2.07551981371076,0.00112525631271949,1.61423356566499,1.25484256185629
-3.13255918594752,0.00163239515119628,1.76417582950689,0.881630014907608
-2.15888934306667,0.00117490184829186,0.969119860642582,1.18040230880725
-2.64322899846716,0.00139983955450052,1.50232484618794,0.922276456753543
-2.26401804278113,0.00121354086253085,1.77589958537437,1.02519957232272
-1.99743687263946,0.00108574444168692,1.2963197980515,0.837684753122929
-2.02091177327746,0.00109980846251772,1.71064794615152,1.21743815034931
-2.64823212908448,0.00139886473582131,0.821600796188727,1.2553183945648
-2.13043529501606,0.00115152261179111,1.47472298362129,1.01261908065311
-2.48721421698286,0.00132686868344782,1.33251703376456,0.982409429856014
-1.42594869766989,0.000792516766210066,1.78648216503974,0.958103027801363
-1.88648231192366,0.00102894306577534,1.41308485848133,1.01609386131254
-2.18846995855734,0.00117895796334208,1.69411211753013,1.06248915376424
-2.63154125630518,0.00140471141300253,1.50555964236887,0.767165661738441
-1.92948544787006,0.0010513848755175,1.42503551711806,1.24588659331607
-2.45815189842644,0.00130926903413049,1.06602497732124,0.827849622087152
-2.06209767838839,0.00112627069866806,0.808710353845147,1.22965215055267
-1.63999830762197,0.000908946988470558,1.70048964946395,1.0623127518926
-2.3533115092556,0.00126490045453639,0.852516825755891,1.42430876225361
-2.4467640241929,0.00131621002721471,1.15677686278082,0.891814864494234
-1.03917299219026,0.000621821228917547,1.63692569824159,1.4722177314441
-2.89551135148385,0.00154029369328389,1.24052064657656,0.934617454579285
-1.74516593204952,0.000964636992126047,0.90435160973164,1.49862799021325
-1.9212599437574,0.00104418231742344,1.41088869053385,1.3052040839476
-1.88961196460273,0.00104378993155702,1.17246174141283,1.1639927162879
-2.18932421040677,0.00117398626824666,1.57736201154464,1.02280443374918
-1.17794022915056,0.000691552330809444,1.14487923884061,1.19814225746213
-1.16608054533302,0.000683786136873283,1.4346611836327,1.27123201569527
-2.09264536464458,0.00112975141682268,2.11739456498454,0.842334564312833
-2.66965633922165,0.00140975402195461,2.02272460709489,0.730284165028524
-2.06767495759249,0.0011118100438069,1.8987004242581,0.935314486356132
-1.67581610041963,0.000932878376273301,1.38099171249238,1.42216610562579
-2.66647733006566,0.00141659284465284,1.97327724875907,0.728735752216379
-2.7682012460178,0.00147254437009978,1.05364354299739,1.23942443041594
-2.40994649728139,0.00128671138062863,1.70345896910311,1.11067671591524
-2.28692812648966,0.00122507152681031,1.39442517633436,0.93352529279786
-2.79563066524712,0.00147946556713929,1.33592086864545,1.07283775578254
-2.67404635141173,0.00141157159786042,1.45950500034178,1.16129815058428
-2.80925269776112,0.00148925971269557,1.4871393085532,0.957792594389143
-1.78480795667678,0.000985852758700191,1.74864800662694,0.965676120659581
-2.60773171617762,0.00138530319978531,1.56127791642645,0.96120781636729
-1.46893132911149,0.000829798713591511,1.02292365729214,1.50354867095543
-1.71561329143861,0.000931414261978753,1.59879632430223,1.34516983244234
-2.54390865539063,0.00135861705252958,1.58907956226379,0.943346477671284
-1.58324432417167,0.000884158870813194,2.17640643403611,0.979320659379507
-1.68773713412858,0.000932312091101964,1.35586961266309,1.21123047094894
-2.10058618894855,0.00113963795158871,1.26606167248863,1.22118442951341
-2.49066970602489,0.00133327435604184,1.26869478488424,1.33022096664896
-1.77018109990347,0.00096708255030306,1.4396119333047,1.37084021831589
-3.29345899659986,0.00172732495921648,1.34121435625083,0.977207167371453
-2.33193611522145,0.00125606263817202,1.30336197888073,1.15741443100537
-3.06054662433897,0.00160676457761803,1.34304909636156,0.891444897277201
-1.78115795131709,0.000975147820394125,2.04918717658066,1.08713202276306
-2.24862091532919,0.00121714497912079,1.36911442968544,1.37611456476165
-1.74252621161541,0.000973527612409785,1.79196340782524,0.900295639958192
-1.13532106583436,0.000651539262160736,2.43024326905394,1.17094852261851
-2.06537838765307,0.00112122110148152,1.34074764734782,1.13162855080833
-2.28739156168559,0.00123043617473696,1.36629314187052,1.05780091917361
-2.34004938254012,0.00125236436041021,1.57992964012022,1.20027512929796
-2.78886272142391,0.00148380116021538,1.46225811649711,1.00786274877551
-1.40256940994065,0.000801453819657057,1.23460049020645,1.29086692618343
-2.03970945859343,0.00110792534195114,1.52016624908688,0.97936693051345
-1.88266553776439,0.00103130101682189,1.14217107927965,1.37489688244231
-2.67304624476856,0.00142647165469264,1.69854265900097,1.09702581395492
-3.19203814744618,0.0016649608395321,0.588256104933925,1.30359610339551
-1.9908934382966,0.00109337619974213,1.17938701398064,1.1814984073634
-2.93848357043245,0.00154721480835532,1.4200449435697,1.12880954270584
-1.33691682142041,0.000759926827277943,1.2868967816592,1.27626789203716
-0.829246003267575,0.000518980726944115,1.62375674225297,1.27504660106726
-2.67075589231127,0.00140794265783371,0.983843860892267,1.20040060855311
-1.98770452500392,0.00109385598164556,1.35748420962752,1.33360709757789
-2.35108605845643,0.0012562886800786,1.10162365620521,1.07691429974528
-2.66006405717574,0.00139815660523644,1.16900843207862,1.04299611762428
-2.56340511412918,0.00136019264715881,1.08650521002226,1.40126920932016
-2.5212934349472,0.00134129248839175,1.3287133711215,1.41978712759615
-2.71318531503968,0.00143104905874065,1.85091960982399,0.589529577975642
-2.98964628055831,0.00156927225224102,1.39957604930035,1.01330859504776
-1.43465772213009,0.00081022500828994,1.78196218961343,1.12283854720452
-1.61768670094915,0.000909328917567648,1.09639735614072,1.05322654651602
-2.4866853439556,0.00131940397101789,1.72331733056707,1.02641759482512
-1.90199531070941,0.00104513805253472,1.6675809893928,1.03021382668883
-2.25599313396182,0.00122684855857838,1.72051776989706,1.05728092565386
-1.78003243726856,0.000982311648821861,1.63822631067061,1.18458253236719
-2.42711424558748,0.00129899558763177,1.97741710242171,1.13637408294611
-1.61753203197565,0.000897312874295898,1.76924180129828,1.23028731638113
-2.16108939429528,0.00116821323374237,1.38970944412852,1.24390108441545
-2.10209490450075,0.00113312259963484,1.15612759641069,0.873825534846462
-2.15097013844189,0.00115658655901074,1.29170493537431,1.11488086300047
-2.24305332153756,0.00121764406704955,1.10741245530635,1.13389407186747
-2.64001011463576,0.00140445974751782,1.79869322255057,0.882512167202083
-1.58824558175435,0.00088704544217553,1.58578663448923,1.02107234338041
-2.63872024016782,0.00140084625660263,1.65380692951397,1.08913653557416
-2.6095601406933,0.00137884764056728,1.39292884554848,1.04393755081526
-1.02979950700623,0.000627988052205906,1.15429186840637,1.18256331828399
-2.54097006325284,0.00135594365511269,1.49532638021043,1.07266198821367
-2.7994859070366,0.00149159248568456,0.958705664911106,1.13845653063075
-1.7352690154623,0.000963671432003643,1.31759003250221,1.32470507097967
-1.98451329571938,0.00107534026182562,1.39747567880126,1.22524422851197
-2.49127306242924,0.00133710772137826,1.52475260015418,0.925225665969008
-1.38450087674758,0.000784919231034301,1.47675986140813,1.360913609962
-2.0560916472707,0.00111417846127174,1.55026309848926,1.14355074293111
-1.48459147521208,0.000830984583186885,0.741505814876372,1.59611413131963
-2.51050703257128,0.00134203768851107,1.14779817562616,1.11609894785585
-1.37624927403662,0.000783208294689532,1.4030718316334,0.83214522140792
-2.37132130981711,0.00126719347854699,0.847832440159224,1.36363173614198
-2.1579103456235,0.00116085975851793,1.2509004875225,1.41347420855818
-2.34914892839512,0.00126243738695273,1.3853701158737,1.08134422423804
-2.06679306676338,0.00112188979106258,1.75103579879091,0.947835442731211
-2.7686509213442,0.00147356985697107,1.92235100606365,0.653172968975246
-2.73119823044591,0.00144200850033876,2.24285619333888,0.470010709842682
-2.5064166111689,0.00133270308190755,2.0659338931633,0.91620741727348
-2.01273937491911,0.00109929329265818,1.45685999004609,0.868503672624171
-2.3651958398663,0.00125989410276947,1.97322461286744,0.668414379787838
-2.62837508017415,0.00139893382904324,1.73761133851264,1.09477126510329
-1.97368363257682,0.00107306337436593,1.58124488150828,1.16647584179519
-1.73683381640467,0.000949073025221994,1.3116737991434,1.15303440804604
-2.0184285083623,0.00110705213313981,0.847242943508913,1.30384218041448
-2.16962314045045,0.0011812823602943,1.33326026461079,1.4023078950344
-1.37951563497781,0.000774972585259072,1.98706957800628,0.80125751604056
-3.17262702155195,0.00167275708744017,1.24883456677006,1.03901365090569
-2.17781163894051,0.00117927045521126,1.4000315179425,1.1399209557734
-1.38309308810281,0.00077835097976797,1.43524808035369,1.44617492963486
-1.2375813345426,0.000705290335188218,1.75775377491376,1.2069415783746
-2.41977389819611,0.00128970045492456,1.84717340237622,0.973909101576374
-2.93295337515283,0.00154552296577738,1.48471256453275,1.08509563241787
-1.40358060236772,0.000806673840026684,1.85351078757962,1.00272911226501
-2.23559933874762,0.00120582508021837,1.63788391136643,0.821794649549096
-1.98419003819442,0.00106787957518231,1.51328026001418,1.23310207108698
-2.65407449421703,0.00141214433829776,1.37899238837381,1.14232217368095
-2.40906905047687,0.00128516645680451,1.80536977550298,1.12252945302156
-1.12785738794584,0.000675745736889586,1.973498010283,1.17984151696831
-1.99243873661211,0.00109152659825466,1.3261910804777,0.979594917862395
-1.85283848505084,0.00101382400458898,1.35560229405453,1.33437687109214
-2.32483170920117,0.00125134816211474,2.02705027745491,0.69686490583502
-1.94277689790742,0.00106702853406922,1.37397996937727,1.60811197628225
-1.87981033533631,0.001020664985372,1.62109020286315,1.09739334241403
-2.79676037943761,0.00148324011694792,1.51362514416378,1.10546830801387
-1.98532206840005,0.00106761021305185,2.04039039577122,0.771316772090525
-1.74857536974452,0.000971870901700266,1.13299127940975,1.07301603867152
-2.07259821098783,0.00112317404086083,1.87609717728728,0.980222091203224
-2.03976919142888,0.0011070104558241,1.69813118434915,1.00257788711311
-2.24519449315774,0.00121182953821763,1.66020064198379,0.976210103260503
-1.62717322746556,0.000906615155104566,1.52354156796313,0.971637800957764
-2.91911055744379,0.00154116508886175,2.39072821354906,0.539404599935552
-2.58770880196386,0.00137257162858644,1.9704093855406,0.878843461048308
-1.24025639466169,0.000717938730269478,1.55522388397146,1.06180148948624
-3.24854581831263,0.00170434380571917,1.93039609666156,0.541670267283303
-2.99803041420104,0.00157605574993077,1.21028833081481,0.89626642265043
-3.06011852975606,0.00160589318950431,1.56925846026273,0.889760376628803
-3.29053556230733,0.00172276257535923,2.07843926805466,0.697630430285742
-2.1788352352877,0.00117147948814558,1.60880433937321,1.08885298222508
-2.368430193339,0.00127595869181292,1.83862041069649,0.814860160663135
-2.61052093315986,0.00140099571476013,1.13369389953339,0.955643558036897
-2.13311465984678,0.00115269448876557,0.870755826690135,1.04558113786335
-2.41656758043286,0.00129053176112674,1.28953563334245,1.06926962164986
-1.75607948525824,0.000968366352516868,1.55809084695257,1.25943391628887
-2.93117212917596,0.00154480737509646,2.32690393864141,0.554299024641558
-1.89660576414731,0.00103061758301927,1.41715720958214,1.30417116502223
-1.66739438572321,0.000929243810367371,1.56398146663183,1.14720314115663
-2.39507306074569,0.00127059799120579,1.69155377002737,0.875440405091938
-1.79706077395103,0.000997500676394786,1.11863977754581,0.997227776013421
-1.43622950787792,0.000798836597628242,1.87088520084955,0.994052381439271
-2.12478417586281,0.00115670792167283,1.74568100726381,1.14653180094064
-3.13694449940951,0.00165287687544517,1.60163947876656,0.939501370990371
-2.41908847598945,0.00129497605202508,1.64202243582427,1.10913277568421
-3.34108731772973,0.00175432420977275,1.41630290972057,1.13823916828103
-2.31274308520062,0.00124221897414595,1.33233146131776,1.12956939353416
-2.14820187263311,0.00116850928804642,1.53352009983764,1.14907957556563
-1.79886075883374,0.000986753914258872,1.89392914502741,0.932069128043588
-1.98566670612173,0.00107264317558538,1.34407636296892,1.25148521554431
-2.69232998209684,0.00142586211421484,1.24365803291331,1.07948517695204
-1.9600416988875,0.00106643791146456,1.47481213933399,1.31251229807087
-1.07075124651592,0.000633281747319556,1.79290453582194,1.08968215585097
-2.77587824886223,0.0014714115110906,1.00728990764921,1.38592673786849
-2.32760223904033,0.0012568848747293,0.487145494958039,1.66620362054032
-1.28462427653086,0.000731875018786497,1.4808642698987,0.74123416888274
-2.14278130036306,0.00115652008401453,1.87840138170905,0.921742651290228
-2.41741628125312,0.00128323055610779,1.73379570129833,1.02177475394969
-1.72237149694971,0.000952286102127144,1.3396462046238,1.63666916733327
-1.83307187908172,0.0010011392246408,1.33846907684217,0.990216093830143
-1.86132746104751,0.00101024726449283,1.48244440325409,1.08283728084235
-2.08413477519804,0.00112518951159843,1.59524607885107,1.15028740134364
-2.10839875316253,0.00113262854025033,1.43888884039385,0.979263951872481
-1.98372555232693,0.00107102556767961,1.34084272623185,0.919418785356507
-1.08063420978072,0.00064155559657019,1.84618318137925,1.13233821283281
-2.66812395586183,0.00141665366395228,2.15395215633514,0.579521035419989
-2.24269201391068,0.00121063227333132,1.35625374824526,0.792181104318417
-1.73930287236112,0.000956772596284842,1.83553701801296,0.8552128451605
-2.20404500136547,0.00118658968528855,1.1602653371665,1.16242790676298
-2.6407067976588,0.00139770602600403,1.65701007031008,1.13420540010564
-1.98745949183293,0.00108011757493944,1.42280898918257,1.32997689318838
-2.0194114294269,0.00108981953432817,1.52480258300534,1.07751910091458
-2.23467087241013,0.0012021022350117,1.37733488471789,1.01954221280746
-1.81172829697439,0.000999570084332391,1.21726699679604,1.0293350447009
-1.29918657318161,0.00075686344675989,1.44924140681297,1.15345981480308
-1.1821728814546,0.000691778187872948,1.73590480344348,1.14550068479488
-2.1090943631364,0.00113529158895202,2.19727458264628,0.68768811920062
-2.1277998407282,0.00113922291434925,1.32066762949342,1.4311385944405
-2.24282278341496,0.00120260320590486,0.984039449364098,1.21271535892459
-1.60931009886508,0.000898473595773326,1.48492323549179,1.42743903820673
-1.44440126899519,0.000819178110863339,1.28482288928796,1.37706356274989
-1.55458146474262,0.000872362973281833,1.52007291805781,1.15453728364714
-1.73710122415212,0.000964691440839077,1.76561804063,1.14075452125523
-2.69976404545354,0.00142674109769771,1.16637750391306,1.23752177937535
-1.87398073025912,0.00103588988606938,1.63367625272746,1.17557792262868
-2.19286653495195,0.00118002460941686,1.43419043334472,1.15195603633538
-2.10437135301644,0.00113517865412264,1.64168529275882,0.857551683891448
-1.7236773913235,0.000950250827266096,1.52244852277838,1.21821894301224
-1.98891880587262,0.00109003231259215,1.31775653166603,1.3103435863582
-2.1148843800523,0.0011478515571001,1.22589745563589,1.29408190081438
-2.81554132784289,0.00148718031633702,0.806351547514561,1.51594595719125
-1.8681139120706,0.00103155175262973,1.02059873608936,1.40662807168111
-1.9766942502136,0.0010743563581548,0.668755162724817,1.28006785973267
-3.11098573749346,0.00164279791930903,0.903994184291794,1.13006349591251
-2.6035013196434,0.00139484455719761,1.22481088429852,1.19895553453641
-2.20985724888552,0.00118622312932035,1.9841413523376,0.659222864634399
-2.25641109147879,0.00121311290749196,2.13000934390875,0.670223079703038
-2.17283582267198,0.00117850102824647,2.12323936263597,0.407309938500159
-3.05485189721605,0.00161227596516399,1.68205790619609,0.760074416000569
-2.22768944022784,0.00120454522730234,1.64220345736881,1.06062779967658
-1.41508506537184,0.000802236900852317,0.877681063195759,1.35297891866502
-1.02501408247213,0.000610978928673443,1.46994613840106,1.40184066764227
-1.76132936953784,0.000982048154175767,1.83257979546847,1.10374769092327
-1.79626430713017,0.00097572104531432,1.93571089933329,0.941937913765387
-1.45371527686591,0.000827649014859737,1.79370661532133,0.882610831627205
-2.11435827143827,0.00114237595646188,1.82248824226684,0.893004649235424
-1.36848846738703,0.000787100722102196,1.64498328771425,1.0764799252461
-2.88711144882484,0.00152541394632557,1.03023271170495,1.37153941023917
-2.16361699662511,0.00116649557211193,1.45272206648535,1.01902156561617
-1.34155285131869,0.000767976025778529,1.59570102876351,1.15100243199019
-2.67885154599658,0.00142303932651427,1.46319770261699,1.09463008197189
-2.62328669605764,0.00138582188770961,2.02184680727344,0.622776580310571
-2.96314996202639,0.00155928792172526,1.66209699734633,0.834010911662448
-2.36004338670807,0.0012614176257182,1.67937382839555,1.16033357453166
-2.03412984068552,0.00110537359410145,0.940904081149783,1.52732244205045
-1.77135042981482,0.000979173462399662,1.85817050925618,1.141384602896
-3.39290643038946,0.00177150558628808,2.29457719968124,0.773032314950453
-2.06064946724497,0.0011216817407077,2.04845477929722,0.960825154593509
-2.10043983040504,0.00114444999058367,1.34997054271484,0.93275150125404
-1.46510115147826,0.000826537727449608,1.26504786785621,0.857007157987407
-1.1523266032132,0.000673525330613022,1.65333172671286,1.17173553553938
-2.07884040100981,0.00113558324286499,1.62281928730856,1.06825200656963
-2.4510337466367,0.00130302087366508,1.83388143427705,1.19787425488664
-2.66775648020265,0.00141124191853332,1.32947936600851,0.915087552003847
-2.43170057770989,0.00129860078445948,1.14016063518271,1.13257231719535
-1.76007587949507,0.000970250536377384,1.80985384693531,0.927772372332604
-2.40552618763064,0.0012948997875465,1.34021902483544,1.26498343502996
-3.21280888899169,0.00169096839350937,1.30349203101357,1.22195663152829
-1.07253949754768,0.000637401188652211,1.91076345665024,1.07608112101734
-1.70705014555902,0.000942432002836714,1.49907107383607,0.945943191196224
-2.26213903700984,0.00121805102677396,1.02377115754562,1.14480942937042
-2.47160959339671,0.00132873010823949,0.596507974163976,1.07437652702653
-1.7298099564673,0.000952947427249228,1.25842885256604,1.81367095352271
-0.588005395278333,0.000386839059490218,2.26009882389582,1.2004129453554
-2.20618256969348,0.00119035598380795,1.46111467992126,1.27843289396821
-1.57377141580412,0.000875057827207056,1.45225046471471,1.06240505224201
-1.75508519626276,0.00096365806250668,2.47460716346277,0.826887389446808
-2.17990664384959,0.00118251483531351,1.22980549477994,1.12064797482065
-1.87354363023682,0.00103602512898228,2.12267211945211,0.826768528365531
-2.83025195850052,0.00150441063175738,1.45436621310312,0.96768487461119
-2.11617937371454,0.00115461255562181,1.84612814755436,0.889956986911243
-2.2591466100576,0.00121279948346277,1.46608102216023,1.37612763737462
-2.52572153694126,0.00134335266541347,1.62318849839681,0.985599900291671
-1.749664453533,0.00096628223703996,1.53462279296686,0.779375126410274
-2.12919733677793,0.00114729749249077,1.82087311190697,0.700457611478096
-3.54368364159758,0.00184801459210414,1.0794763724419,1.23610004678812
-2.30583864685673,0.00122920892543106,1.89899374753315,1.04823916617835
-2.76682354926925,0.00147084087657376,1.25023953772067,1.08141126629088
-1.94871012527575,0.00106575003217697,1.58498359658258,0.934996407355817
-2.34823753181303,0.00126170700706597,1.50837964957442,1.0769231842696
-1.99894019404903,0.00109074477570767,1.30810119942967,1.10811087124703
-1.25330083238435,0.000717225837321685,1.7276723042771,1.02796576769455
-1.8150434246407,0.00100078294313029,1.22972220373715,0.876439405719228
-2.45856020615403,0.00131822742513131,1.75254925623901,0.936956716563024
-2.78859545316739,0.00147983560234603,1.49724294640014,0.869763256714521
-3.08514383225889,0.00161566320830234,1.57432276366459,0.982103768124342
-2.57831988187034,0.00137437655439973,1.27890892045214,0.950167146267598
-2.17907010601751,0.00117169060771271,1.57435705833194,1.10392993472151
-2.85087740933585,0.00149987186019119,1.40881051548257,0.874784326101808
-2.10277681825515,0.00113232143436812,1.4879460555475,0.980428831255078
-1.86417071282634,0.0010192198860469,1.18791512182469,0.925270142813934
-3.46186727242869,0.00180264867801968,1.9696377118103,0.765018277754044
-2.63158913348138,0.00139850135592725,1.63801224750527,0.910915723769632
-1.73072117390499,0.000951079307275164,1.32012235586563,1.19455837504349
-2.05770035104116,0.00111612746233416,1.73184119596234,1.35368128611333
-1.21411129785169,0.000699866009998378,1.83483964318458,1.29289460968447
-1.97427928402333,0.00108213659006138,1.52709049418168,1.22380567069125
-2.73666027951226,0.00145580221956872,1.23910610374365,1.03547822918531
-3.27331364984102,0.0017066552708583,1.28533174985279,1.1970493324243
-1.08418416816707,0.000648422607192147,1.45768630536959,1.08471881101222
-1.41660332748864,0.00079838685243649,1.64620260871955,1.41452902434059
-1.85755419808339,0.00102484977940235,1.61055444141007,1.17358146116222
-1.62749884678291,0.000905862268969373,2.19781326098629,1.03351532812383
-1.48700137778236,0.000836179945644551,1.53416854342944,1.0731424398119
-2.29888376369783,0.00124141057847456,1.01763955688893,1.08093380574782
-2.32893867596417,0.00124715412029504,1.81422535968146,0.854840009243551
-1.45630176155405,0.000831216281744107,2.10880370717467,1.417482215544
-2.13578377820628,0.00114557127440545,1.68897551788244,1.07004844539063
-1.74354426364415,0.000963039582898678,2.27907807519575,0.732482107437004
-2.09185509505269,0.0011305311551407,1.45834751883611,1.20908623548756
-1.5174732053067,0.000861089419507519,1.39434959310451,0.913696297173154
-3.20751153296142,0.00167906948549894,1.1109843915842,1.15275770655453
-1.78318196168705,0.000974962892263826,1.66089700610748,1.18694347750983
-2.47971407720521,0.00133470003891487,1.99952521593884,0.741865027527263
-2.30663639143572,0.00124808297349019,1.28204611212823,1.17546412101414
-2.0775918404428,0.00112481044779608,1.64014539047044,1.23424440152805
-3.02365744963257,0.00159229244862879,1.78353884751007,0.875856797175615
-2.35566998231339,0.00127010593170767,2.14051685428088,0.891179380558132
-2.66422449709348,0.00141865490894263,1.81675423320093,0.803109307334257
-2.55075244518236,0.00134184848708007,1.60243944868887,0.939086611188311
-1.9747869427029,0.00106972458902839,1.51826625204052,0.972669786914899
-1.84509550619182,0.00101063395820815,0.908008473137645,1.36296775313812
-1.88071395683633,0.00102107845813725,0.87560537055385,1.14349292673654
-2.28266224253991,0.00122551038448725,1.89804542964772,1.18713994773025
-1.71830000950863,0.000948603725574373,1.48381630434369,1.12191736991171
-2.49793968249818,0.00134433027993697,1.60837339186196,0.701165819944258
-2.07107851980399,0.00112824091216672,1.90767970755353,0.964443231014497
-2.49114940521354,0.00132275783311482,1.49887656386752,1.0899914722479
-1.99788466125124,0.00108305687685312,1.58734184444732,1.16390597914802
-2.51931845558103,0.00134907455995628,1.59149004304807,0.889863554809035
-2.51811748742065,0.00134606731809716,1.28160276511645,1.29083733609665
-3.28927265224938,0.00171564768235766,1.17109177650924,1.15574344427873
-1.49449849000388,0.00083747953081867,2.25039136781849,0.775231328380336
-1.95184585567318,0.00105648732537224,2.02878776562617,1.04306179230247
-1.98237498548231,0.00107665854506664,1.35080315159463,1.34936080189218
-2.04610599518275,0.00112218072991988,0.734206269085587,1.23627904503792
-2.19622302469147,0.00118448720874635,1.56356553350226,1.30570982281731
-1.43402626499128,0.000812134185940528,2.19506594542003,0.978504595895322
-2.54577158053074,0.00135309048641189,2.08506431201617,0.990240777092064
-2.47741422272578,0.00132750326841919,1.58892708114321,1.13640318062832
-2.58113241771835,0.00137730010958774,1.20355729152264,1.08678884654264
-2.84814318141022,0.00149829920135765,1.60251384522368,0.866088412660816
-2.05725046046434,0.00111074604588653,1.4242091249011,1.21832061272335
-2.31863225972918,0.00124551920528158,1.37700859127223,1.06641181831383
-1.84473339700481,0.00101515500322197,1.83940554447241,0.982681851887519
-2.19104456548998,0.00117198994888793,1.77946322512509,1.23602816273123
-1.98053196348556,0.00107261721318858,0.954317328100721,1.32319963685234
-1.29897692575749,0.0007387878933757,1.09724383537991,1.28649656161788
-2.96191302433181,0.00156783902441262,1.0902672219667,1.18905376993432
-2.19914513724392,0.00118734260625614,1.66861679256804,0.947527666937032
-1.97868677294407,0.00106991559967321,1.25581477629224,0.851833775796555
-1.82143990758522,0.000997017402544651,1.45701870550969,1.07934110215389
-2.42026108329372,0.00129959201183382,1.60082414067574,0.806480497326243
-1.85290688532714,0.00101866350242197,1.88662027137974,1.23023781269427
-2.13448680050566,0.00114679317831173,1.02735255476889,1.18678776950453
-2.92960668115937,0.00153007238170431,1.28745758963761,1.21611053418895
-1.89884936383841,0.00103790729104268,0.976155146329258,1.43544641921927
-2.04749732403855,0.00111429835961699,1.59633330180213,1.03223500423616
-1.61391858052733,0.000897356334954614,1.85727735734535,1.01928337456226
-2.10205421644151,0.001131170277558,1.72892458108545,1.00033346370571
-1.62794210989834,0.000905741072164259,1.37693581495311,0.791162009269108
-1.55906001859131,0.000872039680007462,1.14054845863135,1.4612268567316
-2.00339229862319,0.00108640831179721,1.58665375478075,0.97862700313856
-1.46640844884892,0.000826823770153557,1.7212671477971,0.948300476163698
-2.63812478052653,0.00140596069563607,1.88489368133705,1.04951844770932
-1.68621238007477,0.000923332508158215,1.7235530848702,1.09016506078303
-1.25850303102666,0.000738762889586492,1.16007725361519,1.3062776719119
-1.80248332716557,0.000986045296118136,1.51913491351024,1.10787931660539
-1.47155279804147,0.000841979636100761,0.394932437537828,1.70573150781724
-2.77201265856713,0.00146342531081747,1.80618668274179,1.00700991127705
-1.95298156647312,0.0010544084575613,1.76512855567863,0.830899013799326
-2.74321289069555,0.00146362748503202,2.46369374088661,0.562404377737065
-1.73597517169057,0.000966350816065295,0.974504784067045,1.64701873507148
-2.35700573725719,0.00125684168099327,1.7761818285641,1.01361427256925
-3.19703772701766,0.00168698904912885,1.12249728196252,0.955285761213455
-2.3881851065482,0.00127830656938756,2.11603219385615,1.08262712350795
-2.67574589715606,0.00143934150585428,0.904807010858846,1.34241549857862
-1.51981707681302,0.000853128035370214,1.63076578859659,1.02190406642161
-3.05611864764437,0.00159790031746789,1.11703299850339,1.23336621676162
-1.99901901941916,0.00109189526473961,1.24840178811397,0.944726720125686
-2.55712633854894,0.00135541845570548,1.32892140864287,1.16261197346234
-1.40857576502913,0.000801268646025818,1.78127903887396,1.34052041903882
-2.18178073367558,0.00118139599215158,1.48941452375774,0.948919114578843
-2.00667100169856,0.00108523737252662,1.56943823787968,1.01507059542761
-2.24132300269468,0.00120506853747847,1.83821174576097,1.08143992266552
-2.59719119979168,0.00138868592056031,1.90615001953791,0.833705591523509
-2.65932342357337,0.00141991463713137,1.03003022881696,1.05317341705819
-2.68445419392903,0.00143063654829782,1.48395967250667,0.657303894602024
-2.61991962923671,0.00138433553323667,1.68108527580024,1.22658837685027
-2.69684575031478,0.00142567269622179,1.45028248885267,1.22985866360768
-0.961063915593562,0.000575755163558937,2.10322001241165,0.945811827237442
-1.62122792814228,0.000906199972289238,2.32796691994347,0.814859806009234
-1.6828911634084,0.000929457413978011,1.79534169919026,0.984895698671805
-1.37060513967891,0.000776273543028263,1.67423029304046,1.11343217306278
-2.10126905780098,0.0011406029079707,1.9895718678257,0.674440054821411
-2.81366879504747,0.00147791333517304,1.42655925149364,1.38310299965911
-1.4700154565556,0.000828190821032747,2.07608890671944,0.857936772009533
-1.83538190026314,0.00099519327676604,2.09358744612903,0.834705560987806
-1.76709268290101,0.000973411432477351,1.77181815678825,1.09963050669299
-2.08454973595193,0.00112145577954844,1.33675304153551,1.03053550448641
-2.21581757255085,0.00119957871848857,1.57775026763411,0.864952421261913
-2.01795214395068,0.00108844997821487,1.8059764051231,0.901016661185587
-1.71457261209138,0.00094806082925715,1.06929585380786,1.30518635226532
-2.05893573946183,0.00110987695987864,1.75008574644796,0.954020195576777
-2.28220573493488,0.00122694732862707,1.3145966397195,1.47277723758918
-1.89718862549021,0.00103809764797424,2.03069875604893,0.599518419352323
-1.90218020671776,0.00104738247333937,1.56941795327048,1.15040469311355
-1.27180540757708,0.000739114367378983,1.76410896190856,1.12230475664756
-2.07325175652956,0.00112562595462069,1.85822344970493,1.0093177177518
-2.02954020502406,0.00111349831651721,1.02769500679054,1.25430240331778
-1.55166698649503,0.000874925065467917,1.04306528153118,1.09489081762228
-2.76665247715298,0.0014676683837788,1.34112211257944,0.981095251724735
-2.98464043188904,0.00157410304588883,1.70276486201306,1.07598584742811
-2.36955432088335,0.00126336099045345,2.00756379219632,0.654079914867856
-2.83962856438994,0.00150723908265961,0.4630996483628,1.36217038345246
-2.76639669097462,0.00147322335016803,1.4505620491363,0.95882863137799
-1.16688771697858,0.00067997525671208,2.00517241707714,0.860792916719103
-2.44572974120318,0.00130948523193037,1.17950844846773,1.22337733235213
-2.75010608064624,0.00146598877865378,1.33115318022865,0.957166440805986
-2.36637305367907,0.00126594071602152,2.39072188774456,0.634342428035606
-1.54389525322167,0.000868743441556285,1.60266736404152,1.518694275739
-1.73120509904311,0.000956583333863019,1.30509991781926,1.29105064816357
-1.45800661610648,0.000829851046234963,1.27884021242692,1.32051574197402
-1.63966473093399,0.00090215076835737,1.45790306750675,1.06300739259602
-2.16017358768221,0.00117352775026452,1.03227262139295,1.19950383164203
-1.62686265488858,0.000909934995741397,2.27414182936321,0.958202418564617
-2.05189289633845,0.00112582343605417,1.70041326191323,1.10435965106506
-2.33221497997204,0.00124910410469334,1.47018463573621,1.12483112685268
-0.727499849476548,0.000458183085261935,1.80154216834062,1.03392551244486
-1.87826421451562,0.00101964236478861,1.3481849890795,1.15905969698934
-1.81450837168644,0.00100550808460345,1.74296376687793,1.47592798847502
-2.08008885589983,0.00113959710543623,1.27967050219383,1.06899117046611
-2.03501763463365,0.00111034891941348,1.43853549450939,0.855147386338692
-1.70007330714156,0.000925963206182296,2.60616185480031,0.850191477810115
-2.82059939152253,0.00149208589033881,0.875902493526272,1.27533373379254
-2.5248553578942,0.00134241467601558,1.75533014704332,1.14947720343422
-1.73762805370071,0.000961317779716119,2.02304073347834,1.11215408116406
-1.64623618550868,0.000913398818158667,1.43587034709633,1.29889999973489
-1.54053510271977,0.000868373024858522,1.72502775707933,1.39002220759202
-2.10466873282489,0.00113923867796414,2.14229190752101,0.65274527125503
-2.73463020678441,0.00144365449719929,1.65140659550394,0.742167369606647
-2.55507910199818,0.00136365950168597,1.35184818760635,1.35077584176081
-2.06056517703063,0.00112940033359661,0.76403158762512,1.39218180191992
-1.61626429768186,0.000900370234825373,1.39728764615786,1.17158214340849
-2.24424085763428,0.00119894259315136,2.04395284610346,1.08029206447358
-1.31635253491083,0.000743872468800147,1.65438707049686,1.26629135746779
-2.35469924336187,0.00125432567441925,1.89311040887536,0.888629643786742
-3.20799621774171,0.00167965038434887,1.71697621723687,1.08498091832681
-1.61902129735943,0.00089855370249726,1.06351301812834,1.41494701207925
-1.89337567681099,0.00103244840760068,2.46653341523881,0.784722352822537
-2.28562995256286,0.0012353664252339,2.01753284051777,1.05410954506766
-2.68573470553797,0.00143425570214437,1.45378425347819,1.00024173176542
-1.52892760448594,0.000860051964466617,1.66992671064677,1.15016899976825
-1.61872353821071,0.00089662202354098,1.56504345172859,1.1505142542404
-2.37998809904117,0.00128162647457418,1.09659718262396,1.53301649992867
-2.20658288012604,0.0011816700552072,1.67160862504591,1.00138007458432
-2.33348211180492,0.00125142996344202,1.77801899391152,0.90082045936585
-1.78351972060064,0.000977432735771237,1.59783804532955,1.00289088737441
-2.54034563544396,0.0013532416553321,1.67816538638515,1.15434297840428
-2.35694198499794,0.00126584744819407,1.72652617053873,1.01500910649617
-1.71806822742213,0.000961197168898143,1.52134178358481,1.32232492937724
-2.33224788524711,0.00125650180635165,2.14220769985894,0.93017243654192
-2.57786611588116,0.00137215610965732,1.12670252037205,1.23366986531645
-2.43253964868855,0.00129969830626335,2.10537608257031,0.760808416177931
-1.70633008583905,0.00094790484281143,0.911377980800437,1.27482098795739
-1.77738130799709,0.000985508228388648,0.934790229734643,1.51218973709517
-1.12370355961382,0.000659900888331092,2.00117232026984,1.09304477014543
-2.55917238761814,0.00137135146982148,0.786303777186647,1.32943636441817
-2.04589434873695,0.00111711692441323,1.38269809625723,1.23216631687694
-2.10835954593783,0.00113242216101594,1.60106295045908,0.989434843212799
-1.30772975578181,0.000738387963456105,2.11078815327484,0.807939354843351
-2.1364282284893,0.0011525329554922,1.54334259005936,1.17129756859505
-2.67373917090343,0.00140905694573739,1.66501230209183,0.921917711986644
-2.14075729016699,0.0011581072774335,0.652084080122699,1.38367469847017
-1.38432813230794,0.000788513661326157,2.04052030063995,0.693423384815941
-1.47784048426741,0.00083319854268517,1.77736497105625,1.11368078622335
-1.78320277741034,0.000990239970320311,1.34420022133042,1.19024038961713
-1.96597206360772,0.00107029700506542,1.5298508989501,1.0074822779317
-2.24243219089386,0.00120899574445237,1.63902947893133,1.24712000579731
-1.93677091447203,0.00105674159593308,1.94870588363992,1.09191408263066
-1.77140870492329,0.000964530784921899,1.08356525606189,1.2001125728738
-2.25694222945428,0.00121136592053196,2.18895130612532,0.834112636626172
-1.88643978534609,0.00103290128144317,0.90811941338691,1.21479103026072
-1.97977646434451,0.00106874042625888,1.57045842070622,1.28783638237508
-1.77177895829388,0.000976197129165266,1.28235813583825,1.06808406667965
-1.24712844772965,0.000712500532624777,1.77217284058767,0.996640820875947
-2.67823072135721,0.00141483133367824,2.39771004123968,0.67227072374302
-1.7521328320146,0.000964143529487047,2.14227545225859,0.761714347972519
-1.96956537784499,0.00108788565080921,1.66781554761788,0.694797065862458
-2.27505643718334,0.00122165090208438,0.529909473501904,1.52579312391294
-1.90388988202428,0.00104274994080092,1.81292371330196,0.85140952870245
-2.75564187924409,0.00145856548774048,1.83670766039968,0.866435311829156
-2.1539318298088,0.00117682320522485,1.45696241010384,1.09508771113759
-1.64356837423168,0.000910184005592519,1.26142316558089,1.27714483389231
-1.16094594451025,0.000686587411834869,1.53399315050716,1.35754551171676
-3.148630700946,0.00164748654007662,1.05854896453346,1.05488280538785
-2.01572601743687,0.00109888743089438,2.09494495320422,1.04107662427383
-2.68491069401181,0.00142961857829714,0.78791968310282,1.38969772825946
-2.57200121088116,0.00137899589428924,1.2481914999975,1.30994700926578
-2.16215000537493,0.0011639818526865,1.76240625021946,1.08174145857133
-2.64869544114821,0.00140620882548461,0.955427349717556,1.2843006098839
-1.54773216893092,0.000869204323895397,1.89133570921899,1.16253527512339
-2.54698580777109,0.00134963327310005,1.84432735367989,0.893449890358079
-1.40889292275452,0.000805962779591333,1.69255503002084,1.14309086886174
-2.76966081635586,0.00146362847445315,1.61217247943702,1.03270579242661
-2.60468054679395,0.00139058352053648,1.79539369862972,0.839625482775053
-1.54659831745919,0.000868136062465487,1.37906367005732,1.3576130108185
-1.91241523749385,0.0010465116170775,2.17059881621169,0.791149714174366
-2.37846738153228,0.0012704066434573,1.6634192464364,0.883767261006586
-2.14929877061137,0.0011596685521871,2.01373762675202,0.80026865087786
-1.26888735292062,0.000731006986513818,1.68447816330692,1.22325273610831
-2.87132083236745,0.00151930835993587,1.37536819048374,1.33881066598992
-2.72718564090144,0.00144193479156418,1.44290886006172,0.949622208175272
-2.30905388964478,0.00124256871920023,1.66910686214267,0.889674409211765
-3.03216979280824,0.00159037105897897,1.84191306504917,0.462321922611732
-1.428283627649,0.000808029992315499,2.28128330151522,0.720895044216656
-1.80737588645288,0.000995726740548011,1.27313521322287,1.1838682399351
-2.01261807367307,0.0011018129271926,1.79390699790438,1.24931515846504
-2.71662484652582,0.00143460385279002,1.95403807010355,0.957697268140269
-2.42373532412874,0.00129277815656973,1.97679710247244,0.625762599546741
-2.54438748727216,0.00136414071469436,1.49523637554049,1.23531237487183
-1.80437831107497,0.000991011780404256,1.44489505817514,1.29999640182021
-3.20190964164539,0.00167539911816629,1.99342144000785,0.624930855316867
-1.88088909434728,0.00102665354618549,2.1860514940492,0.700249391917462
-2.83149355996937,0.00149592823662532,1.64709266120977,0.990794152605671
-2.03248580562542,0.00110562246721583,1.03557605088515,1.44904374361056
-2.27007840110338,0.00122367258990206,0.984223981069469,1.15643988063309
-2.65360947360733,0.00140026443860347,1.34699776575273,0.85796303119349
-1.3236225331852,0.000745030698575224,2.15836121577044,0.753163100738625
-2.3380214818521,0.00124847554269013,1.84968686285409,1.13802341338283
-3.93887939960435,0.00203780541562737,1.15125089771772,1.12438034175574
-1.93213412029571,0.00105262396624594,1.30801258974831,1.03996001788397
-2.0650176457072,0.0011309391314975,2.0897575769621,0.935425955755007
-2.66485156536022,0.00142242009573031,1.38843445145499,1.16893088889431
-1.93375633165046,0.00106083962100536,2.23263636882457,0.903736334054525
-2.56401408619781,0.0013594137631994,2.2678240390774,0.791862368477834
-2.31214577870888,0.00124081261626954,1.35619516312829,1.06653377520873
-2.04792416184509,0.0010939360017925,1.88874410380073,1.14184250026755
-2.62816896658157,0.0014054995484725,0.923888942911396,0.871053849091969
-1.19593325707428,0.00069910118313186,1.91595511956734,0.974537228476114
-1.89801382584889,0.00104893817847857,1.87204290633909,1.02932426326909
-1.93191727955435,0.00104672096990236,1.68090547971566,0.897828454520184
-2.33250900185063,0.00124945327993965,1.23361589166361,1.02563895928811
-2.89200086924033,0.00152616465693584,1.63625456480838,1.14822648156448
-2.56346023826869,0.00136885305651997,1.07243277788055,0.84255332234379
-2.3630405824073,0.00126904052694504,2.28450538929536,0.816146500566982
-1.38404842501633,0.000776128890207117,2.00684291884813,1.26615808185526
-2.10079789873639,0.00113173360730916,0.593875437912616,1.77504759910467
-1.65254596397665,0.000906848146185189,2.26171497828743,0.853152236392155
-2.04016077184521,0.00110386051244136,1.53127037147859,1.31113894220823
-1.78051078525255,0.000969413833986198,0.954747574473673,1.30091808447187
-2.27220152766579,0.00120907354646352,2.08249922425648,0.833948342155435
-1.28358317956027,0.000746009725527755,0.940799571974269,1.47434732446663
-2.32393795283405,0.00125048335091145,0.973278738280966,1.2840587692422
-1.95615896429884,0.0010762355264718,1.33923076454119,1.15860729043287
-3.63316562833607,0.0018914604424641,1.33649911041751,1.27037288298406
-2.36942053990281,0.00126948498963128,2.2994717587776,0.811349696596714
-2.04175092516151,0.00109231859726506,1.2850961741825,0.961391819946827
-2.18349973042871,0.00117034670991869,2.03444139240053,1.05345415597633
-1.54247786572357,0.000868738786329566,1.1589714034966,1.15914345384291
-2.84532461602527,0.00150399876159211,1.73196552314025,1.12565304196762
-0.699935274961617,0.000442167886961394,1.89648175936354,1.40849286958432
-1.55166452801866,0.000874633099946642,1.87817359372955,1.17658888507212
-1.51888800208276,0.000842573981658605,1.44130402831941,1.10952940487008
-2.62498102441193,0.00139169029157007,1.89250585309094,0.869923115830322
-1.81795269131778,0.00100532831163698,1.48995672431855,1.1351075070559
-1.9314313025534,0.00105583701262325,1.96252172362992,1.00840150341235
-1.73601761109261,0.000954692579731438,1.13746096747702,1.71664030432163
-2.76299367582797,0.00146135682313712,1.87923783016539,1.03905128865762
-1.04040967092745,0.000624338738002747,1.26433793589919,1.2776567246762
-3.25604604733313,0.00170573249082187,1.47284611683587,0.725205529217934
-3.03725009363153,0.00158859891114614,1.84087207450279,0.836327428257292
-2.36879191541342,0.00128002931179578,0.555684446648353,1.45016821820832
-1.62661986985827,0.000898598671016931,1.78377745083486,0.967089101024618
-2.6645527698109,0.00141439205848733,1.7293751746648,1.18198250111142
-2.98136967493354,0.00156859788852789,1.96224264631903,1.08288303287021
-1.68861101250068,0.000930582096350295,2.24208194461869,0.959416540903872
-1.32985393427485,0.000757087114031413,1.71262791147891,0.994861871613435
-2.25114333057707,0.00122098259703467,1.3113426482493,1.15534035178643
-2.15770483985573,0.00116171820208658,1.72373219499656,1.0472242862932
-2.88713986086767,0.00152311609873584,0.97481241356352,1.13527386884272
-2.29671598846434,0.00123416767016247,1.86487888437982,0.768324592216674
-1.36711202043604,0.000774934382458099,1.13763117801791,1.5307466219894
-1.37069248089305,0.000771735191867486,1.62854304037616,1.02036343511985
-1.90552392901014,0.00103440949745884,2.23494151144641,0.856031319070727
-1.94109814863041,0.0010710939685151,0.628489382503284,1.56859982683969
-3.20729634900798,0.00168244763265614,1.46865158748175,0.829608577726414
-2.70013919396928,0.00143366452254309,1.06952098187267,1.09813242955132
-1.51329099148165,0.000849038821813211,1.6905049822919,1.09963428889401
-1.91222530590269,0.00105272278071662,1.55674143375955,1.07234277980909
-3.71084708730529,0.0019276903597952,1.64934431705923,0.809942322794984
-2.20613673510651,0.00118532472675136,1.46809433521624,0.894748716675072
-1.41066158015167,0.000798243922068947,2.19074868817529,1.00436869061208
-2.39964368432877,0.00128068022709912,2.04553577487801,1.13699870326408
-2.29172063333757,0.00123898528104995,1.43652146737812,1.08159217242403
-3.0420568854762,0.00160318528102515,1.39653306934328,1.00819327766939
-2.11280506585223,0.00115204999896017,1.39013631273085,1.0354627280663
-1.95588977237394,0.00106910580784967,1.66222717298744,1.01428634677834
-1.4927953941905,0.000842877516060807,1.53825775148258,1.27893385459409
-2.90300572722151,0.0015381468417702,1.4953209675122,0.808528495578055
-1.40194993207938,0.000799415830559411,1.58379307589018,1.31491817511262
-1.59771961294999,0.000900152227264671,1.06141227926173,1.356268303414
-1.2621099144285,0.00073463404505167,1.93479607767835,0.984824327692954
-2.83072443668564,0.00150101935503509,1.44572864010811,0.871960965144624
-3.20927331313699,0.00166772305231677,1.31505098222474,0.91385535590893
-2.341711807377,0.00125572982400503,1.649774562836,0.893778225601291
-1.67061236008215,0.000924447539441356,1.84809344935322,1.08606442583372
-1.83059421620923,0.00100227535568743,2.18208672972196,0.975761474920388
-1.73252050076219,0.00096099781318272,1.3657391767004,1.29188291208289
-1.08349658962642,0.000635065155669074,0.919203896790454,1.4497314866277
-2.47580270499987,0.00132540366341002,1.20778217371492,1.30000956261871
-1.82905727408784,0.000996399110607988,1.3732759585515,1.17474101477037
-2.03799573585472,0.00110448866787188,1.43865951447593,0.950577493275725
-2.62693389056248,0.00139116039795762,1.4350404133204,0.87893838098726
-1.79816099019072,0.000980070565719883,1.81273638354244,0.851856414737292
-2.29603444374108,0.00122279985694082,2.1604112216985,1.12104981524881
-2.164231301264,0.0011594945795743,1.43582345694831,1.2109286715892
-2.77139403521543,0.00146436325366151,1.24775648851102,1.216896116294
-2.63854225059562,0.00139998229914396,1.63164923328632,1.00330459915111
-1.84023716826097,0.00100477812459307,1.96233152779228,1.17828240076119
-1.84932744131179,0.00101404766658253,1.32682887006481,1.17415035593891
-1.43523063904354,0.000812085639455392,1.238891761215,1.27058837227324
-2.48049292328496,0.00132419484964332,1.14597814186795,1.28794819086736
-1.92837585125068,0.00104437404285033,1.17756145648035,1.42049878673985
-2.89932801136439,0.00152692840938456,2.09160749779241,0.713796538839832
-2.02274553213827,0.001089192686784,1.11656494231226,1.13317203280603
-2.52769955740911,0.00134945802141338,1.21363972708505,1.12369429519749
-2.87541377140632,0.00153004973729479,0.467099897388632,1.25034263665322
-2.77634255658839,0.00146750479633976,0.921781743273861,0.996921143930206
-2.78496541807014,0.00146632883050403,1.51234457538616,1.23467945084099
-1.8366548684909,0.00100910818724454,2.05443229874971,1.11631792563346
-2.44306516916533,0.00132234580247445,1.69632538595883,0.920940774112686
-2.25908393435974,0.00122152913000773,1.4086971456748,0.810775971533415
-1.70043411400125,0.000930119449189672,1.58486203975087,1.25033750235213
-2.83676306463857,0.0014936105744593,1.35505206655999,1.13035680121166
-1.20415729347772,0.000701241668792538,2.32065625242937,0.543020678455391
-2.42732062692313,0.00128964542144088,1.07368352768381,0.88242177264193
-2.30482588132065,0.00123918332745679,1.61822942290787,1.02144751283184
-1.92768251937918,0.00105550991131216,1.26392339437452,1.23133079170205
-2.73800317889242,0.00143876593664939,1.68896507128708,0.888892407635246
-2.4085506408693,0.00128416636756008,0.782569455301522,1.32202186027304
-2.85795405815843,0.00150468610076538,1.47161160952901,1.0921515698291
-3.61694796077265,0.00188379477908592,0.970068112266693,0.740265802463431
-1.33889195311295,0.000758809425108874,1.67129989668128,1.2891077946134
-1.87356139846322,0.00101296730319985,1.47732071668429,1.33264617459974
-2.39910237524827,0.00128981685288547,1.52435505177381,0.889198748624218
-2.12220425809627,0.00115119449655016,1.6829868578672,1.01402438826967
-1.89001284374417,0.00102517037538274,1.54833479819176,1.25761241777709
-1.64637730969573,0.00091012665810161,1.3423000071009,1.20917875307871
-1.37983522084539,0.000780183266115524,1.5849707789285,1.1108917365561
-2.21788134274231,0.00120071714964835,1.32998157224074,0.893227283952556
-1.2267883378257,0.000690958151286779,1.78867510963815,1.03397499450012
-2.6013738782608,0.00138668071014521,1.10613489230984,1.10208032439873
-1.92694641900741,0.00104527239194335,1.91860194294231,0.862713623035339
-1.52462454108069,0.000864274608305764,1.11171808102346,1.3575554122862
-1.8928163829269,0.00104481492680056,1.40352009697643,1.14270821491401
-1.96397273226343,0.00108305787495225,1.49875819199778,1.27234076557567
-2.65554728130655,0.00141282135451505,1.60664801938106,0.937390348005759
-1.40219369484547,0.000793411057361839,2.23904490794081,1.0549645690309
-1.90268248578348,0.00104434113800089,1.04368160321435,1.36922434205004
-2.41691170103484,0.00129143367610794,1.98745574826985,1.07181605991724
-2.62349746678114,0.0013909460659587,1.56082523730451,1.30281704255253
-2.07958604695136,0.00112706636810784,1.29184314848562,0.960841785725707
-3.06146285211003,0.00161303160526219,1.18379421254314,1.33972875196718
-2.06473063603631,0.00111363150424854,1.46435539636136,0.945489373961511
-2.90194434274544,0.00154269515499484,1.53607549137087,0.903190987186378
-2.46468702117663,0.00132576142897459,0.966694809226042,1.18714014363518
-2.50166807565848,0.00133917638042492,1.3340075071766,1.01581793363661
-2.80770720878602,0.00148495491374071,1.19514401112856,1.08685861075353
-1.73524128357106,0.000961058578941514,1.22108111881381,1.15525074384175
-0.861137871496187,0.000539665323515573,1.78818089376416,1.41071748720865
-2.43079415951533,0.00131356944108401,1.46794328077067,1.0397826248393
-2.64109185354249,0.00139595602867296,1.79774485811062,1.16893269613151
-1.23900066065924,0.000721943560580107,1.27930495329719,1.40856611442205
-2.57935049838894,0.00137745774998172,1.7068348216378,0.922990312093563
-2.05024657697512,0.00111340095691356,2.04741367312462,0.756819068390089
-1.65232438575091,0.000919458447486023,2.25843438925752,0.914307162773592
-2.25437139747424,0.00121853978802017,1.55693283634108,1.20041735560628
-2.2270684302807,0.00120187638944737,1.31196272643155,1.2006750946585
-1.64683879688562,0.000919050556633493,1.39060249564771,1.17302665261358
-1.9428330212184,0.00106067088872111,1.54980157469344,0.93963197605454
-2.01803337328329,0.00110269332510474,1.35155586003856,1.02820019759739
-1.33383646014028,0.000773991831122459,1.17552994102087,1.20831443084988
-1.11197599220334,0.000656086838732403,1.71989202486154,1.47201378595647
-1.72071952433424,0.000941307437051486,1.1661451874632,1.0761661178692
-3.21814762906073,0.00168191635577071,1.05835211919194,1.29487791890642
-1.73208734182164,0.00097094857136322,1.41515492644503,0.821940775086777
-2.4421962649212,0.00130133905308069,1.19658034381326,1.07788640175794
-0.84382864364784,0.000528170704244391,2.26094370887116,0.920612468814376
-1.94192177710467,0.00105675459821572,1.78453959660121,0.865884042752419
-1.81911913102222,0.00100982674065548,0.776822531159315,1.30996819002941
-1.86301015628633,0.00101230897460258,1.67512392864501,0.95133117881097
-2.0600104474432,0.00112096955701009,1.92619694100674,0.887335338908912
-2.52535479863758,0.00135732127377596,1.83765001538571,1.00356222492229
-2.02143884024238,0.00109635624719184,1.57610733940955,1.11822852814105
-1.59897374291368,0.000884492616785893,1.88997387964838,1.08142471536776
-1.63841515128042,0.000909225849978912,1.48594692246116,0.968910231262379
-2.07788519894252,0.00113370872109488,1.51430995445725,1.41152669258443
-3.17924420068784,0.00165916838774397,2.0819810640832,0.755541809136242
-1.89710509986275,0.00103301421703431,0.656710075920565,1.47001079412929
-2.28796488775886,0.00124036302514392,0.724436575743349,1.43092316852212
-2.62920353688191,0.00140268037023057,1.507755796905,0.750530438042653
-1.87063704913004,0.00102917214723938,0.862488522369923,1.39672810891021
-2.72820387836551,0.00143909665503901,1.46715311603001,1.16482431673514
-1.00157585913918,0.000592149033201953,1.19482294608091,1.54062329574233
-2.22235065415358,0.00121230576260248,1.03497762853717,1.32505064728418
-1.61999698406686,0.000908837486175233,1.52048038970711,1.13795469023325
-1.9369494562866,0.00105402814091211,2.03359824966316,0.981638180587006
-1.85361681434806,0.00101172258587253,1.87877660459202,1.08004933237988
-1.62545001586407,0.000916982190900708,1.78113174636017,1.12855655022864
-3.01039455549182,0.0015794222774593,1.40153390382858,1.07375349154898
-2.29160529070865,0.00122470193724902,0.955320159280129,1.15585190207104
-1.21086865961247,0.000696092674191654,1.77688768049502,1.20502159014244
-2.49711615162586,0.00132716276454154,1.72095341246096,1.2216118122604
-2.87415647600104,0.00152423598678247,1.27899136190739,0.857479043399992
-0.897351155301187,0.000556662652111784,1.7841891783751,1.317232014466
-1.95803295894561,0.00106779349681922,2.00540668958859,1.00579555793284
-2.24461608597764,0.00121003075572489,1.61773255231532,1.13393387626441
-1.97334223643875,0.00107866039987762,1.47441983194637,1.1285349690818
-2.32365271049939,0.00124334199508557,1.568245484719,0.938361913719878
-1.74029337954867,0.000964256341921671,1.40959216664743,1.16542347482636
-1.99586316940104,0.00109620872641691,1.35131157957642,1.20740705817256
-1.99150906962013,0.00108943689642687,1.55094554282635,1.31635912162817
-2.94652225812451,0.00154905348105096,1.55766117621125,0.905021493410102
-2.40972695853466,0.00128830460035471,0.8451075969729,1.61974424627768
-1.91676521902399,0.00104899115904394,2.26550175215478,1.18806817803098
-1.67911059365145,0.000933326408444911,1.77686996237882,1.03998080337315
-2.33686615478255,0.00124360764120643,1.15201996850272,1.5010994427367
-3.24053056176813,0.0016962112299677,1.72439551623407,1.0151982317103
-2.37671298868138,0.00126882642880913,1.75909505737519,0.95319477574814
-1.69230037608658,0.000944340217010379,1.39093751318599,1.46316336649551
-2.84743985939555,0.00150741242136328,1.24492901525394,1.20112336147212
-1.28785381051814,0.000731660801223713,2.13595758544306,0.801868946461392
-2.41460475328311,0.00129939634576401,1.28231767881278,1.12481837157982
-2.10000893071368,0.00114023527873185,1.45135786937352,1.27804215939555
-1.75677836911622,0.000972841131473082,1.17486479579037,1.2578942992155
-1.9349430506254,0.00105729410102722,1.27487781242559,1.17979221943947
-2.38726334284303,0.00127657604167689,1.5361551738792,1.03574402939025
-1.85604143461416,0.0010196851788267,1.47459683202856,1.24093679695901
-2.3369352823838,0.00125899901935064,1.37504929194325,0.95151969213842
-2.56919453652801,0.00137300732838608,1.64485274276047,0.820310733392593
-2.63363365496717,0.00139539731834716,1.27904148742732,1.00206473018915
-1.88738941740736,0.00103105791853729,1.32319068688539,0.931796776240941
-1.2316330177823,0.000718874454008616,1.98488025217027,1.25165428203803
-1.41397849218047,0.000797620225720349,1.8146730296638,1.19503333198253
-1.99038795886867,0.00108030017212676,1.64474327476765,0.966236360017327
-2.01653228827813,0.00109406619761591,1.54001320557449,1.09857552712044
-1.51360535729158,0.000861096270466676,1.72746395339119,0.940564743302147
-2.02891635444532,0.00110302014747181,1.50763509227565,1.06549780480626
-2.76889607522546,0.00147050038747786,1.48399349305574,0.934716148985666
-2.88868087968675,0.00151276215787648,1.58011863225338,1.16594015047581
-2.84420688015728,0.00150031801325369,1.12674792698239,1.31271921896415
-2.05118642512649,0.00111324792333437,1.80032542322604,1.04773243864141
-2.19262431227866,0.00118693593068004,1.43185460712461,1.13441889523032
-2.38882632302333,0.00128234247263894,2.16760107546267,0.689778513463858
-1.91211406814836,0.00104814939565213,1.07219506343265,1.17714541125625
-2.36200847957487,0.00126602159346511,1.51527337476743,1.02429820061333
-1.20065428099891,0.000702298831185969,1.11179802715144,1.53533043625213
-2.33727709768546,0.00124859732351869,1.1536702159069,1.27444984029629
-2.36356470052519,0.00126550624710133,1.70307507420555,1.27814736567677
-3.11443384250915,0.00163128200285921,1.71046348832834,0.763206610548408
-1.26778900087509,0.000723445400245133,1.30542720402298,1.22982140413404
-2.10803919944365,0.00113868122898998,1.45163706918111,1.07249634150656
-2.21326170278263,0.00119585152220148,1.20512908994594,0.960771467450797
-2.10166121942222,0.00114053002711235,1.74643707315205,1.18455196934028
-2.04235267092468,0.00110962543096197,2.43118526809012,1.02137119824744
-2.8799656937595,0.00151796052468015,1.58515108523697,0.690595714235168
-2.13335187528768,0.00113815296087738,1.93569801373275,1.11309236265473
-2.64395154005584,0.00139911702142104,1.81680906857554,0.93552240578116
-2.18857582865628,0.00118068761120599,2.25053741094154,1.28938039382121
-1.73218030267157,0.000954465777140613,0.952249969662133,1.07747221143988
-2.48901480631966,0.00132516173631178,1.46359329035782,1.01707136281692
-2.56184551993268,0.00137305261759461,0.82572145628307,1.09082936396665
-2.06220734771506,0.00112845991648047,1.34623749740589,0.940997297558989
-2.30788909151146,0.00123264802483916,1.96437342457674,0.67521095903592
-1.66503449889472,0.00092313213952901,1.21060854979279,1.3459559473538
-3.54334994804371,0.00184915713413762,2.00134903909292,0.819493457881421
-1.83373136728992,0.00100229643336188,1.54757926074255,1.40592454645804
-1.60836028057389,0.000896771726290642,2.4499830125343,1.03688141386091
-2.46150030635965,0.00132574148361019,1.37166853544363,1.17871420250538
-2.22784943545233,0.00119047759990734,1.43688866901089,1.03648614662084
-1.56714833642511,0.000892610302646678,0.840710059708946,1.21763616871074
-2.35567734826986,0.00126240233666197,1.62901843519909,1.06431681081853
-1.80178965218905,0.000982720531872696,1.83852438829852,0.87649071491176
-1.56741982013744,0.000877296646251435,1.68111748556058,1.15668727643751
-2.49536017175567,0.00133700379277077,1.62158866261203,1.01671571647475
-2.58504536673797,0.00137160087330608,1.98208500468481,0.760709259068052
-2.2587207658385,0.001217246234107,1.87053490419204,0.562621541532023
-1.55026127400218,0.000864350337113696,1.98750706690935,0.563753530946971
-2.74448095141407,0.00145732876142497,0.922616718489446,1.07824031488762
-2.95778536521287,0.00157465863319736,1.05163388468241,1.08202216447811
-1.62906947027235,0.000901263269087707,2.14150581052743,1.02217910144607
-0.903408089928364,0.00054464213438518,1.88651892556406,1.12347577436311
-2.78782074094102,0.00147050491142397,2.04783708502293,0.783922845186348
-1.07140961345897,0.000645017018041384,2.21648924393779,0.983586622334306
-2.38381048439571,0.00127920028158082,2.12734965439726,1.00390684156408
-2.11761014450642,0.00112918750169628,2.01101805964187,0.913802647318828
-2.05666619389181,0.00111389097337725,1.81656875760164,1.07377452350836
-2.03299374049468,0.00110078646230169,1.55316403628423,0.962180826834448
-2.33054280788436,0.00126457794000548,1.59496936855414,0.78904226247782
-1.39452158637006,0.000791101777474205,1.63295753221156,1.1397635676841
-2.21472935881057,0.00119813279335053,1.4500139092196,1.14843848726037
-3.15866038285146,0.00165544578656962,1.10798081101564,1.09887034287274
-2.45291077048561,0.00131688707512709,1.39736381448354,1.45059554540673
-2.30449713542459,0.0012339271621539,1.83392871083743,0.806894151621679
-0.766728303127514,0.000493223013634788,1.1001430312761,1.42911624190918
-3.22485128146792,0.00168794124682435,1.29722807320616,1.15872304755521
-1.96110205847334,0.00107745995070747,1.38428234005749,1.08150774513531
-1.80199937426322,0.000984617527708323,2.48341789567815,0.900683694142949
-1.0165127637143,0.000604546495038207,1.38843638597666,1.1477404450966
-2.14092400233726,0.00115260168413913,2.61723225813789,0.924615944845759
-1.40937210228918,0.000791914197370618,1.47090411359865,1.26936846235081
-2.51518556254866,0.00133183016854015,2.06564604784857,0.764879405934673
-2.06162926415167,0.00111780289043441,1.02546569067319,0.963896327786569
-1.42631579211174,0.000807718258087407,1.53875650142655,0.982000052825842
-1.09437459941602,0.000647590747927068,2.04003222355978,0.902457427483308
-0.84723201872929,0.00052273023415526,1.59529693730699,1.51918315149367
-2.29652275915229,0.00125007578540437,1.37231648907027,0.881449630929477
-1.60856796866438,0.000898698510866907,1.47969175392985,1.03137900811438
-1.87365822358849,0.00102089790444827,0.953249761510039,1.32966802473963
-1.98912412292031,0.00108250630227901,1.2487667604565,1.0838776317675
-3.06700376626429,0.0016155237448611,1.15237493954549,1.14076163452572
-1.92807241307634,0.0010507947658844,1.86901575007382,1.06929579863245
-1.96642600583254,0.00108735930449948,1.21170074311951,1.33567742259242
-1.76377607265807,0.000971358695450476,1.58837022252512,1.04599379638771
-1.5945556604634,0.000889523855681206,1.45376204323148,1.26262925933979
-2.02762400766202,0.00108998886208543,1.92440377542781,1.00013423164341
-2.889798368825,0.00153442446303045,0.911967668963228,1.38284071662697
-1.99495259262333,0.00108293347623472,2.12822657055935,1.12000953111086
-2.29162433475816,0.00123483569091387,1.20152414311907,1.07491370607767
-3.0377897050383,0.00159539886213404,1.60043343691337,0.816732318601838
-1.35817682296267,0.000775758147303348,1.33011625448157,1.47784054215955
-2.03217642219777,0.00109356219859352,1.22891900918769,1.32990836327826
-1.62988216782627,0.000910815487488064,1.40155797569696,0.890007930440301
-1.71022511531093,0.000944200327878865,1.83701072351068,0.98507321734503
-2.74897188788054,0.00145660747754124,1.67044826896468,0.944446856215359
-2.14623180853698,0.00116410645337045,1.90521842138061,0.967924043376222
-2.22554006108942,0.00120173888878346,1.01677808631759,1.43183861342132
-2.18090331085532,0.00118135509819043,2.1083223936874,0.831343490794715
-1.76597314366293,0.000969071895504761,1.45661799701581,1.09811884787567
-1.78344543558094,0.000973408530366144,0.893255758205981,1.6232810765399
-2.56868242461718,0.00136145265577502,0.955047361309196,1.14655342653975
-2.10696130009922,0.00114262374469567,2.07169893683305,0.838623119483053
-0.958775502829445,0.000576980967357621,1.96137716842618,0.997987303551842
-1.87228651042701,0.00103303104792599,1.29364961773152,1.15812228105249
-3.43405452171342,0.00179611886630171,1.39915893321245,0.723550643625209
-1.65473945126145,0.000925973001344936,1.9210508359519,1.13118383791861
-2.54437541575097,0.00136094993408639,1.86338667839149,0.901609021323077
-2.4666704633389,0.00131721421244771,1.382882461349,0.829974273542142
-1.4875409954574,0.000828034421031844,1.44103460011761,1.12423831917862
-0.262689160455059,0.000242151409143314,1.91014422184851,1.29304322877532
-3.00906808119519,0.00158196618904308,1.81171845317728,0.844034046097535
-1.7548981147972,0.000959263573863633,1.90131333832853,0.853070829361809
-2.75965802078291,0.00145820774447368,1.46882664831749,1.29072215309469
-1.85258637055959,0.00101325429619599,0.966709639523702,1.16004852783671
-1.31307416911099,0.000746738493612252,1.73942726735905,0.944782865402595
-1.52814146956413,0.000865732752313298,1.44699428927054,1.21897118443511
-3.07263820419039,0.00161505412769458,1.06101452878316,1.41557880369897
-2.15308590246979,0.00116515843584995,1.01953947435491,1.16586018246013
-1.37770015795945,0.000786776310689127,2.12717774313391,0.838058735672166
-3.17360753382967,0.00167856976573345,1.25919499273165,1.16799205063624
-1.75816262310812,0.00096316655411678,1.37860181840309,1.23239557922824
-2.82095812331321,0.00149390709108748,1.5510203212135,0.769327489733649
-2.01936432688624,0.0011013105690942,1.75354108901491,1.03782138122311
-2.02446184848668,0.00110468791262179,1.88305307391336,0.90479839499909
-1.2367299005009,0.000708491160362451,1.93093124023062,0.81299690815664
-2.12980172148838,0.00114626408508336,1.56438380956892,0.926384214266794
-2.06459025406392,0.00111992657070106,1.79811958603196,0.945259779949593
-1.00607131561299,0.000601846872085929,1.17620999465737,1.01278108836913
-2.26438853991465,0.00122397660356042,0.901813658534889,1.2683650570648
-2.20163531864304,0.00118869010375544,1.93814676622753,0.861896239463458
-2.14023648713736,0.00114144477919142,1.40880642122266,1.12192577928139
-1.87340036140734,0.00101956273194818,1.41301631437038,1.07023757091877
-2.72876101199464,0.00144927361829689,1.35431712527469,0.982623586565264
-1.83470145224396,0.00100789329117019,1.2376145085635,1.38949946294376
-2.87842910672936,0.00151734952445502,0.969303847556787,1.00332077719568
-2.67904996828251,0.00141901051882906,1.94464611132694,0.775169770550745
-1.87084751806764,0.00101678828049065,1.29543831139473,1.32984146188696
-3.0369139898787,0.00160972603766426,0.801685300945214,1.29430890658971
-2.45862265056303,0.00132006285182325,1.69908840806575,0.540334617943362
-1.24610525001677,0.00072152092291755,1.73051756976748,1.23962357994442
-2.64122812571548,0.00140138591512006,1.72692706412311,0.790631025916678
-2.25386691739305,0.0011995073771863,1.86748098801872,1.07699785758306
-2.59222713477456,0.00137604984363304,2.40734110338271,0.696564322645217
-2.13318091303677,0.001151596605593,1.7071469515507,1.11399247825114
-1.77748103103351,0.000979303176146791,1.74251064711849,1.17483284817474
-2.7119311860935,0.00143397898392612,2.04557791708504,0.673230157665543
-1.67237319285199,0.000932450816781479,2.14457201841808,0.544335354138931
-2.4321868845103,0.00130376465002906,1.94715326956894,0.950061306908685
-1.44484554253505,0.000800055215492434,1.95417451434477,1.26939558295224
-2.17665660511857,0.00117274897510363,1.82001035323104,0.926481418717738
-2.29527893475482,0.00123481463407426,2.00143792023057,1.21868811155224
-2.24109199661003,0.00120596773760941,1.48784422268117,0.956778923600313
-2.13182222435659,0.00116141957019539,1.62091684712937,1.22147774306672
-1.45090733035748,0.000814668785895024,1.47464157009916,1.24054082676017
-2.89194947677496,0.00152323195740168,2.21087188599791,0.87952500690591
-2.01904298550803,0.00109917644293034,1.18351968041817,1.24465522555276
-1.91331273345474,0.0010412912715428,1.58099985091745,0.938744469756413
-2.83947926850526,0.00149769318586111,1.94143855584914,0.946102624839451
-1.10483149294745,0.000644328059371687,2.37559711532581,0.869351456383475
-2.54273561112232,0.00135870454315598,2.03883273220441,0.492062113432783
-0.52614439658355,0.000369558378229076,1.66589495471985,1.27372862737227
-2.2494677576491,0.00121248597120823,1.66729748797471,0.957999638871037
-1.67631000515531,0.000925863782168453,2.65069285979201,0.79394496539336
-2.90042648708119,0.00153392949005025,0.973008508985561,0.925341652564713
-1.69853304848588,0.000936614493159021,1.24197207571914,1.30067445320891
-2.37373125100501,0.0012606476575331,1.12190090742857,1.41919989062392
-3.29852096720037,0.00172229381278665,2.0469647730608,0.70890577450056
-2.58591661784246,0.00137054743253973,2.03506453561145,0.490790824017828
-2.22026435008662,0.00119625514925913,1.30053543068605,1.32077056572245
-1.69334923332507,0.000938492988692533,2.19604605478055,1.08448847637597
-3.10343295663243,0.00162730567290901,0.97782903411079,1.4080441927475
-2.77609056644639,0.00146936673064216,2.12712982518808,1.02627249947549
-1.86691431170762,0.00101005196797378,1.32025089966199,1.31181385967191
-2.26812516152662,0.00123194233215541,1.74035414052091,0.938126014296734
-2.27221526048715,0.00120670268470641,2.49612783657356,0.561436159500025
-2.1756555986847,0.0011728417028007,1.18174041238164,1.42338211085729
-2.57404647213567,0.00137304692128813,1.47695023087585,0.908396985138164
-2.61558796672924,0.00139016115363911,2.29075321264052,0.620726018177043
-1.77373523194417,0.000981522929689609,1.9512588862423,1.20762200240725
-1.19486911414641,0.000699827442412489,0.868646675161881,1.2493777109705
-2.00388445952188,0.00108957216886725,2.68661292525528,1.10271977541782
-2.5745835717853,0.00137469376273717,2.50000216307576,0.702539764377043
-2.98540952975273,0.00157604777131351,1.134542537467,1.04843455671965
-1.15898108240862,0.000680898583430737,1.36952940088675,1.32562901490906
-2.64734383963267,0.00140343090520782,1.33998090665227,1.05138449055314
-2.03611790615108,0.00111108214496656,1.04949697472711,1.50300858548913
-1.13107140705884,0.000665176922989747,1.5760549516261,1.46248596483957
-2.65650478902051,0.0014045352696437,1.84665196228305,0.854122865106584
-0.976202836551978,0.000586327721903962,1.85990630942176,1.04489188942278
-2.27202562890258,0.00123912186833462,1.26460045138887,1.38960633978488
-2.14593186490462,0.0011447232008782,1.25529243980231,1.09505927987464
-1.78366872992206,0.000988673645593133,0.87269517586631,1.56884797379693
-2.49371014526804,0.00133442261059743,1.39886260108939,1.11477760333143
-2.55041075651026,0.001361803946799,1.2531244220799,0.933720219476219
-2.0948251773147,0.00114140456298165,1.49882942260808,1.3483969930164
-1.72193826204276,0.000950714206248483,1.74673199254125,0.816407674391042
-2.54608236367421,0.00134539708509564,1.80718588537789,0.886101581099894
-2.09418033789872,0.00113578239992445,1.78593848731089,1.23258480231811
-2.47108288878079,0.00131947298265177,2.00362261951055,0.793742104724883
