"beta_pm","beta_year","theta_pop","theta_gdp","beta_pm_year"
0.159728720614774,0.0133413234797011,1.38627192649808,1.13808240213313,0.0011114021507267
0.160686952267022,0.0126061087659674,1.54818431847092,1.1271220419418,0.000958257061369866
0.135355883452009,0.0180001661018037,2.06846155622,0.651451619726304,0.00123673718815785
0.138378348068152,0.00349511204384815,1.4822840666446,1.24578471780735,0.00143166100498944
0.140571980711884,0.0028125508093326,0.75136047516796,1.84005141622529,0.000856121436365925
0.147001475491546,0.0229281994071927,2.74587013413179,0.584878801312926,0.000903315149891536
0.145642051605065,0.0187875690729704,1.89497517983523,0.940105146045135,0.00121140951762285
0.161374897041731,0.0142653940631022,2.23154074110131,0.866069181338513,0.00164666719206666
0.149005616393174,-0.000395730786054226,1.67578045708558,1.48838538840265,0.00133085669615987
0.165631898541801,0.0167327642863828,1.74895986980208,1.00443065283786,0.000994587036255059
0.14726493603689,0.0216330656929624,3.10974239630474,0.665738498163398,0.00109962863428239
0.153093242617175,0.0153769454000459,2.90255134861079,0.677171411060939,0.00133283612134218
0.127980544072809,0.00446677071837918,1.02179400923483,1.16539001148316,0.00159782104814009
0.140682840993774,0.00531473945679577,1.74122602864695,1.32730586851689,0.00129938577783699
0.157121193331316,0.012380596295738,1.58887875838909,1.0902455920977,0.00124217278691258
0.138976697293061,0.0110986290705513,2.34178991507924,1.16274787390721,0.000720971323553184
0.13781772597876,0.0144424055297585,1.73542104306157,0.970356154045686,0.00141169574680939
0.170064860782175,0.00598832768480153,0.932500695805956,1.63555501172848,0.00109666659613415
0.143172963530463,0.0154277981709086,1.97157289621123,0.956748616457466,0.00118677417047567
0.143275820130034,0.00609695529330135,1.9649897294361,1.08751798886058,0.00167682006915224
0.182293253734617,0.016294114950702,1.96170126061038,1.12653026005818,0.000725024099740092
0.137156296566271,0.00169585140456135,1.31776954423675,1.34149664934033,0.00152633123058813
0.168200240958663,0.00435839639795911,2.19901277733519,1.44608710665872,0.000973785354717847
0.138884562907945,0.003911401583376,1.4677411999864,1.28684461691123,0.00174882482269797
0.152807280109554,0.0118939275226533,0.987369088353579,1.01508303437319,0.00140547061809754
0.180507790227243,0.0178276889877946,1.76691157220904,0.941187150404631,0.00116780214316939
0.143856613587678,0.0181152706665065,2.50025926358247,0.532817113237581,0.0014387636034345
0.129034291094645,0.0087244683904031,1.79160214249345,0.786256892372962,0.0019937998810957
0.151329804296333,-0.00138003664454647,1.44581655447279,1.49913394673575,0.00144730278391419
0.134275401590791,0.0168743994718981,2.14409153616053,0.879827696387227,0.00125611508158586
0.136946075968142,0.0129330605192196,1.2205167990128,1.03093079305525,0.001391028082348
0.153854704084626,0.0147278665055992,1.79271909623197,0.839438708219313,0.00140282286472824
0.132919268141545,0.00736927657382611,1.43675894089045,1.1659435718158,0.00124665792759947
0.125147394844647,0.00503158059235232,1.41840228368727,1.07986936127403,0.00155441078713333
0.134708429854458,0.0140642600165774,2.04018859428586,0.972345340753143,0.00138109251081128
0.134868869577768,0.00739470778485504,1.32488702257253,1.32703664182168,0.00115876307002319
0.150293482925252,0.0166697589743905,2.07410302029419,0.710445064610778,0.00122488134705619
0.147201026615489,0.00659714058714884,1.8085613970087,1.1311018408786,0.00132739304341539
0.156015479640275,0.00681440625164491,1.77964796154503,1.36586901990041,0.00100932775712121
0.162000565306297,0.017185143180545,2.43984482812619,0.787916034085546,0.00128218634049059
0.177101812341164,0.0165692499846343,1.72346711101615,1.08361918919094,0.000715371297129651
0.152000311630355,0.00880335182177243,1.90423614478535,1.18284021301117,0.00121273488867213
0.166862155900878,0.0168558313923222,1.52212936126756,1.09124880719508,0.0012507160837624
0.13905558036635,0.0185832538933201,2.3407887694952,0.93238961300419,0.000668271587756717
0.13546416309701,0.00996436567616387,2.09333517532261,1.11977294336093,0.00110390626491258
0.153193511523103,0.00933982602664677,0.985785572791315,1.13850189883725,0.00154692419493532
0.165982311239009,0.014561095498482,1.50002432631415,1.10062171583186,0.000886701351148542
0.143357999078798,0.00597363999479104,1.22549517639106,1.34800249096584,0.00142276599167863
0.133907257138305,0.0145072336418158,2.27355715023611,0.801142854655728,0.00156367596095101
0.142743174253009,0.0147478669162202,1.54274162590611,0.742349978918959,0.00167897540951231
0.140309304755685,0.011273473335663,1.73519724672744,0.966610533570726,0.00147074888371756
0.127366111287322,0.00328531056956776,1.14564210813755,1.45059035031355,0.00162398665205655
0.145438184661153,0.00669834384462518,1.78481976322688,1.21256031497027,0.00130911123096727
0.147357431483703,0.0122967865118491,1.98594017265168,0.908860641385105,0.000812880421772399
0.146132524921351,0.00996269577351926,1.93308854414344,1.07768702268916,0.00146370251726682
0.126003811702112,0.00992718354271519,2.04842869629655,0.981831980787977,0.00133465051100036
0.164699032204895,0.00758278529799271,1.1399260513651,1.43760346557338,0.00121338825718539
0.139403565348311,0.00622567964544698,1.7794480711682,1.44920207326033,0.00103106381269737
0.146194418189093,0.0122757520415357,1.94538278557231,0.829503796451629,0.00146874204545855
0.151109193798456,0.013250110688534,2.04545843381129,0.929345984567964,0.00121464962183383
0.156358233936028,0.0131093633280008,2.55121322166151,0.896332528866164,0.00105393989637857
0.138734233193068,0.0103559200656573,1.05160891287413,0.947444059932932,0.00182271262701034
0.156493758417281,0.00763812271260697,2.13115537204243,1.13321555258855,0.00120000941165465
0.15747969090986,0.00926000796461766,1.81403143703272,1.06210755984724,0.00149940614327368
0.169011381389879,0.00965652244841987,1.65872145663444,1.48449729049486,0.000868530729920228
0.134376460991369,0.0117470954093012,1.18945349427981,0.803503643970161,0.0016893464841741
0.149987905744674,0.0118739661254408,1.57596387777553,1.32042877353297,0.000828470662733509
0.140093994209353,0.00616209801820129,1.69336729140389,1.31851450940967,0.00134049702316186
0.144348211620812,0.021598963795468,1.95657222098362,0.839948348449176,0.00110016658486029
0.113538267363263,0.0130013595573436,2.37070205076234,0.795089322841659,0.00159927249873195
0.154609557759985,0.00965231631232873,1.81695832267212,1.04978436136167,0.00134928032887627
0.159758602612406,0.00268424110736209,0.836632749950124,1.62904428168798,0.00156867888641097
0.141514442935121,0.0167674227435374,1.6358912652401,0.86562549758597,0.00112587616796105
0.169828903149376,0.0162574685179021,1.6848600542795,1.13135279231422,0.000898469812531196
0.164946288568731,0.0124001848227137,1.89862619916808,1.13057287687904,0.0010712270707562
0.148592286934901,0.0212501684022506,1.98033201896448,0.918213499585552,0.000876866607379053
0.140084029594516,0.00417975395613807,1.57313521303452,1.20365278686767,0.00157821924676417
0.159924882652195,0.0176176192519063,1.29563897795348,0.942680576071586,0.00151612539266632
0.147509448093849,0.013156925212416,1.72032799022792,1.07793973763735,0.00120188338180541
0.159371815879549,0.0162849741122962,1.6431369308889,1.06215579416834,0.000989350626075724
0.144850577631659,0.0151131057641966,2.22923558575784,0.987778686597274,0.00145660268775217
0.142593435937455,0.0149459292633482,1.83112286279711,0.997689916064359,0.00130937542702549
0.169344961586174,0.0157569144186868,2.09977129955036,0.999630735755137,0.000890453712434638
0.157524671560563,0.0155351451487667,1.63630336238615,1.18400353829057,0.000601770449459154
0.134159690656441,0.00706868324660667,1.49573044326479,1.1062036047037,0.00176928426834058
0.144219674732035,0.0181466754411662,1.38268221319715,1.08816405256093,0.00116580508734337
0.127529003547949,0.0144978948176918,1.39276871262672,0.890624231721441,0.00146653343822085
0.169972359372934,0.0221825222268121,2.68191088502435,0.739382341084936,0.000704875945289996
0.146741650986104,0.0134684927409171,1.3642796393106,0.890156796502821,0.00155884851787331
0.150666546655611,0.0189084054352593,1.66989559768105,0.991758444450598,0.000693926711067748
0.134228380021314,0.010304373920649,2.4066179539505,0.744049459624243,0.00153223674579202
0.15005902225264,0.0115920273226514,1.20543415632649,1.23036621525853,0.000815539956441877
0.14650357409178,0.0180692827428224,1.93598578083756,0.638888317857665,0.0015113724510696
0.152124048611691,0.012600866063042,1.84248753501676,0.937760260641843,0.00155063912677131
0.14183428082063,0.0169872089239096,1.93369288262318,0.822560208375934,0.00100939968201154
0.161043391447593,0.0149893545547938,1.86687378389219,1.05717993905169,0.00118081815357079
0.106862627134239,0.0121305181734633,1.83485708544727,0.833774799861029,0.00166319891155642
0.123865872491692,0.0121095516341878,2.14892060033483,0.808596520827792,0.00151051806560418
0.14974803559743,0.0065221302628676,1.80229848971265,1.35163678825577,0.00117394230287411
0.160756590154479,0.00722129646751849,1.4643096441149,1.48882547004057,0.00108266016133502
0.167147964245272,0.0146538727019496,2.11955493334196,1.10052648659965,0.00104500701953636
0.156720110164741,0.0161906422476537,2.27274097772431,0.712338762982401,0.00119096991006064
0.149714290393718,0.00475261328522255,1.33333188932786,1.52545491038999,0.00102526422269056
0.160042271589281,0.0138286912354776,1.3591158250936,1.02235055305861,0.00108314298901014
0.150558000823503,0.00523876335880335,1.40067859061852,1.3022733989618,0.00148569042206997
0.146065665216032,0.0133565767044257,1.52452184566636,1.1456624162416,0.001281075648177
0.163394100113971,0.0125490868023679,1.3798872431556,1.16673696313542,0.00109012472876244
0.166605079745309,0.0107957296505798,1.41740991920367,1.18416492330198,0.00139985376192886
0.151795677283087,0.00799273169160493,1.18858996668716,1.33758264134901,0.00113023853604219
0.128983105438894,0.00701294595192864,1.71839983588177,1.20032213005723,0.00135175464217142
0.155821206309931,0.0100980738910973,1.41793025213783,1.26516947759774,0.0011615773442353
0.137787996697345,0.0160868103756989,2.02732894727722,0.644636244339884,0.00161174734549607
0.166759265079938,0.0155092190735326,2.19963994666898,0.851385634521448,0.00165155295752668
0.145742235742737,0.00739625001328738,1.32466071707624,1.32042310054245,0.00118583566213434
0.149432435868465,0.00916328287222816,2.31907377564388,1.11800547641333,0.00103528849384307
0.132899749715004,0.0111764277358302,1.73952230609756,0.972399752010812,0.00166194011824177
0.142589983906135,0.0115976179938923,1.58909471855813,1.00505710598815,0.00142983518843001
0.160738716020177,0.0117988075481322,1.56473824013536,1.00360809688426,0.00123868666598293
0.148222855276155,0.0110203483125809,1.8386775749295,0.936400059810358,0.00177514179253335
0.159395389149593,0.00725744588892275,0.857640386802872,1.42343540967634,0.001116796114667
0.148729695560274,0.0119156805043105,1.55195708008458,1.05390371232943,0.00120519060358457
0.164600741439287,0.0129089463655333,1.1813038192232,1.29483976709348,0.00101837656961556
0.162402641822015,0.0112577499752964,2.27926125158808,1.06286736842835,0.00114242731302952
0.149813622636748,0.00831885760766403,1.57645060057787,1.02920434511165,0.00138381171539149
0.116571810522422,0.00411992997990982,1.62249276401247,1.27319446254132,0.0012473478176422
0.146676941865677,0.00459853070925232,2.44254429783554,1.12858269824064,0.00167849383045143
0.1408520767447,0.011677512365599,1.61037270840546,1.0442594584561,0.00139456324932381
0.141274327826043,0.0102005959243831,1.42376051269482,1.15439867629333,0.00136740187117699
0.162927716987237,0.0109710160194682,1.72052126120377,1.09166345525799,0.00127592327210632
0.177169940755721,0.0173122588551586,1.82553900049903,1.04076467517916,0.000464086072999464
0.137525177494077,0.0174476452798858,2.23752912614366,0.684281471292061,0.00121930461630687
0.14391085649576,0.0128224370762644,1.75970472981383,1.08521296372164,0.00118352608377561
0.150408388638695,0.0161178060702646,1.91170623044071,0.778151647125764,0.00139628413868626
0.170881495514955,0.0107398334489266,1.73488160939566,1.16347999320761,0.000748454481562685
0.168890592987413,0.0175265822165149,0.909007663040703,1.01039538490265,0.00155368232617317
0.143085634314418,0.0158204688213048,1.84426975167155,0.862951204973183,0.00104743663935689
0.173094144831166,0.0118005708236429,1.3835721791377,1.19337361396814,0.00110078651180607
0.135528067404968,0.0161498190888985,2.14010012442138,0.749802984279109,0.00155114773587374
0.124404453294365,0.0130186604275256,2.50689155826158,0.728116529007086,0.00140595165993035
0.170178667320039,0.0192229635390558,1.49343791678019,0.937541992431571,0.00133026277161451
0.141230158076882,0.00957062325191017,1.74257693337894,0.95573952791206,0.00125695503292623
0.149059352208826,0.0159519833065042,1.47278264861259,1.01549070037649,0.00136759650789783
0.161087347500686,0.0154730751791661,1.30109865891298,1.13025462028067,0.00152025354307662
0.166945362883521,0.0142749114954448,1.49067824248299,0.943901658857285,0.00147944378888133
0.165260284427883,0.00989395372420789,1.49199221536842,1.04412885600357,0.00152060694152624
0.157300122553798,0.0109112438569766,1.42272743991078,1.45981880035161,0.00095429809965311
0.17010253400436,0.0123415744662322,1.27997273533011,1.25189512613247,0.00113486328074802
0.132979038667508,0.008795525022139,2.04746075183002,1.03535171069091,0.00147703418133907
0.118529773537442,0.0148927172600668,1.73840168681208,0.890258659197264,0.00129851481012876
0.177120851848905,0.0148358598240677,1.8983949870929,1.11138699320403,0.000989640287997709
0.133908034782545,0.00775599683188252,1.70457327830697,1.16140322273051,0.00129059188941994
0.147307046675123,0.00776046576630887,1.72458376084779,1.1778658311835,0.000897860024224795
0.136108360594542,0.00740066680012919,1.76891986327499,1.08909615699025,0.00149363810271435
0.160612942055785,0.00394009185151269,1.62849266030332,1.31780050170232,0.00123337703311814
0.151749495815426,0.0115354935351191,2.19323118482806,0.949327613178891,0.00135668036786071
0.142798644369877,0.00839739245059386,1.49381096975974,1.09669602396245,0.0015437988781189
0.148797711051709,0.0214836104536437,1.81417012265104,0.92438163882512,0.00106228367181407
0.154408978649692,0.0162258632875917,1.75199902957165,0.965505699656591,0.00131975257876336
0.13717779167621,0.0128628269551389,1.47976659663169,1.00379025080417,0.00117473750148412
0.160237464199152,0.00905692922630074,1.54924386729199,1.32669031645587,0.000913691455201854
0.137679652219938,0.0139859807904883,2.07794773298921,0.959312475522959,0.00120182770603105
0.155765150403329,0.00584875852831673,1.31709012279793,1.32553763562744,0.00135109791688057
0.151573767636577,0.00925966343436089,1.19292756545594,1.27368662880469,0.00157767426420187
0.11237860926277,0.0166971672997163,2.24622504422137,0.660334742589127,0.00115525980601783
0.14729039370132,0.00709539487791324,1.28930593389231,1.27063575983465,0.00133999770690853
0.14899608244155,0.0131767321845453,1.18203008923133,1.07817696175962,0.00105931540190537
0.125485717976879,0.00711379561739447,1.57425441235985,1.00797527007954,0.00170812235109756
0.144264503758436,0.0107077528206844,1.63932480616225,1.03645595246336,0.00163666935130864
0.150238275413129,0.0113889680383861,1.55460049658996,1.19558851936633,0.000880314925722248
0.150279446357214,0.0163601656152828,2.39019420691129,0.708449838533299,0.0013395929723485
0.152850593158321,0.0122297765612016,1.83752232724485,1.03360421168255,0.00127392299991461
0.132228899793631,0.0163898191682098,1.77330782706955,0.61529638254654,0.00201967211790187
0.147469819696611,0.0126172097804992,1.34536438208449,1.08718041770828,0.00126599954044992
0.135195965929267,0.0220830707402047,2.35707143515025,0.790679821823035,0.000883234644159367
0.159804235746367,0.0186919107477219,1.58577436301353,0.802961103401843,0.00141971318896
0.165495801477612,0.0154526181388661,1.86257663284137,0.843749078094594,0.00142747520906985
0.159363603703412,0.0154446036420657,1.77966213058902,1.00491146458572,0.00096620764226723
0.151083683369488,0.011882833406845,1.90084564048625,1.13036355221329,0.00102323403729869
0.162283226403029,0.0109098853418308,1.64473095039756,1.38496043641298,0.000439709811281289
0.153073196865782,0.00496021592463721,1.36452470387357,1.67788222060223,0.000915913645779342
0.167090190412107,0.0075253979228463,1.72552576473843,1.35635136906212,0.00103014646921306
0.134614887230627,0.0132061379171462,1.69861710597463,1.10523509802659,0.00106266845936384
0.158818837385101,0.0119794974386041,1.77084624599045,1.34025593510713,0.000936599153957644
0.173727764342629,0.0112431920182581,1.76980362028348,1.16422811246273,0.000867258269097188
0.15557292452516,0.0131850506023814,1.96365836802967,0.986317358632063,0.00124334412240739
0.142479654432611,0.0153266712309026,1.84023316873565,0.920588631546289,0.00163262370361789
0.13289755958226,0.0151243807565145,1.55056823459419,0.824208436913979,0.00136142245480829
0.139570463322743,0.00585634340794685,1.45536167892258,1.06021777747114,0.00150829019858646
0.139445934628279,0.0136134104286375,2.2879335298001,1.07839532132095,0.00122093203701883
0.155860329035,0.00815612912317105,0.944549709292158,1.33232836608319,0.00104818413743754
0.154740209500738,0.0145035558459782,1.83729231798681,0.972145379193663,0.00105410274381245
0.14251929743593,0.0122267167760681,2.09706501671519,0.801103605019366,0.00181427173356416
0.15013957983889,0.0155474900451091,2.49630414095252,0.809530354296005,0.00140982317127242
0.167820483734818,0.0113633534640296,1.81573988565259,1.20992930042114,0.00102373019036426
0.163078935490019,0.00802048217593101,1.19183010365811,1.31292191223588,0.0012435346803871
0.141007878105223,0.0139940677320611,2.47396398744998,0.904355508131587,0.000746386108103888
0.146187396529574,0.0124334007932209,1.6976099437183,1.19662772474697,0.000965867339992861
0.154167421244038,0.0116615189157224,1.75432447934719,1.03436357886002,0.00170394612492686
0.158916434422315,0.0107355960764245,1.41811729114247,1.15332175884773,0.00116437740406128
0.154658750708361,0.00473019658930827,1.46605004868213,1.31562767876101,0.00147149792641009
0.130567104563991,0.00848167286318734,2.48822335310871,0.912158625243099,0.000985124131031551
0.128369634934099,0.0114914333967799,1.5620759766805,1.08690935788571,0.00123356161062385
0.160961714483161,0.0172514586221021,2.14883873523453,0.774323262749372,0.00124464846016556
0.130183795042418,0.00148720928575563,1.29379587892774,1.5659253576662,0.00122036940316338
0.140994244813646,0.00432304794810887,1.58218799570045,0.979498416626805,0.00177170020963568
0.149862035388986,0.0123038141731622,1.87957345172922,1.05072083421895,0.00147110883381153
0.155115356707529,0.00620211449374267,1.20290482840348,1.31478538180772,0.00124722302904001
0.16888263431467,0.0165814120799544,2.26622220998053,1.12714512312557,0.00092417208574367
0.130247930458028,0.0165283006645202,1.83141530734566,0.864177743441255,0.00117910126236306
0.154670826361246,0.0103105764616245,1.92933721318651,1.16596837709047,0.00107045122789246
0.155310345212408,0.0134896173715616,1.98080767791054,1.06173340774577,0.00103433151090417
0.150467666395841,0.0107743471856082,1.72325597664076,1.16636386280938,0.0010369605436945
0.144075904536856,0.0178457993717752,2.21830193593138,0.881463210154272,0.000979524189004775
0.167955673284759,0.00498502365570002,1.5511254996572,1.65194444303684,0.000542098602749454
0.170247177058306,0.0100125657722361,1.73739481888747,1.31836190487114,0.000920223322636212
0.115525484246231,0.00986185973173435,1.94575117877247,0.989646979398165,0.00155388942479753
0.153654878022924,0.00374146403892625,0.932948456348548,1.72696823611085,0.000826071766141653
0.141361757292599,0.00731335277668351,0.726066347100409,1.43308155110023,0.00148739554535687
0.165517882004743,0.00943975707492873,1.1767055985058,1.39501808370039,0.00107027318239912
0.184852513778329,0.00909285447119888,1.47979462192703,1.52463124516053,0.000462501301817843
0.146968561361712,0.00845949284722696,1.55735356472046,1.19291034563482,0.00149206047163592
0.150274338897554,0.00953027779945883,1.70400152461162,1.28503295788006,0.000791766883132701
0.145580270663935,0.0147178242806993,1.41011085938665,1.08607226877223,0.000793617303835575
0.143112783264791,0.0210222037044683,1.64687352850447,0.842174430119106,0.00120963092745974
0.151648784122448,0.0132923615229703,1.4796578160331,1.09672955899659,0.00129525696537229
0.141140531623798,0.00930721285216341,1.84841156337734,1.00508545558231,0.00152764919438166
0.159842608242183,0.00251166465025366,1.32084192599364,1.72152743663882,0.000809202424328919
0.154234889426691,0.0134546158110357,1.89700917122066,0.916373315704042,0.00154505224857661
0.150415327064663,0.0160132550951951,2.26777399724514,0.845440953601114,0.000993418266474014
0.154752566729042,0.0107635948001591,1.51255713806438,1.29162403437511,0.0013790909133564
0.127306283123193,0.0166687783276897,1.77679762319624,0.897059313704121,0.00109700926826906
0.148452571565083,0.0143310066695948,2.29275208889635,0.99027821324794,0.00140321487459987
0.155704694127902,0.00983183640911534,1.93088139888295,1.07929631213913,0.000982660544384013
0.161727856906362,0.0064385556764078,1.10594572148345,1.4328088073561,0.000937110789679012
0.163135205417713,0.0110590933261239,1.73351052842726,1.13193712042462,0.00106467834602037
0.155983177198692,0.00153554207538676,0.691652509475275,1.49897550770285,0.00131339928875703
0.158359201114501,0.015321956214992,1.74389579154671,0.987479388055307,0.00110645382313315
0.146950000152354,0.00990472066249115,1.7265099590971,1.07620841359142,0.00112941060423608
0.136562043020066,0.00732335270119551,1.8011803523464,1.23320724100155,0.0013836949131015
0.134186917119272,0.00718689831595782,1.35615627091647,1.13108495044594,0.00199430479536577
0.15643185778812,0.012411663168618,1.29564402499161,1.15993388633844,0.00129356787148613
0.158737482533827,0.0136034355939066,1.98645189980953,0.90257009136202,0.00133211247777681
0.133076818546938,0.0136086782771577,2.47196288657582,0.855426648867405,0.00124376347653583
0.158764839721668,0.0109819502566198,1.18679158734951,1.04915436485771,0.00146286139287761
0.14830719533531,0.0163756405166901,1.39662991121744,0.672346136152119,0.00158916844141561
0.128699618980207,0.0206520875303994,2.26012651304245,0.881250909307841,0.00111074995421673
0.145751063085964,0.00719971760175001,1.66650846706474,1.29334003509903,0.00125574201896421
0.165558835107682,0.0111740431816085,1.68073048905558,1.2098618913384,0.00129146850725064
0.152608544833634,0.0106445579711391,1.97995448005274,0.781700098867299,0.00168777735869564
0.136427647813707,0.0149227440274215,1.74475459510587,1.00663443363014,0.00143002360547236
0.153118493072941,0.0161859960615284,1.97348286107602,0.952152193536393,0.00138740019682491
0.157623476540927,0.0125492404805578,1.87280715608791,1.03669947168677,0.00129178538553834
0.15740834726697,0.0175951995762383,1.88040648087761,0.99789317598721,0.00119923405374103
0.153996413252465,0.0205077118406387,1.96657179889469,0.926957804631591,0.00114265659843076
0.13316051756882,0.0121170513802202,2.48366844805051,0.865919184789566,0.00119623427653516
0.160178936659452,0.0081936519076266,1.62011619858785,1.5071564035369,0.000666021104519001
0.139726255459056,0.0153622841542611,1.5978974141823,1.12386335151716,0.00096294951223342
0.147107934237423,0.0141792685853203,2.13717679576221,1.07526275398808,0.00103994900423998
0.138487679996338,0.0114552755430422,1.37303163723469,1.06567586226028,0.00158870030116609
0.17350923823912,0.0110791139758979,1.64109379577904,1.17726176161248,0.00115897973439537
0.148080636749389,0.00997648503299092,1.71326720529971,0.995975003558963,0.00158166921897254
0.17454238091057,0.0216876086033144,2.32008130526,0.824020972156917,0.000905155769776213
0.144320505067547,0.0122455937133202,1.53415495522278,1.11719875789413,0.00131731008076877
0.108936004894652,0.00717633025443544,1.25063338997106,1.16202321014318,0.00174994315096437
0.135329445431475,0.0172548571901031,2.43069127793277,0.717955729503474,0.00088924660627251
0.124814714659959,0.00953792878033305,2.19378069991869,0.943534848274167,0.00139708875460554
0.159481419662626,0.011173249397053,2.04362140870976,1.31055089058017,0.000867258510145094
0.166531052073612,0.0141518729148487,1.81184232478733,0.89138166943608,0.0016674912266733
0.161682620507287,0.021235162117876,1.8085429887594,0.791075578567838,0.00121727563259286
0.136788773988123,0.007738140409112,1.8547880862728,0.936518295199392,0.00169964745925504
0.125557013210523,0.00996820283773776,1.83627353446699,0.864574269244075,0.00172024442675468
0.146674664952359,0.016444432763135,2.28134864706044,0.816922313480269,0.0010862988172042
0.133262631333151,0.00580384407424498,1.8074525129427,1.13535585902067,0.00139481449266343
0.150991716424485,0.00852592301420307,1.05400225514885,1.20151314991653,0.00170046397472587
0.14765248390315,0.0113332622973256,2.0372560193756,0.974765253362253,0.0010035231033907
0.153304229712675,0.0124965856182341,1.69123136032199,1.04768743354857,0.00134226698699107
0.169322800683292,0.0211659252922212,2.26122833677596,0.94359714777301,0.00066613181376079
0.14933597763138,0.0138444507075404,2.06303680546254,0.903344860813467,0.0013478324920128
0.140690868229069,0.0101075291042927,1.68468187483241,0.967623132785179,0.0013812213368993
0.142423354836544,0.0107997817627719,1.55292999947444,0.990031956440765,0.00148380720991421
0.181228089876057,0.0193838671278114,1.55771513459473,0.776832830151574,0.00122972502101908
0.128058671640952,0.0101866434954109,1.51094321755078,0.894174469302968,0.00164679834686653
0.147237326275109,0.0232968275751121,1.78376127483847,0.648022412028913,0.00137445057263398
0.161352408373728,0.0149954771678647,1.12041119004061,1.08836403843304,0.000933504173594158
0.145448089545358,0.00855235344525138,1.24943413589695,1.14905952516303,0.00122540914631137
0.165384559017147,0.0163566212482307,2.12246659378842,1.19138362815883,0.000636599697436283
0.144989965773541,0.00606903847618746,1.64601940853243,1.4607472545742,0.0010152796241411
0.138416203196306,0.0100824900840415,1.802338813114,1.4386049882792,0.000565963253161789
0.162594075086674,0.00962658017530352,1.29156904242612,1.41925898892534,0.000682513023576802
0.170273296320627,0.0170368349287854,2.16930915855272,0.948694002912159,0.000652804708175573
0.137048824476859,0.0215474836373419,2.1390023649253,0.560500328036332,0.00141720767657415
0.147702111359616,0.0191525045028034,2.72464541553784,0.54616947286255,0.00123139147490529
0.131598202009875,0.00490105706300384,1.83027981900372,1.16243492401922,0.00122043224895105
0.139091927145794,0.00663237583848445,1.72273898432302,1.28242200824652,0.00168337295735118
0.136447615258524,0.0146745732808171,2.3334390961796,0.962677675911239,0.000819588354189656
0.13601867366366,0.00543737581283395,1.49117760108511,1.35017864761046,0.00141737120746898
0.116241384007236,0.00734764814321504,1.89544041028881,1.0506177963788,0.00141156656540029
0.170294362082246,0.0137187131408488,1.32925330951718,1.00187949133741,0.0012547196095239
0.149220917467305,0.013542970801786,1.70522913844189,1.07423388786892,0.00122436998605716
0.140986549422212,0.0156592846928919,2.37486169797859,0.805823589746518,0.00114134127156189
0.172602514143366,0.0147927045664787,1.70375450519208,1.0749894507305,0.000870407033759382
0.170834934728308,0.0133203380157121,1.78083723639154,1.37021343021771,0.000741789021603718
0.168301814484333,0.0111228794755818,1.37621307915827,1.35737400781769,0.000887699780417255
0.166395891055022,0.0110089961595111,1.78028577554903,1.11656636221875,0.00120303996507829
0.151536786409713,0.0153237854546698,1.71359838057584,0.751098237759709,0.00158879362136345
0.160953273479951,0.0137364549683041,2.36286563434907,0.934385980622922,0.00089523087390824
0.180535212519637,0.00121602599147556,1.19849214023692,1.72792944963674,0.000795259621345431
0.15691220360473,0.00907565127739116,2.04750320643471,1.19316228228448,0.000880866313483196
0.129541593923943,0.0111189031837262,1.49511384808232,1.13709306251286,0.00119429313224204
0.126597592112891,0.0197572708002268,2.06226655314638,0.855910185531488,0.00111677849513942
0.113972318262165,0.00656054971237551,1.92369332998508,1.01924626146509,0.00176529606808875
0.144265230327488,0.00980751030304755,1.78692286955372,1.10270724391755,0.00104018940228852
0.155404019809883,0.00244133293424851,1.36208571344004,1.35941565905185,0.00166923326395153
0.157244221265758,0.0143710934257031,1.38125895447095,1.19015182582401,0.00115917097480586
0.151360238143279,0.0144016046140195,1.44587380817008,1.03514895645589,0.00133361447315106
0.151051427990772,0.014727811821564,2.21466942615952,1.01753485164784,0.000936588720260694
0.145890646748949,0.00765107539164945,1.38926789526473,1.12191080277576,0.00135095276209315
0.161487314714812,0.00534863869660234,0.914200845484951,1.3352773191865,0.00124139700994381
0.11131566094504,0.00420128556759468,2.0155133864118,1.10770568984481,0.001625146286702
0.144430061901334,0.0176645224117017,2.11149045849611,0.923213904363828,0.00107776336966618
0.156295961651506,0.0200971070049355,1.776144424656,0.83614463543717,0.00105981432282646
0.135437652684738,0.0191374670419554,1.2544440740337,0.895759561423466,0.00113934709704189
0.170455008441078,0.0149302981398092,2.25630663779022,0.592933352438391,0.00160978769285764
0.132580546676508,0.00843636937115654,2.75089611003824,0.905797976049261,0.00165550460158921
0.145591568454849,0.00706212478098874,1.48698809628274,1.12489603994067,0.00155953028128587
0.141747393075872,0.0167303778729743,2.11042462906524,0.878807418811423,0.0012969377678504
0.15815003045483,0.00776607328946163,2.32388888569666,1.27637806082476,0.000940124650618035
0.129846579185587,0.0088002138865827,1.32115604676043,1.12658765254153,0.00146662104595813
0.124051208457832,0.000991269245999248,1.64079213765233,1.42449237669258,0.00117127855023042
0.154769766338963,0.00957584441899676,1.29656601854006,1.27552258590461,0.000911467868872204
0.146346091667249,0.0097174034165373,1.8757251739747,1.19517116268456,0.000802019635321803
0.139848228278739,0.00220653105040661,1.20355990499744,1.23236098093069,0.00195666709669541
0.14431922677728,0.00524951821509621,1.20286423737691,1.37913037850874,0.00149083064018554
0.136779255163666,0.0170755551306204,2.01205073786987,1.01429306273289,0.000953056325038704
0.156140421424135,0.0159588262550303,1.99839193132625,1.16542157929612,0.000805682405489582
0.172569163079455,0.00861401066962882,0.756184779692365,1.309754865005,0.00126715561544343
0.175713324212824,0.0129693261983285,2.01331668133839,1.12994406494745,0.0010725704263304
0.149361931565219,0.0094862513086721,1.16713006437916,1.22052114484978,0.00119334743523119
0.139745790663033,0.0122859639059347,1.81131468290214,1.09781706248658,0.0011142520521212
0.164273702864623,0.0152408842861343,1.88107776425704,1.01489668786826,0.000889175640412791
0.141696152260164,0.0138996271040809,1.74261334070241,0.976116269649427,0.00124027571168695
0.136408078876652,0.0144853352150743,2.3154410172015,0.909550616464505,0.00133477561841584
0.12367948540274,0.0150641982499067,1.6526885953914,1.02157070773073,0.00124160326235778
0.153243316129757,0.00861260895232243,1.59585574578504,1.27318146061949,0.000966079487466621
0.149172745296368,0.0087793995677251,1.20347113066593,1.35177930818338,0.00104367823206165
0.156416557185288,0.00386441433669041,0.862904923940367,1.51632923704134,0.00148907056733427
0.142506085158804,0.010799338298418,1.22070841699269,1.23051428269285,0.00124657659530251
0.153419796668188,0.0111110870937802,1.70043794576399,1.11300563176355,0.00135761927876979
0.164881548935182,0.0143380139522096,1.35892314832181,1.2450179522303,0.00106519833005951
0.160914509280067,0.0182843541709874,1.99449005035745,0.969510260457947,0.00104823687879314
0.138152809558749,0.0191206936641065,1.83327387208595,0.916102160870692,0.00118727204075103
0.177949786482034,0.00485152642735633,1.0604075881897,1.64971430905437,0.000885355613760929
0.167707090211313,0.0138985581410893,1.7022944978155,1.18492424522568,0.000807726306310623
0.166814233860133,0.0237367424708883,2.44618751788272,0.653588215107455,0.000975573580497742
0.15711460979843,0.00695878826473985,1.82893740981503,1.07650745493138,0.00145644404918597
0.152146426497667,0.0141581155514913,2.59921109930498,0.782224848987486,0.00127795616758297
0.149210727732946,0.011403691879401,1.91127291388201,0.975778824421084,0.00114632356141118
0.152481523427847,0.0119815888882766,1.29071641031928,1.1700866883133,0.00105860264394421
0.161611164284899,0.00436010845058801,0.679631424831635,1.43362191548925,0.00170393260648474
0.110554290124742,0.0116297403447465,2.08844295817376,0.879007140316108,0.00137180858202467
0.141942282890227,0.0089564634654905,2.09565264610941,0.900016606201034,0.00172351765139043
0.132354648038222,0.00615076478673149,1.66935293845409,1.12434666792211,0.00143075012284819
0.136301820188418,0.00251976686572567,1.94440236003977,1.2806468578124,0.00141890799527571
0.132609674219493,0.0131342666385276,2.03179725184453,0.945221302782976,0.00137353150839593
0.1501043918597,0.0191078454284775,1.7000451860198,0.879832824872681,0.000943315234853331
0.146337172022961,0.00749693616712908,1.51199321316919,1.34862086626783,0.0012339201638051
0.144704242701705,0.00274214347482814,2.25697355636235,1.03182547948223,0.00132981704645064
0.157354877565573,0.0113672649935291,1.77839404726467,1.13383291225074,0.0014035187636897
0.150064469030552,0.0103571673742337,2.28220674912112,1.22794922584358,0.000774123450612306
0.15369495855894,0.0123651924124127,1.77743513488243,1.00808865614781,0.00137391489172714
0.122033414593586,0.0149746866269546,1.98280331909035,0.937642660252492,0.00103787480410015
0.1651200157665,0.0104984986887797,0.927967598954781,1.25789149215344,0.00134281582069971
0.160135872902161,0.0149878624767003,2.19062024031827,0.914361044529148,0.00127501197268473
0.157242176174136,0.00973985977783531,1.82399320301589,1.31880501641922,0.000478440751243626
0.145469653613898,0.0113952395442873,1.55648181250763,1.03932039158199,0.00113489506157454
0.184391480627307,0.0202914730247528,2.48142361740677,0.776087024944843,0.000718891003908137
0.16618088533695,0.00710648575290377,1.27771923147665,1.44632284164994,0.000926163853557995
0.178910793770569,0.013672991450526,2.31277247606137,1.13669106980775,0.000307162654840983
0.153914300555166,0.00780992449437131,1.4489080188549,1.3937559591631,0.000884037314117312
0.155440017511935,0.0091295528609009,1.27004600581237,1.34870299112431,0.00166021559005433
0.135911215371474,0.0103265130250144,1.56490165167672,1.1684163612369,0.00154494411134012
0.135602402659089,0.0151334154832715,1.60905637998769,0.809574327158812,0.00171772875673086
0.157263250237367,0.0266183283008182,2.08272677543331,0.631013361025736,0.00119742877003786
0.17701533414975,0.0117788165305499,2.10073213876704,1.06577970516862,0.000953512505440328
0.146131296423674,0.0152314643589924,2.06024952993627,0.905984893613305,0.00124826489753508
0.143439198238392,0.011855829947112,1.55103723342766,1.27611124594497,0.000624705582175439
0.142167330140041,0.00599388586021482,1.72944332792465,1.27005667451593,0.00113465914529468
0.15643777051255,0.00994270730157228,1.42438914761232,1.20837033628135,0.00144152269396887
0.146635844695397,0.00945143992334263,1.71024665874426,1.09977782287766,0.00151294111887281
0.142060630919132,0.00747994048856877,1.32716631886659,1.33027775868826,0.00110260758246681
0.15222217611918,0.00883566991042063,1.35147045723209,1.10970317445873,0.00141232007721406
0.170162777110787,0.010046135423155,0.90267079312513,1.29545986358461,0.00140027593417404
0.145614625203845,0.0110653761607219,2.38030893809704,1.15993477634655,0.000944756011244904
0.165152170339895,0.0112370832212154,2.15267952291377,1.12019776715294,0.00116514574642354
0.167368024607307,0.0178262061687942,2.14083158667587,0.775192610036148,0.00119397617470659
0.110367856029579,0.0098598920667777,1.07185845601101,0.996648388000996,0.00170396204554903
0.16157874517134,0.0107011807299225,1.82657322468279,1.0162925911821,0.00129417066034326
0.137432551516236,0.00632697747794819,2.21862969700551,1.16727437151887,0.00120836875776915
0.164032813806939,0.00436206781594021,1.59016485663188,1.41032655190631,0.00117674033920711
0.140850798351451,0.002969102485467,1.20736525605356,1.33388141756088,0.00146994474999824
0.151986181193442,0.0130912570589728,1.39184434701851,1.09800997040285,0.00114573570303015
0.158980735066254,0.00912189709701016,1.21339381644961,1.39367532737261,0.00123604026937229
0.15774558632817,0.0144239691622344,1.86681262607725,0.951802993906509,0.00137159084821808
0.140865750972323,0.00933262457744859,1.37296753969854,1.18002781350238,0.00141017857549644
0.174095627370661,0.0208875393449071,2.66492358836005,0.826278161089385,0.000420322365643029
0.159039930174539,0.00672504276928493,1.65881588012429,1.19462057656426,0.0016480950580701
0.146945406824683,0.0172918253750715,1.68040887363801,0.80811760431665,0.00162831706893664
0.124472622204041,0.015359811322938,1.90472982646098,0.767053734018109,0.00183841215990349
0.155531075024635,0.0102676270029535,1.07707570064195,1.17380344623093,0.00118920358267955
0.168139073849079,0.0179748865285181,2.16262229909706,0.98348330190586,0.000657349246365366
0.140248947837249,0.0183348083790992,1.71770350393609,1.01105498789911,0.00129111069049516
0.150585249164876,0.016712068914144,2.04660053371073,0.909987097455194,0.00120115385035515
0.138155618937579,0.00851457375710603,1.37227039900585,1.32853019113123,0.00107573389725551
0.164073534261014,0.0117771784176951,2.29388355021704,0.961364864414172,0.000996965242118515
0.155775824976114,0.0198884174798232,1.76273110655645,0.832351128820714,0.00137498189774919
0.171713304131222,0.0110229955307365,1.15734541824318,1.21626583199735,0.00164965983630716
0.148554249643424,0.0168201903471069,1.81740345183426,0.735984302603192,0.00153008480093739
0.142283932449651,0.0100943642783891,1.71608983329105,1.127593222312,0.00122163573397195
0.147498299009671,0.0125687354887627,2.22310869297211,1.01435580313688,0.00113196087490175
0.148409899918601,0.00928261547601386,1.6708874688077,1.21058730760174,0.00143382254120925
0.134365821106062,0.0199716243353197,2.08156767701299,0.911281649404069,0.000968537343107779
0.155549693193039,0.0201532445398678,2.32164669132343,0.577108681602503,0.00129101267744624
0.15959017907679,0.0175598594643976,2.10070352051121,0.964930294769964,0.000963361482875229
0.137569929712955,0.0143934151332154,2.22410725410616,0.965909346244685,0.00111017389663084
0.164208795955114,0.00620648528798374,1.58375328279001,1.31777398960227,0.000979800184429993
0.155554696847144,0.0148579287501912,2.17816402776257,0.962929615602894,0.00136730022108186
0.128502803356171,0.017427668531106,2.28972359108591,0.624657513995673,0.00109497486664233
0.150983626715872,0.0153835729560367,2.03418338821622,0.936372192762705,0.00129405191250661
0.130666068118328,0.0211206604793864,1.95681870567725,0.366484567328123,0.00151739006064902
0.174153205983668,0.00972428931136536,1.58590515462058,1.29233820214076,0.0010172791056094
0.153802880360307,0.0151952206285105,1.98483928668415,1.11867899631446,0.00116979901767689
0.161390812642724,0.00368050656160836,1.68778114286387,1.61755468749068,0.000368811597111046
0.141992425408704,0.0131243156218491,1.84649753143325,0.680677078373479,0.00160477008704494
0.170674629178391,0.0134302746172148,1.90532647118108,1.13141905934975,0.00104329916125557
0.151584017139157,0.0101435327333065,0.903411101082698,1.31196762907625,0.000936456908787636
0.165406837526899,0.00467736221544059,1.77346060034447,1.32408075820012,0.0011286464704405
0.144461468533044,0.010786141915856,1.22520611548462,0.99629164193372,0.00107808569127468
0.126811633658134,0.0100325853561034,1.89438063872607,1.05709304637649,0.00144051067084731
0.185212443912038,0.0174491322596055,1.41263407741493,1.03124631869019,0.00118369404300419
0.126476864773158,0.0124453120559452,1.49737040054664,1.08772465499694,0.00131251812376833
0.174815829704618,0.0173973409833503,1.75396653468306,0.979151786707359,0.00110452480860008
0.131927047022413,0.0050343814423796,1.99368838087948,1.01733119551696,0.00164331323002443
0.135473884396122,0.00946976322890476,1.48531057111845,1.19985046260318,0.00124765137084591
0.158860908694238,0.01665959615321,2.02659328244727,0.982567902800935,0.00111960542598291
0.156957256766123,0.00789074463728024,1.74333315850756,1.21429206954162,0.00123648049798427
0.13679696322401,0.000532094131056059,1.14685526025722,1.55701086609504,0.00119908228927723
0.160981104828369,0.0193079024944857,1.60128288842735,0.940107913945317,0.000746047447064854
0.123731268001523,0.00500166855090857,0.867178694238225,1.53046706643808,0.0012234514189288
0.165985668698078,0.00623920586601525,1.40129640917018,1.27373645931182,0.00155288224059248
0.154394740427826,0.0052135475522732,1.12075437583916,1.29686466570456,0.00166665807341874
0.126432072207338,0.00962012199100316,2.43450800335076,1.03076371117634,0.00136065078830466
0.141267311288825,0.00649629886130311,2.20877103492241,1.26360034880294,0.000933796741547509
0.141142202771699,0.010987347658651,2.00425727372567,1.09017539255349,0.0012989817782489
0.133646727018229,0.0115617887699752,2.10991570171848,0.961903178454783,0.00148785297208574
0.142296611658556,0.00944685163064899,1.80618087535343,1.32711400415234,0.000866938523270128
0.180198412100663,0.0104332794755348,1.44187025336938,1.11979717500981,0.00150666150100561
0.130186088635943,0.00735123344362056,2.0638816580751,1.20619866661421,0.00125244319788791
0.136339878887148,0.00452223725950424,1.66354229932686,1.39744919412043,0.00164553817486974
0.137982786766532,0.00735539409020951,1.8230493210324,1.13891914117175,0.00145435760264083
0.134556661047663,0.0103706623319886,1.37496084028536,1.16322232008566,0.00172242788968802
0.148730624603605,0.0140732525331452,1.80589673408644,1.11542258456698,0.000826206892561112
0.170427179374323,0.018686500630626,2.28517994572719,0.994088345095796,0.000852233177858745
0.130004488902517,0.0130873593150358,1.6554801091955,0.867896544083735,0.00170460658137263
0.146099367151926,0.00942746872602649,1.68356037040116,1.22216772438438,0.00141808508669173
0.151545946014567,0.00717821274888634,1.44703530111188,1.04350679675948,0.00170029548369672
0.147083620034552,0.0140593793883152,2.13356127353032,1.2128199175985,0.00067781602416838
0.141937396806246,0.0102815471917511,1.86364891493498,1.02737561777903,0.00117334085848676
0.133686040499309,0.0119387449715848,2.35516959539026,0.892001813252888,0.00109487818277283
0.157204183184237,0.0111562871279097,2.00169136562381,1.12155281944011,0.00097543382681189
0.138965010770494,0.0151674006947886,1.70070464099969,0.846757198878235,0.00117369789681676
0.130154789452721,0.0198601901759089,2.02938793492127,0.731472487779007,0.00112730795317636
0.145694868416315,0.0082318270996294,1.08547988063065,1.31391337709254,0.00127019707475348
0.167731545610012,0.00588004378688242,1.27339709960556,1.37490290484815,0.00108747672226637
0.15067180470057,0.00875693498504818,1.60298569835513,1.4309748942153,0.00106250766825459
0.140289075197885,0.0134217189695862,0.814585020514192,0.981373534092474,0.00158441091019338
0.142143059588778,0.00596189960454765,1.08333844832612,1.36702901760169,0.0011503313382181
0.138473733504207,0.0150621536221346,2.58436452552951,0.943340119994526,0.000925880644179951
0.141721010914937,0.00872014941507406,1.21658908418242,1.13537302079341,0.00154315278471748
0.146409737706914,0.00979187446810523,1.21814351425303,1.25685864207705,0.000994116283289576
0.166369644166963,0.0087741972977562,1.99859812120047,1.42910164390986,0.000633663175065845
0.148325555088801,0.00923415580960842,2.1633167018158,0.835317300705141,0.00148476936223648
0.149012327274044,0.0161480446967371,2.06380795338096,0.795600374789305,0.00131265180186618
0.13492964496635,0.0146684345270556,2.11746183587486,0.751154973664278,0.0013053442670314
0.143947426111177,0.0162511361192863,2.01997623872698,0.921080225290909,0.00145412631992122
0.121773092865377,0.00800763923198976,1.14376410833656,1.1029837130432,0.00167213538763276
0.137056745623776,0.00324705603199497,2.05252404283806,1.2813724816156,0.00117089544337519
0.129296562251687,0.00298429650627915,1.49678435326554,1.25542893311029,0.00130845151870612
0.152774237733732,0.0106351449158666,1.55190057464584,1.1315413575559,0.00135438307340139
0.145274868236578,0.022390132580904,3.05066654605319,0.611257498503421,0.00100377409799512
0.152101319567212,0.0165536233546544,1.91944473187823,0.903561316530507,0.00144782314247879
0.142488782547184,0.00271394409978359,1.80771424054338,1.06399181599802,0.00155449677596265
0.143768186649741,0.0156087072791705,1.84660548492745,0.928453245443892,0.000857353750193002
0.141874407565031,0.0161494894036162,1.85010388061012,1.03442513106179,0.000884068972876695
0.160770838726062,0.00589407660356795,2.27651620342083,1.34737190866351,0.00128881350066233
0.157550701381931,0.0141498755292487,1.16058273181168,1.02517689615758,0.00137519962492155
0.164336652783925,0.0072831669797599,1.56019049958616,1.25014932902848,0.0013086838472447
0.146831009343804,0.00666494933695457,2.0610925031874,1.14162708405413,0.00124033478846856
0.15000586423233,0.0150467018976914,2.14205568362047,0.81503115757875,0.00135051201319309
0.144044924058105,0.00812714054243751,2.1411682247876,0.922241712150287,0.00139465847241317
0.142117951582274,0.00694705671434884,1.75670295413806,1.41855816852204,0.000982746077271193
0.167875891980551,0.0152122900924749,1.60814261975896,1.26473323974096,0.000810010912617629
0.154380532524757,0.00687375935720232,1.31869222639899,1.14368066416549,0.00149122853390125
0.148333945163451,0.0201533613765694,1.84219472447495,0.645785553797739,0.00107380397286508
0.13019278094904,0.0112995441405697,1.81188804776293,0.965392614408808,0.00154603374054994
0.173080735236108,0.00970917738293642,1.99047048535622,1.19546090526898,0.00118468330352241
0.156801041996753,0.0176923779970094,2.5422172037352,0.735078141880496,0.00134749519449153
0.172202491264475,0.014239588451092,1.97726332065272,1.17415463422245,0.000919564066899595
0.175619536262656,0.00543663957790455,1.15693121743186,1.43361208493412,0.00114906361265746
0.148988859238664,0.0189820773901129,2.09922104071035,0.649894430316963,0.00148014672509575
0.133977552999924,-0.00165158279947089,1.66155434474345,1.57121203094978,0.00143838348654972
0.157701798444927,0.0058133282327333,1.82733626185745,1.26231679711104,0.000948772475871576
0.150457138997471,0.00915721310374591,1.34514085174577,1.24546889083547,0.000969994934707803
0.14365162832035,0.0132356504637464,2.23367751885723,0.902898954505869,0.00116303379289653
0.14561645975635,0.0140729610306787,2.09136524852542,0.920089585143212,0.00138569291872356
0.166353690848385,0.0144961122316058,1.75746229005297,0.80540975709444,0.00120741576579368
0.156239005054699,0.0117952036213992,1.73199728898493,1.16085235545567,0.00131426202150284
0.160256224172847,0.0124296932271211,1.83129954366593,1.18585887904876,0.000908662991975923
0.144201104720182,0.013798555647458,1.95536526879893,1.0242031322684,0.00129460614718559
0.16840826790344,0.01003849338936,1.68332996036852,1.16295368509351,0.00110229265626981
0.142904358919926,0.00483982751337144,1.39733133692348,1.33132553426013,0.00133986583731918
0.143339020898603,0.010905454108266,2.06371409847958,0.884320571970512,0.00114526323181841
0.151323802898565,0.00300207255777603,1.6616662533055,1.41229499736968,0.00103375121734822
0.160957385781739,0.0147092098197134,1.48480048794538,0.996230020585524,0.0012411376918402
0.149302353331496,0.00435580236915728,1.51672283647464,1.49242467780453,0.00109205143790843
0.13906818558737,0.0199839348595947,1.95023978743799,0.67745227344475,0.00129149486971056
0.16633311326246,0.0245447012783669,2.41186151124854,0.443898915031027,0.000934939199086065
0.147529324372952,0.0147520527613977,2.73528723084524,0.831601887236538,0.000973374543342322
0.156975765374999,0.0180728737139152,1.50495067142193,0.822602296964411,0.00108281791267854
0.139227431111231,0.00919204282436667,1.61338224821509,1.04239836032862,0.00137744480821006
0.158166757080582,0.0149553471862563,1.87727242166173,1.06753390701226,0.00123933646891097
0.140176935622576,0.0124131632440739,2.34915869998032,1.10264367243778,0.00126185954737802
0.136666447161348,0.00493361645519895,1.35654955551959,1.23569475879356,0.00173365082102491
0.165070525464657,0.01100658262016,1.45459680218503,1.30183861624684,0.00124921562128157
0.14208217920509,0.0181483557552763,1.48583579035372,0.754065133145299,0.00156980138676819
0.128993954173746,0.011710115178575,2.24413285379165,1.14217608611189,0.000942946864335309
0.134391408799693,0.0091918133042985,2.06275140005574,1.02942557562218,0.001387583081476
0.141905947928666,0.0147883177920184,2.00325781193436,0.859658446357677,0.00108788776732581
0.162830397742375,0.0197702998060481,2.23421551120056,0.87645077249972,0.000825239106901786
0.166677799471248,0.0119735133099971,1.94163126370415,1.01106235994837,0.0010762015190201
0.15795376075657,0.0098350167659147,2.08901629450666,1.10452265095927,0.00110252254974613
0.148581396247295,0.0199825769687449,1.91693747536538,0.780099073469108,0.00157091009539638
0.158616366040593,0.00687041700845473,1.84218092496925,1.36995427060458,0.00100974684449603
0.149607357605291,0.022617764110096,1.98471944581072,0.675306791240557,0.00116118048608026
0.171104383426871,0.0161485394130306,2.15313785295829,0.875783913948165,0.00130776913279154
0.133377135815092,0.0144364691492799,1.77431197246015,0.954254243179274,0.00138796161708827
0.145730427478027,0.0176452753918575,2.52363255499432,0.843976630870274,0.00115321181833096
0.157856391351492,0.00092072280484953,1.40014967116309,1.69024026732258,0.00113065560823119
0.133743184841514,0.0058321444214839,1.8561951532164,1.34811440531656,0.00125246915818511
0.142117198486231,0.0168529828384736,2.1159908934423,1.04823702120442,0.000366993798295871
0.151684139430532,0.0193366565002044,1.46949330123161,0.683690085367499,0.00164492179405513
0.142448175036716,0.0114278804937997,1.93049653201873,1.15955289957765,0.00101538828113518
0.171463976054971,0.0112508212160908,1.65231832002523,1.30323125471183,0.00078553571770319
0.137849628483277,0.00922882246060248,1.61994688892029,1.1002277885351,0.00105673349094073
0.135444989962792,0.0129520420426197,1.81261599028005,0.886473103124227,0.00166915314339816
0.129200587464805,0.0112785705647049,2.29593205009444,0.771946372630024,0.00134365844647168
0.152864994778588,0.00918761606107005,0.728365423264166,1.33898426837267,0.00154498540737117
0.147600712454816,0.00390157674180193,1.8291857092401,1.29211416570463,0.00121189774987627
0.153604392330675,0.0139864532567884,1.21906194181738,0.938083638706106,0.00140074071697357
0.140232898588207,0.00456352777981277,1.10143198065144,1.20194823845426,0.00149314702897222
0.158386101674559,0.0104190972533445,1.83552421455289,1.139672190605,0.00123510197736842
0.151820438396313,0.0124470960539539,1.18075044715843,1.04584786833406,0.00152081379701025
0.151983382509588,0.0121085938048468,2.37872858158686,0.933750306054241,0.00105482798528991
0.161564042314668,0.00893942605472034,1.5459436766482,1.34313371747203,0.00118903287986033
0.122323978776832,0.00699772150713347,1.94120387322644,1.03941615193172,0.00142262374554464
0.167478615057882,0.0102063505955813,1.4571272176426,1.2595440798561,0.00110692530253413
0.153048062323017,0.00796359972368932,1.49092718134839,1.35840425814262,0.000884731207088317
0.14048570801,0.0128979844478727,2.05438810267966,0.816024980098867,0.00146406129316562
0.147960110317585,0.00841811883515109,2.04310621917126,1.27695852173667,0.000914188921895336
0.151589653164864,0.0107446210435196,1.5626135450391,1.25667639498665,0.00117495638283467
0.148682059471941,0.00814845256279659,1.77569283378965,1.3275064212935,0.00106726556097836
0.141577450919911,0.0138043986291078,2.40444109327459,0.816324762759032,0.0012610605593331
0.181633278869116,0.0129768909004086,1.6150679962021,1.03319486705468,0.000977706024416115
0.143602365928936,0.00630568893250802,1.00208410751392,1.39874100450737,0.00150232804304253
0.147782636080164,0.0104475506254117,1.62918848463568,1.22849978648941,0.0010295542868833
0.170907650779488,0.0148586166960895,1.49690814330955,1.453800286847,0.000506600025285337
0.125657311371673,0.00529131829296883,2.06142206798283,1.32120573507531,0.001194654047856
0.15090261234222,0.0185897256875914,2.10604753157681,0.785191064591314,0.0010910715043389
0.145790874802966,0.00484703199239925,1.77052985932775,1.14843581063903,0.0013013377780435
0.175693334925068,0.00922878236700666,1.67050632340695,1.32770119144561,0.000988435843782549
0.167257953435855,0.015416153266532,1.97772731841861,1.26147772674728,0.000573818554612763
0.16317878577998,0.0103619886849093,1.65327288939855,1.08258164603495,0.000978129564982882
0.158850931103671,0.0162574631942689,2.17508540397348,0.807277340927463,0.0012159840027136
0.150515865058177,8.65110518055504e-05,0.783115596294173,1.802157721676,0.00120921560208739
0.1354268519606,0.00529149533404225,1.77666275825676,1.41548823575134,0.0012155049789405
0.169814175907425,0.0106746300371479,1.48929554347314,1.26992763020618,0.000964210288922285
0.140639258858532,0.011311864719513,1.51301919894427,0.894065188938968,0.00171312223734396
0.140169574652934,0.0147222066238237,1.4210393162183,0.971437155880146,0.00136729440485697
0.172560139974688,0.0205463468070751,1.71807697347112,1.06147807937687,0.000881990180909479
0.143220725211009,0.0134538403765445,2.40980324927965,1.10738335609266,0.0011792136244276
0.164809990150095,0.00807917745099435,1.73656039143209,1.21287555443067,0.00131317227215596
0.183767576905428,0.00862340379413054,0.588116708350698,1.44169030941125,0.00117713249636753
0.129234271554321,0.0109774746106613,1.49223910516444,1.09590104086961,0.00158567458523974
0.127335252384398,-0.00140477314792797,1.47415970134446,1.46576582617516,0.00127088039828002
0.153397068528451,0.00834553882332944,1.3337328541184,1.18978913298987,0.00115683744139014
0.150156581780549,0.0061664282283381,2.06090295879986,1.27567491243986,0.000902632148026545
0.15479798627979,0.00116472990797655,1.4102056271354,1.60507539451705,0.00126107998528239
0.135413913290157,0.00765223597119584,1.23692566959464,1.22981481713706,0.00157621843628756
0.179749714192462,0.0152080788155095,2.21538431502162,1.01442329135998,0.00130605414204067
0.144970168435654,0.0190307825852355,1.38089302598343,1.02374422810232,0.000797349773950583
0.132710743070188,0.012416047444495,2.43783530253733,0.947991554282928,0.00102558156025789
0.148168077618617,0.0100313002221202,2.09461320520455,1.08118744605651,0.000821671484531759
0.154670497066068,0.0161444752477242,2.03550127268957,1.04748883821451,0.00112013977293445
0.141027392946515,0.0121545043223463,1.35526517760104,1.13326270804278,0.00142402265543051
0.180255942584503,0.0111068251372669,1.59244600107989,1.19191924418149,0.000939569769572986
0.13273968524575,0.0129876096226276,1.10791777243608,1.21031573223086,0.00120906871401934
0.152398851789206,0.00254404429549338,1.66492565060747,1.49426494172588,0.000993097161465362
0.155447820383972,0.0104407766528797,2.39909502053139,0.951021639692805,0.00151623968784375
0.160347815029648,0.0185256612653139,1.66231465253982,0.57698058773603,0.00187965526088018
0.157919277835827,0.0114490078185843,2.34394242794721,1.16796686508977,0.00111515540296285
0.164511459569871,0.0137058259998642,2.00407864636052,0.920878725266225,0.00130970257997005
0.141364306961791,0.0175919263705238,1.70839234968337,0.796142734315297,0.00182211941127413
0.152927258860081,0.00564641673572694,1.57423408045837,1.4395345562279,0.00145184243881682
0.115516891779659,0.0126068213283058,1.83323533427552,0.696283251715736,0.00173466946817294
0.153988570667019,0.0169959061409926,1.62082895542601,0.856876218106898,0.0012319524621608
0.133924784992638,0.0106278059475156,1.66994676018314,1.01156176841563,0.00124779427430134
0.186215583425363,0.00757117920591716,0.928517837591155,1.3412966612301,0.00111734484530236
0.169600653319496,0.00835514806741506,2.01505356577551,1.34936319068259,0.000703250693569245
0.148696668898795,0.0175097399645739,1.67195501068998,1.0231999312726,0.00156957148669115
0.1716582861357,0.0106429036094557,2.05267663818775,1.16839290482927,0.00111507204391977
0.124556665595153,0.0146809234256857,1.84791828211857,0.848040131431092,0.00141601296696023
0.173759521684531,0.00815496738863083,1.50749268110286,1.27374645779527,0.00103354071997438
0.138681485022378,0.0116586399099199,2.70160008104106,0.732659101016218,0.00173610535584685
0.131897869214447,0.00499218489274687,1.95815185230641,1.10857149625637,0.00139708511311026
0.152312037782752,0.0200967008887516,2.31199452591337,0.776014623297939,0.00129162811578653
0.169358559034644,0.0107889805666054,1.69947670338597,1.30355766662159,0.000895773954641105
0.13121141060223,0.00891247085275897,1.71280961134345,1.05976758411498,0.00136654755742762
0.149132793467251,0.00812247715528037,1.95746930316007,1.18347954866717,0.00113143876801138
0.17701470720608,0.0209476620131777,2.4397752974012,0.479108359833352,0.00135668347241917
0.161414017190469,0.00356823885821138,1.31515775965517,1.43564407869685,0.00127427750765325
0.120798299806527,0.0153597752628063,2.25195108557067,0.686817469333865,0.00142531137526889
0.176463823423061,0.0160665390419291,1.35808306549153,1.30946631598255,0.000536334597434524
0.164438333137745,0.00527187318509202,1.1002790805767,1.55482151989918,0.00128630761429041
0.163575790816966,0.0244946999066048,1.84247943500587,0.550100356612756,0.000898975806785029
0.138904738279413,0.0110939812833871,1.97922386664436,1.09802171059296,0.00141304735837079
0.161703303244579,0.0048086558504552,1.38417156629737,1.31218228848537,0.00133784320487039
0.174558042503066,0.00362652282427176,1.35607846903345,1.44954976389622,0.00113708758038818
0.16058318511343,0.010849658557684,2.39561503286135,1.11829974534376,0.000996974436755303
0.164016812803042,0.0246772050391563,2.91145609023481,0.651981916525004,0.000625624631564137
0.148253630729615,0.0129410919705197,1.68802098466095,0.9976480628985,0.00102862683008644
0.160913571989094,0.0126641911852964,1.91698415801466,1.09395139438772,0.00112627479052735
0.147982720777204,0.0106832059151421,0.912919928861027,1.20303725538646,0.00150722668773931
0.151582717642498,0.0107381992675828,1.74251783991871,1.28641729557117,0.000907552404398379
0.120011192143458,0.00800144104315489,1.64206414025259,0.85416607014951,0.00219795651695676
0.137274951144005,0.0149951478721993,2.1812992050348,0.928157563785094,0.00143228917577227
0.168175524763667,0.0129044855890386,2.35640134110598,1.15541625689288,0.000861655244025212
0.134392650344101,0.0155277660804403,1.57791176000694,0.66652076266075,0.0015272032615654
0.164260025084736,0.0103985481012375,1.08846145621121,1.40429000963927,0.000902481812029906
0.155228592702794,0.0147661943443141,1.31757734937635,1.07206369940177,0.00117152094447506
0.138520477896537,0.0118726292270121,2.11236385357566,0.973392293276814,0.0013241295915281
0.140427280808736,0.0112915536233849,1.86418809087731,1.0365912446842,0.0010915733185019
0.165404834440931,0.0021587942165326,0.552808905229674,1.72796261355662,0.00114253377464042
0.145171576829475,0.0134394001541488,1.60178406481585,1.14981007051728,0.0012407814291381
0.139172355902536,0.00663999157335769,2.23791247825146,1.15146583237277,0.00127701140508644
0.17189558882887,0.00683430402891786,1.84399633379836,1.25252828084112,0.00115514421492072
0.148070955817896,0.0115114931342935,1.6423815411778,1.08611026396553,0.00104546453261346
0.156292436339668,0.00749320945180322,1.02258572580686,1.36520274205114,0.00117236628873731
0.147609000447537,0.0151106783196905,1.85928951677291,0.977301591566897,0.000889202789337321
0.155425063921144,0.0151455551963526,2.11264786690808,0.985517649003695,0.000896323416116681
0.1268962560997,0.00744649097410435,1.84393489251247,0.990348232791193,0.00164009011694851
0.155868210610772,0.0112107391802498,1.29470530266518,1.3251761701319,0.000782799864459879
0.130298595914977,0.00840379331100936,2.01078178163108,0.929252819015626,0.00155028027971934
0.126068499849807,0.0129430752792607,1.79067942132793,0.794993088593925,0.00149053705785361
0.131677848094434,0.0110063300981062,2.37863526875612,0.981469586208647,0.000985921335831242
0.162346764493803,0.0139442406119978,1.46864157179443,1.21468264804991,0.000740721834717612
0.180398560957669,0.0160487322860215,1.21387200104877,1.26577626693023,0.00115774019355819
0.146976778839554,0.00980024268725254,1.53747815688834,1.25949018183497,0.0011585225939441
0.156299553085093,0.013984028031961,2.32110481412552,0.956179350823609,0.00106787747623413
0.161239502163424,0.0103018991493042,2.28404187386654,1.14053194115731,0.000973266703321039
0.13222913796691,0.00929122956982101,1.72554698714285,0.969085631568004,0.00157115718078731
0.133585506693083,0.0213208365330456,2.2994605338895,0.48398767631954,0.00166004512407315
0.144914765891116,0.00774442558879901,1.23247041654351,1.12694892739533,0.00155027801071712
0.162953752794007,0.0204353720792465,2.22077413078937,0.779752817562361,0.00118434161252781
0.147928525790389,0.015993950370191,1.83911184020974,1.0205396153241,0.00112640103898031
0.167719956003795,0.0175475798130392,1.67194731349542,1.1156260000049,0.000890536606112213
0.151792314847329,0.0152076446090484,2.11037210386196,1.07814643664625,0.00113949144129481
0.170261898971091,0.0052636775718851,1.82108381245451,1.31257443768834,0.0013996777897055
0.166471033816651,0.0160045273218839,1.90497193849266,0.943201738118144,0.00133906247710007
0.155052455962649,0.00837992947233159,1.10764490289928,1.21890567942777,0.00154396203202378
0.148724198041695,0.00517424237612409,1.19128138894209,1.38669011114976,0.00141652819333625
0.150135885125231,0.00594188736354685,1.90740519654844,1.1707882839144,0.00151344945645472
0.145965917709795,0.0154095479604034,1.91961517566835,0.891790865945213,0.00129324365682723
0.131189085742877,0.0146430051236891,1.99638860280739,0.794743787522278,0.00153114359859998
0.15285868349853,0.0115617985922384,1.37232594906893,1.04141095564706,0.00146617272588365
0.163975445601056,0.0183636412763632,2.02145125090613,0.737034298767848,0.00150057760423094
0.162744879931396,0.0047754988742134,1.32933860562438,1.58507836227139,0.00096456756521632
0.160007739133413,0.0219992773337195,1.9599335857639,0.793063971283693,0.00128510640195432
0.146490363160208,0.0107404632252865,1.28228087152003,1.14186893835222,0.00135391431570443
0.143753367748576,0.0166597049244149,0.981443376870973,0.932905311470856,0.00119583826095305
0.147496010274515,0.0151211488963669,1.07576216007997,1.13324039768712,0.00132670106419721
0.169041496166972,0.00818913274283983,1.31910365465964,1.23798897910298,0.00148358162311515
0.140327252209139,0.00248477036379037,1.79302158168291,1.27262430865503,0.00146128092539281
0.14603941148944,0.00832106423857919,1.61750136500558,1.24342679602629,0.000684756344973515
0.150440838581377,0.0180728526779854,1.84918877290315,1.03449754363637,0.000670063963913245
0.156703763612647,0.0144801007441128,2.11761674923914,0.899241197715289,0.00153103612765131
0.183266305496653,0.0174539782164168,1.67772306056372,1.0348898686237,0.000951111698865751
0.110564637195654,0.00525587961405853,2.08334988012704,1.35848731880513,0.00111377030195226
0.14517510995185,0.017372710922129,1.34901909247727,1.09477452770811,0.00136020751180684
0.157068169600559,0.0122071057134275,1.76564850666612,1.12213567863675,0.00102746443803181
0.149112788756604,0.0158837067695989,1.92509392284725,0.853156189095688,0.00120950084369363
0.172487119862948,0.0130204845706597,1.54567558973368,1.27984357504304,0.00113343552306034
0.17073917599266,0.0239919365653499,1.80398441919998,0.688285586696312,0.00116608214426729
0.183520293487753,0.0161023818881255,1.68002073170168,1.09201856227797,0.000906984606754852
0.151393394672683,0.0109725890396677,0.450978468029811,1.48974268114671,0.00109677066791525
0.140021452963637,0.0109276670033304,2.17550915687587,0.898247185357629,0.00162875612769626
0.147169759950016,0.00912826263060849,1.65670091965467,1.04035660262845,0.00196140889066794
0.137347806500093,0.00827693158438183,1.34907737848541,1.28958765993668,0.00115550749456235
0.150116221212775,0.0109776254893395,1.82080396505718,1.12444256071863,0.00106359899989961
0.159468330800498,0.0139201682411595,2.00641605702614,0.934052957845441,0.00147164738438556
0.136693273239998,0.0131540637967594,1.84643549383263,0.919502681020779,0.00162147683680873
0.140955308487473,0.0156057650639742,2.2665896528646,0.855770121871852,0.00132663392909011
0.133810345656878,0.0122612552830089,1.47123764768735,1.14826268903509,0.00113350657362689
0.149145198126782,0.0172611681734316,2.44825518336755,0.875221046488655,0.00151852359176449
0.15321177870327,0.014609540117763,1.39103169690548,1.0536115562546,0.00114255988510317
0.148637389528471,0.0107494742364735,1.91538989377978,1.20921975952379,0.00122683753397816
0.122067153056927,0.0114698247762019,1.77212396563463,0.823254299215947,0.00156577946422082
0.133298093007002,0.0103243249645329,1.72099237782289,1.01902091355097,0.00124383820583786
0.145141488615938,0.0100935152121407,1.88748359931183,0.965153902093015,0.00108485078513292
0.152091374832044,0.00817949304651827,1.34501340075591,1.32229084378548,0.00110237725123822
0.141510897953261,0.00579963988614931,2.26191113926574,1.15218808083828,0.00132242317617868
0.132776505051101,0.0114754917063593,1.54283860162943,0.897544893590704,0.00165436974291004
0.159170428568993,0.00435055033240449,1.60374700848439,1.34460252570394,0.00126708666936719
0.168447872078308,0.00808711369581224,1.48991507014464,1.16938826054954,0.00140529766631437
0.136448149847564,0.0137737784243561,1.56930394486649,1.07325095240709,0.00130171535412083
0.164820382158753,0.00787628648568017,1.05160756034229,1.19839767729443,0.00136361425294836
0.139547070763554,0.0119878216858492,1.56736563218531,1.15074749793758,0.00145754903802946
0.15974394530316,0.0106096797317355,1.40129684523845,1.27919845854999,0.000655871047768409
0.164414931212529,0.0215261975432047,1.84142677131259,0.779692476572865,0.000711962794836454
0.146164880087728,0.0110820058904059,1.38013612520975,1.17159112233321,0.00115286807540597
0.163941869344375,0.0146737378541673,1.3778910462326,1.10418394893775,0.00108339420432086
0.151134731572782,0.020964943330928,2.21578810838641,0.719127070761793,0.000984960976424384
0.122630216364961,0.00715455103481639,2.41925757191674,0.812937487417892,0.00149960275874135
0.140186047750194,0.00776345447279117,1.41904958470663,1.20784653560614,0.00100715405714875
0.17767888725749,0.00944715300052784,1.68115423970938,1.21404610416859,0.00121076390662668
0.121186319778682,0.010555432517416,1.98622404221423,0.787725091504453,0.00165926590423296
0.152761856589329,0.00805302593552589,1.46721542504619,1.31411447423721,0.000994119501209633
0.142135155863863,0.00733258280294375,1.7817214716648,1.34609418469382,0.00104669352248424
0.135451399712162,0.00320382918777582,1.97251342334289,1.31775149940977,0.00125670618838402
0.155266890739538,0.0102024345484718,1.74839689268645,1.06888316344502,0.0011275230053182
0.148936557955004,0.0120586386363514,1.60876136590244,1.02258473466675,0.00131371894907371
0.156135453640044,0.0207533923626809,2.41912743923488,0.699363072033328,0.000856569414116107
0.116997286952735,0.0044121809321617,1.2707753977496,1.31620653391182,0.00168959962490573
0.145293037546929,0.0159254997622809,1.87532342263634,0.952959662035152,0.000984834214906611
0.113950544467291,0.0126619373262688,1.90330956704937,0.818879750840432,0.00138056093937482
0.134604923338284,0.0080969130903944,2.31221728197878,0.822198193057791,0.0016195698193096
0.134137285908222,0.0163364534042775,1.71922785913481,0.924356050406562,0.00167294190517765
0.180271701496634,0.0139761163746189,1.16301570088253,1.1061438963272,0.00126563877807097
0.134826110638803,0.0188249553242509,2.1521432526117,0.894786866198879,0.000562790753940537
0.1594593975209,0.0170961629807898,1.60976113842765,0.998614237615265,0.00118206142510375
0.114611403133535,0.00527859042115465,2.42248526840318,1.10794724419302,0.00124210326901847
0.161014303666086,0.0175863023750803,2.24564122404321,1.00781625394735,0.000789744950116677
0.129058243651575,0.0171538151506026,1.68414879519732,0.730944158721348,0.00134492550212098
0.151487014183898,0.0148554759607331,2.0015862769634,1.04831241627899,0.00125431633682225
0.146156418506588,0.0085341545287794,1.84443220592269,1.24224748546981,0.00100867948233832
0.149930684391331,0.00447826726437375,1.49426835153654,1.34351128703186,0.000954392708113766
0.151704021806897,0.0121830771508393,1.84773686443777,1.04440623073697,0.00128739981876643
0.139615573303345,0.00775663165727709,1.95182811308539,1.13379379538606,0.00157929621768269
0.147734776137196,0.0194990388141039,2.25518306154553,0.849570589947216,0.000989889913752224
0.156564007074302,0.00970356059982148,1.88605242528387,0.947801536929966,0.00123880870686636
0.178781214553094,0.00635493137373188,1.30986901222416,1.58607557236608,0.000940088365929779
0.1546007182744,0.0234391906960794,1.9109230078347,0.550065435144273,0.00150546336331426
0.131391740479765,0.0112536819879285,1.19148533657172,0.908138538893637,0.00159638511035661
0.157747463145794,0.0158427426522688,1.64016815915109,1.18627253989963,0.000605014981826439
0.141358678854778,0.0175417833859958,1.7801338725037,0.710290232484797,0.00142753153085649
0.173407679882375,0.0125226429271711,1.52533587807431,1.14101606511688,0.00124289443030748
0.132920014706999,0.0155368973939796,2.26729761155963,0.598376884179957,0.00191958723975302
0.132360796558286,0.00943369093793022,1.36663425859889,0.985694541310892,0.00134184419434555
0.129841469124311,0.0102000827239601,1.89575396548132,0.989413059361289,0.00131228861732673
0.162037703040505,0.0117013582933286,2.19274535151087,1.11669687594765,0.000983422178288345
0.162101204028312,0.0133689706535322,2.22645475129055,1.01479659976887,0.00109262887867123
0.147788739792005,0.0129002018980653,2.35574611128755,0.904880168335305,0.000776655160424373
0.169891520139877,0.0108800874856433,1.2224315783724,1.26672746158245,0.00122769184078828
0.145834596984009,0.0162842163768961,1.40229687859783,0.966546886409346,0.00156879582407078
0.153557078290909,0.0171205868554911,2.65409700516708,0.749553830051739,0.00119212889546381
0.153672505432081,0.00285082437674167,1.29147217417906,1.33773356740452,0.00167737173708838
0.150244577286597,0.0122432102595409,1.19314159710601,1.2659103773595,0.000902673909424314
0.130585512100552,0.0113489361806064,2.59879208402549,0.751406636975512,0.00124004796484823
0.140322208561451,0.00385297973642364,1.71200145614622,1.30955187314148,0.00138063244243773
0.139459874265827,0.0044770918788874,1.37751234476458,1.26829016525805,0.00152896846352979
0.148606060423154,0.0135885247006672,1.90996512754519,0.97115470191746,0.00112615199203812
0.168613811312955,0.0181528147206263,1.98613373937275,1.02016015836106,0.000832422862173561
0.132881371450903,0.0109800371117878,1.78450331658645,0.986372354140218,0.00142347983956769
0.133703446666135,0.00902719698751102,1.60412172770308,1.03697333129662,0.00131711516625487
0.140203126612672,0.00574022079225336,1.62438696264437,1.09349587596143,0.00151831970371687
0.179719879108394,0.0157535932091333,1.59873348879941,1.20157302700853,0.000768257568963228
0.153902083236987,0.011624053229998,1.31325301487173,0.872861511586836,0.0018211128606949
0.149030280767494,-8.4666154566683e-05,1.86148629947465,1.32227279494933,0.00142053166242395
0.133439784632572,0.00797474302143929,1.88339702211516,1.12485034118563,0.00134001428098193
0.161704593893387,0.0116487620584044,1.48329177777067,0.951936619738575,0.00184299700380084
0.169946980238345,0.0041975323196076,1.03567545742963,1.50331399729667,0.00117699151753766
0.164003763242478,0.0123494964714827,1.795150752268,1.18388202212478,0.00103637171423205
0.144929468118115,0.0110549065168708,2.01072876838577,0.823414872249676,0.00139878806867237
0.165929732173584,0.0122371383011798,1.35964764294937,1.11317733252488,0.00111330738388928
0.133359514300965,0.0100900050736911,2.25649705607067,1.15490341652849,0.00129986374460511
0.154196594853811,0.0141102572483643,1.64398393711126,1.01276327208436,0.000972342860386734
0.123358598990182,0.00053254852483196,1.12057410852226,1.27820441125171,0.00194265603346898
0.148390395672235,0.0187024736626544,2.09911831235513,0.730985944480999,0.00113565215988324
0.145697867691504,0.0151803692997491,1.84079042730054,0.90417928137027,0.00128400663386261
0.152125253164767,0.0103250953582048,1.52438344022878,1.18990437469222,0.00127216566875644
0.149745996597467,0.01319052107293,1.98480074873709,0.915238605451822,0.00125284199259544
0.134012107577105,0.00911775226037962,1.31537046448376,1.22667145223681,0.00126429348030716
0.144747830699786,0.00821825626580785,1.35890566996487,1.35355453578989,0.00100142201714591
0.159364992791969,0.0148581397558988,1.43815709669292,1.12667572000174,0.00117075643650058
0.125931345534691,0.0120556964639832,1.52246784795403,1.10894579506689,0.00149118028524067
0.134526435267863,0.00660145672844746,2.32755325677567,0.97442009596497,0.00129910220036506
0.143202327372487,0.0106911065027794,2.23049362912215,0.955748339015074,0.00142871138399171
0.145776096603784,0.0119619807270581,1.80522854921228,1.12057766053758,0.00125262042849447
0.138249064496384,0.00831964933121916,1.56088920229185,1.1570267556151,0.00154590644068077
0.13753079584297,0.0147357088278705,2.32533093275581,0.92812955448549,0.000739193965361039
0.133329586591782,0.00775940358543976,1.49339334981201,1.1791005422899,0.00151037255479016
0.142394168301473,0.00559881672416155,1.04299274323235,1.40319794574105,0.00125713644660833
0.172616605880874,0.00806350091223894,1.26016108550113,1.30731386165047,0.00152120750003403
0.180839028302596,0.0172003693138323,1.58235851794926,0.94357085899504,0.00108885014456528
0.1521219095894,0.00970769619750712,1.87396749564811,1.14416540616054,0.00116994446458737
0.150278753137424,0.0123077561935863,1.72560347128866,1.03579789816731,0.00114502286563074
0.150233054713343,0.00578217685289229,1.66948738784542,1.4660220560856,0.00083651585048257
0.141457861579013,0.0175053538472713,1.81331492464619,0.828662298553519,0.00124910217380757
0.158900670493485,0.0137857880520974,1.73729396543774,1.09025559512771,0.00102990300971389
0.136634771713264,0.0170350282173698,2.31726083572535,0.546700722708573,0.00145806745226063
0.170175222217996,0.0192277403702237,1.85293589223785,0.835290794688378,0.00119566548877118
0.155825413854912,0.00474957608094342,1.50671605281508,1.22379771787991,0.00151718419608058
0.167413997941296,0.00935724162949395,1.1976225594845,1.47177515382922,0.000958717435142988
0.139998475467198,0.0189206863856227,2.30247653634613,0.694494080153419,0.00145773905219376
0.157598329249073,0.0162308264845287,1.92080154839133,0.96895566116651,0.00110625283750104
0.139199194029198,0.0149239349930053,1.54015558280374,1.05117174305213,0.00116089591239709
0.15862978842657,0.0100776997380014,1.93822479361947,1.06832688506073,0.00112457296488992
0.153351203782715,0.000234847683020458,1.8840098232549,1.41782863242833,0.00122544063664279
0.156006831955159,0.0114953296614785,1.25529190402594,1.40204253501807,0.000941939575594272
0.177373813982951,0.0132721388851544,2.112348677748,1.08674479605508,0.00128486516927842
0.148433024204789,0.00287436404734874,1.15107574949209,1.49682087408674,0.00149950466231252
0.167836063455575,0.00186091743720649,1.93020186081242,1.27164157006895,0.00129062577649049
0.143712268186658,0.0238307596042478,2.04215750895539,0.692220184712538,0.00115942818352374
0.154472077373851,0.0114496477816673,1.46732245510542,1.1885140931384,0.00126274837756371
0.148420860985531,0.0186765381739272,1.42877419526997,0.917819432724054,0.000957501467671286
0.128801389292198,0.0114209228093055,1.55192501824709,1.10883881241955,0.00111157982628542
0.156680766067471,0.0119589544074086,1.79177190902001,1.3250967929894,0.000939701254968453
0.142640048159069,0.0150969651054522,1.95562613555511,0.79002543868084,0.00151308742797822
0.177203822563906,0.00261270317297362,1.0147847100108,1.67519106303196,0.000786997544445717
0.143494186613257,0.00642548621545393,1.69163149659473,1.04201523186012,0.0018360888466286
0.148068158696404,0.00276205731470416,2.2148534212647,1.27137834881471,0.00120295237592213
0.141294809800825,0.00664817034818693,1.31124727317871,1.18706745266419,0.00125248090302783
0.153951717690788,0.0138750297552621,1.63670965035668,1.09422238613125,0.00142056467621759
0.127972201856363,0.0208096463937373,2.05293247869757,0.611864762628576,0.000949765443565979
0.150893237810989,0.00826838181420721,1.52582215283928,1.2236661959672,0.00130104094561628
0.148351715137268,0.0130982269393149,2.02547808440609,1.12171180905385,0.00122543874083838
0.141610783255764,0.0116112493640203,2.12038534245018,0.956264013834295,0.00128989431143517
0.151303751035442,0.00826545151421526,1.4928947990552,1.24693132930836,0.00107220053637649
0.168252305458968,0.0113152200614745,1.75744268781927,1.33695655193606,0.000800315844571131
0.142984137723685,0.0118639625069969,1.71240978136635,1.3402003383014,0.000757720371572474
0.135304508900567,0.014908795609519,2.20663510485963,1.16238660931436,0.00087421242840857
0.143922589493814,0.0131114974028655,1.0603900291203,1.12495885752992,0.00131360253871173
0.144978736313959,0.0097765368876885,1.01611357882987,1.20460499667327,0.000970000519735979
0.14410521214392,0.00607195144340361,2.05868832805045,1.20820422596932,0.00140265899727473
0.138036102357894,0.0146601946401538,2.6502332063234,0.808378089119446,0.00136100402679469
0.177579457416088,0.0107800894234482,1.73052836279012,1.37639021702763,0.000734435934158071
0.120378659998216,0.00472618642195579,2.35433297748037,1.11116114894795,0.00109332933796471
0.139650628425352,-0.00314941390170154,1.2708909033528,1.56240462984938,0.0014937022418312
0.15765528573408,0.00857955863739466,1.75719590740878,1.31078754237227,0.00151569038394322
0.145343711539929,0.00626938957100736,1.67219502268442,1.2338321292935,0.00143007078434309
0.158764018899111,0.0177664054383165,2.05950144997469,0.9719557005437,0.000968500682360798
0.138417298646464,0.0107720346676827,1.60281183828479,1.2284472660096,0.000703997249489862
0.151016624673946,0.0180515823656037,2.51151165315443,0.765366183176549,0.00103059579649926
0.152320215441615,0.0122597902608393,1.74493222959348,1.03306301795925,0.00111843745026899
0.15385866024273,0.00803512777112525,0.755098787276514,1.34099266040259,0.00149143288639601
0.163239681068088,0.00895212499790497,1.61985011124611,1.01222913247439,0.00128272377489705
0.14744895608439,0.00863848591925973,1.56906311388792,1.34081322360212,0.00118436999390146
0.115351615234581,0.0167756826005682,2.39717560096331,0.519423800831756,0.00149606465028297
0.17217093376981,0.00966282777565493,1.05725848823865,1.28159081148049,0.00123102179830248
0.136600054138069,0.0121096859309366,1.7445374865825,1.01315227491174,0.00114108022586667
0.153511632845535,0.00387236296289748,2.10351577025062,1.36266524013694,0.0012293408905273
0.143868460786918,0.0237053346455383,2.74964310120812,0.547503901161244,0.00104003594967381
0.178305922468272,0.00640687633211814,2.30936424146745,1.33304314565486,0.000809667173755159
0.135297695785542,0.0119925078955137,1.99940076295172,0.892843277736468,0.00173844825672904
0.16682100481735,0.00970231660455445,1.71658655276433,1.38823260598873,0.00101889095652604
0.149757603499883,0.0231919810708845,1.90481145273834,0.811202385147853,0.0009583019351138
0.141762266001251,0.0188657166474033,2.3671493892243,0.817719261179466,0.000985056928881631
0.119466255928464,0.00789175627816247,2.24752263259823,1.09594010610019,0.0012733760687562
0.146271336888832,0.0163670750749642,2.79793995141796,0.543125087983587,0.00141403575937311
0.127589387427803,0.00943205601034848,1.39304332209937,1.20537854308704,0.000926005185617311
0.136085287974939,0.014888255002117,2.04589931365423,0.925910085705404,0.00117622709737282
0.1482749846538,0.0189722160858463,1.8302210897028,0.739472018759753,0.00154272144344558
0.126317085360882,0.00959043160092359,1.37394593076441,1.11461470837129,0.00164952999761142
0.162214159562214,0.0110213705136074,1.08536699662405,1.2076988605203,0.00116409328129694
0.132744140906482,0.00238403220448419,1.51950165184473,1.32136958032391,0.00166787146420768
0.118412920332269,0.00422811297580426,1.30893420864014,1.08066083586147,0.00158908706813881
0.145674420311304,0.0142135371705485,2.03732285195585,0.97640112352552,0.00118498075013032
0.144631479162615,0.0141733404858751,2.11093840834037,0.842345447169854,0.00135642588809658
0.169048947257537,0.0140222760900674,2.14173165833066,1.08883988983169,0.00115287958434387
0.160961674904487,0.0126651354571077,1.22056615132273,0.99663870066055,0.00118677993419568
0.152163045625853,0.00334839186935062,1.83585413332776,1.28775402083348,0.00141110963597456
0.138925906153653,0.011922921157008,1.40138903465435,1.08987979427919,0.00132601019846092
0.172843572349737,0.0132172982405401,1.4073161286935,1.32172937956188,0.000795519738346363
0.151223095980581,0.0176125470887624,2.44290680208535,0.599943290709902,0.00129935281895751
0.165006323292354,0.018198680616672,1.95301748214378,0.807785297409843,0.00146940606357249
0.131658288713235,0.0170605633044128,2.02164326722809,0.929827435954505,0.0010228620153462
0.14362215614293,0.0109748695113912,2.04620879950507,1.09060037119864,0.00121835198779907
0.175729109537716,0.0143349514045476,1.74822041443692,1.17489896529089,0.000707199278042582
0.127103417446493,-0.000459952221781329,1.29196289649418,1.45966639309889,0.00153509219374197
0.160077604329802,0.0168789809919048,1.77999140614221,0.776862921151441,0.00127935714253468
0.147968143929472,0.00585004126002278,1.78562527052365,1.35952911122004,0.000945488507790177
0.13484540906701,0.0112363190268374,1.72784849205847,1.04366468228525,0.00157897175265113
0.160993032684418,0.0200142788693819,2.02997775191832,0.569384561396887,0.00170749655779525
0.14890914235919,0.0144216083498999,1.1945121594013,1.0636087055034,0.00156390115270239
0.152561284114332,0.00866823024085279,1.93489515501198,1.27583385161081,0.000901245898738301
0.130632777234707,0.0127756081419749,2.54912200278457,0.909933461728419,0.00122181342875301
0.13851603975153,0.0138841682434181,1.83961428406999,0.9164506773125,0.00117402883008034
0.147715261562517,0.00504282331877757,0.56269322895408,1.62701676894576,0.00111644969538459
0.142079766111841,0.00767316180080665,2.11042659637144,1.07150412700919,0.00113394176287871
0.150232034160695,0.00536118842956365,1.45364975064093,1.39124990248547,0.0010228688349448
0.142909876943234,0.0125212085938547,1.36804757896679,1.23187162807291,0.00114456585749679
0.132237661578257,0.0129590211022667,1.89209217698901,0.955070776140113,0.00171539841020052
0.104938883037314,0.00748459190956305,2.64697255957999,0.777622954106472,0.00167677298497689
0.160416115254133,0.00504386823482396,1.13322893905102,1.52668801946645,0.00112195803361779
0.159449096582562,0.0170229442434977,2.32844428255227,1.02078028835647,0.000961195390901868
0.175936988188252,0.0110270542146154,1.53574314374,1.11446435519045,0.00123737203425777
0.142833979902019,0.0203335058737878,1.8484582161084,0.769244537910311,0.00134472673386681
0.15087420604528,0.0203963026814497,2.62464459498203,0.797094566780682,0.000923969877415787
0.146607986076897,0.0172635626595699,2.36621696437006,0.736464802166149,0.000928103941137066
0.179423770348905,0.0134530875744416,1.29773445594608,1.02384647909455,0.00123341692417672
0.133571612988576,0.0128305297508073,1.37225305525932,1.00388828072711,0.00152859000854764
0.145899864980671,0.0139513501491693,2.57707155922512,1.00783525373449,0.000722616584657898
0.157582333199462,0.00664787007268419,0.988712263442111,1.2939121914748,0.000998620964113162
0.14635108066493,0.0141940745196892,1.90934350829135,0.905365572748565,0.00154947256196597
0.15751625763226,0.0122392362577795,1.3809506376631,1.31728164205418,0.000813772144619705
0.147316940433703,0.00958118108532263,1.85609183723431,1.13335539718403,0.00111504943357406
0.140342097822931,0.00732461173538025,1.75989318209143,1.25647905818179,0.0010975422264875
0.140062763260928,0.016499857084179,2.49947822566292,0.957742324017977,0.00103414117497633
0.146821755919063,0.0126088772094201,1.6751797003428,1.1520831017055,0.00129429449444009
0.143855601991886,0.00846936019785452,1.7243858852349,1.22776329688336,0.00122033791375557
0.116222047182,0.019987309801444,2.24805144267056,0.699035861802186,0.00134107442778677
0.137317322671049,0.0133190948512036,1.35410125047465,0.943973627217635,0.0014496698213991
0.151943049568917,0.00912254345888123,1.81443325103302,1.26764959675703,0.000963077659055766
0.160787916097099,0.0158112634823204,1.76367661101212,1.00855002758375,0.00154866076292444
0.145075370671079,0.0147779209101448,1.83478165093009,0.985310305672208,0.00142163668500899
0.159511169911348,0.0134641269207572,1.44091772797249,1.16424528456253,0.000948083617227793
0.130053258819689,0.00741485075805217,1.48590051167661,1.00085269015475,0.00186642935843565
0.160324559081479,0.0176696911237015,1.24954731609059,1.07894994509282,0.00110785035738682
0.169954414011518,0.011304225266805,1.70966211376378,1.34063775381956,0.000763753046100274
0.161316564294031,0.0178039264289135,2.06635465506885,0.784663448332512,0.00142485006455638
0.174692180572404,0.0196638977311042,1.47219975159715,0.859276282051923,0.000689231628057462
0.135391553984923,0.0104281643460182,1.41610669736622,1.40306386032442,0.000769703812117875
0.12619241716988,0.00753358826300169,2.08911080491607,0.969934466132753,0.00156769896987163
0.160709134632837,0.011814700797377,1.56121488019822,1.30735976814897,0.000892935548451138
0.152287823666114,0.00472447488553723,1.46695367650001,1.34684789141209,0.00174685961798613
0.175497223983152,0.00799627495459765,1.92552311908144,1.46037538481433,0.000624517874155093
0.145327765214877,0.00648179720038807,1.58161882176053,1.21964521273472,0.00148066727404851
0.15119491715317,0.0112140592636284,2.0881738329375,0.9971494197093,0.00122958027833335
0.159408079261496,0.00717502604618651,1.46218311027022,1.51154293260557,0.000939700218595439
0.110481767621334,0.0028258109307996,1.61910681016142,1.49241631531369,0.00120025282308111
0.158511644598966,0.00721830123469234,1.70135198450372,1.3084906828031,0.000953427548575527
0.1478558640227,0.00733497824827814,2.08552167708763,1.06431918270072,0.00190149996758332
0.1611115337845,0.0132537133633081,1.97735259074033,1.13269589322033,0.000933986193726691
0.139776317067902,-0.00398034887451554,1.25733289298734,1.47158284758671,0.00174212430273461
0.148064951970268,0.0128898037644931,1.64479198686731,1.12900115506569,0.0011555771973558
0.138450249269016,0.004286045668812,1.51988699450274,1.18997541424385,0.00139397576341549
0.151763641089484,0.0181509026394783,2.37618265797127,0.737214665006922,0.00127066426850758
0.166152373945862,0.00105856800760809,1.32137509454101,1.60880200187715,0.00113275835857968
0.153914555204877,0.0175803788513437,1.92193200282469,0.818753413283505,0.00117565293934563
0.141852140091317,0.0129084182007803,1.80031239382101,1.09875730475779,0.00130124962930676
0.170511286342417,0.00655939059969501,1.46693588885539,1.41542188297364,0.0010346756774908
0.151075319189522,0.013603051095393,2.83371915978136,0.992084110434181,0.000897738253882207
0.142280189273155,0.00694936889243279,1.4459798928442,1.54753806186302,0.00075320844045133
0.134782191615348,0.0195783024458568,3.05174183349589,0.504277017761315,0.00109533694019084
0.158810219504552,0.0138622192553166,1.89792816633527,1.09690501853133,0.000880757048844925
0.162737479926553,0.00807289516789334,2.52565412876679,1.26981916990084,0.000777192641626546
0.132101655156814,0.00896732111669839,0.699893248893714,1.33507122246517,0.00144253617883043
0.143412210140022,0.0150638056886665,1.91840672014335,0.828603958344817,0.00155763480983598
0.153095751454745,0.0100136243251961,1.27763078859622,1.04424162481121,0.00196955427033519
0.182265914842134,0.00803730678435574,1.35064048107901,1.56466561278771,0.000680568866670003
0.167474805079843,0.0149702489679597,1.84978505222972,1.37049885859643,0.000528175135213664
0.148975063849034,0.00996241247477498,1.52715539125199,1.03008998934431,0.00154277879487331
0.144462781457805,0.0038431582263769,2.03945272314062,1.23022021189248,0.0013176225947095
0.158403973194065,0.00675734280155533,0.758774619839447,1.22365887697023,0.00177983334386608
0.177303185668517,0.00540360093166729,1.67094238099483,1.39121996937813,0.000912841463847886
0.1700919240042,0.0205821551115787,2.21304111350987,0.734487622035733,0.00137560290427067
0.12762459140592,0.00224625523459163,1.31020650460002,1.38906594886295,0.00121706704898646
0.149174604643179,0.00216899933199309,1.56047932895761,1.67569833999166,0.00135547524680592
0.165826375328613,0.016598232460321,1.89566066215351,0.798240378066522,0.00131162561907998
0.164257295972602,0.0162714291186489,1.73584202329711,1.10033453310874,0.000727376897247146
0.16305312040775,0.00674764830530788,1.70011758747921,1.52282754289801,0.000692521890724013
0.149770645841268,0.00695971945525904,2.08105100332227,1.08481372950574,0.00121155090720716
0.114284343993814,0.018316016664994,1.98175107774462,0.64100693957207,0.00150951107570163
0.166752297648507,-0.000303726559043064,2.15309801074072,1.39535498188924,0.00111931583305238
0.155916303122458,-1.30476472689749e-05,1.58576396353829,1.64743901052213,0.000831115080834885
0.177100782926804,0.0194196600161077,1.56564040038049,1.00728765056008,0.000659898417597123
0.124615560707572,0.0126039293587983,2.15942899834873,0.765514125133135,0.00152695498286054
0.131545565040807,0.00275657116531874,0.778338764730495,1.43081770413035,0.00182629772838864
0.151950573914368,0.0144481546812982,1.78777683760011,0.771014893069902,0.00141141967909282
0.124378257063043,0.00671614716595537,2.07163536609319,0.866557400328358,0.00181748866067258
0.171985969108766,0.0122315123991418,1.70239283839381,1.28571013558877,0.00090788022823594
0.114623554508477,0.00765035187292843,2.16147233192471,1.02598041054278,0.00159393783938935
0.140819997979647,0.00709596548349316,1.48884333086568,1.02102598989365,0.00122613107062797
0.162203369388876,0.0193605251172923,1.82194559917188,0.92198689554202,0.0014324761348853
0.138350800163791,0.0142997063791067,1.74586819995181,0.695803047029122,0.00161466765987721
0.13624136142787,0.00459778731427776,1.09666929481967,1.30393918231991,0.00154317030893785
0.136203616448149,0.00965172074468324,1.13202882567342,1.26058658604169,0.00131013619471526
0.142296779551316,0.00568599736749611,1.56789783826409,1.0914625363711,0.00149649309585443
0.153236045413205,0.019000474783639,2.35442208716391,0.94968912878646,0.000742239245278495
0.165213280194074,0.0107381892271363,1.58585699624021,1.3106732634836,0.0012195725743029
0.166574639869009,0.0114283318475221,2.08544554926308,1.01216525262111,0.00105435417519336
0.158316926791947,0.00835396898013528,1.68429639283031,1.37015712299425,0.000896599013284756
